text,category
what alarms do i have set right now,alarm_query
checkout today alarm of meeting,alarm_query
report alarm settings,alarm_query
see see for me the alarms that you have set tomorrow morning,alarm_query
is there an alarm for ten am,alarm_query
confirm the alarm time,alarm_query
show my alarms,alarm_query
at what time have you set alarm for me,alarm_query
please list active alarms,alarm_query
please tell me about upcoming alarms,alarm_query
what alarms have i set for tomorrow,alarm_query
have i set any alarm for today,alarm_query
what alarms do you have set,alarm_query
show me all scheduled alarms,alarm_query
could you tell me about the alerts i have set,alarm_query
show me my alarms i have set,alarm_query
do i have any alarms for tomorrow morning,alarm_query
what alarm do i have set for today,alarm_query
what alarms have been set for me,alarm_query
list all set alarms,alarm_query
please tell me my alarms,alarm_query
what is the wake up time for my alarm i have set for the flight this weekend,alarm_query
did i set an alarm to wake up in the morning,alarm_query
what times do my alarms go off,alarm_query
what time is my wakeup alarm set for,alarm_query
please read out all the alarms that are set,alarm_query
what time are my alarms set for,alarm_query
how many alarms do i have set,alarm_query
are there any alarms currently set,alarm_query
confirm alarm for tomorrow morning,alarm_query
do i have an alarm set for morning flight,alarm_query
what's my next scheduled alarm,alarm_query
do i have any alarms set for tomorrow,alarm_query
please check alarms,alarm_query
what alarms do i have set,alarm_query
do i have an alarm set,alarm_query
show me the list of alarms,alarm_query
just to confirm you set the alarm to go off at eight hundred,alarm_query
did i set my house alarm,alarm_query
what are the next three alarms set to go off,alarm_query
check if alarm is set for six am,alarm_query
is the alarm to the backdoor set and ready to go,alarm_query
what time do i have my alarm set for tomorrow,alarm_query
what's the description for the alarm at eleven am,alarm_query
are there any alarms set,alarm_query
are there any alarms set right now,alarm_query
are there any alarms,alarm_query
do i have alarms set for today,alarm_query
how many alarms are listed,alarm_query
remind me about my alarms today,alarm_query
list alarms,alarm_query
how many alarms do i have,alarm_query
just see for me the alarms that you have set today morning,alarm_query
what alarms are on right now,alarm_query
please tell about the alarms,alarm_query
review set alarms,alarm_query
is my work alarm set for tomorrow,alarm_query
what alarms are set,alarm_query
what time are my alarms,alarm_query
which alarms are set in the phone,alarm_query
is my alarm set for tomorrow morning,alarm_query
check if any alarm is there after five am,alarm_query
what alarms do i have set for thursday,alarm_query
checkout today set alarm of ten am,alarm_query
is my school alarm set,alarm_query
tell me if my alarm is set for the morning,alarm_query
do i have an alarm set for tomorrow,alarm_query
what alarms do i have,alarm_query
when was the last alarm set,alarm_query
today how many alarms do i have set,alarm_query
how many alarms do i have set for morning hours between six and nine am,alarm_query
what is tomorrow's alarm time set to,alarm_query
please let me know the morning alarm time for weekdays,alarm_query
read me my alarms,alarm_query
is there any alarm after five am,alarm_query
what days are my alarms set for,alarm_query
confirm i have set an alarm for six am,alarm_query
what alarms did i set,alarm_query
what alarms do i got,alarm_query
show me the alarms that are set,alarm_query
tell me about alarms,alarm_query
checkout today third set alarm,alarm_query
how many alarms are currently set,alarm_query
are there any alarms set what are they,alarm_query
is my alarm set,alarm_query
tell me what alarms are set for me,alarm_query
next alarm,alarm_query
when is the next alarm,alarm_query
show alarms,alarm_query
let me know about any alarms set today,alarm_query
confirm my alarm settings,alarm_query
give me the alarm times for the next two days,alarm_query
what alarms are set in the house,alarm_query
do i have any alarms,alarm_query
have i set any alarms in the morning,alarm_query
check if i have set any alarm for morning,alarm_query
list all of my upcoming alarms,alarm_query
my alarms,alarm_query
do i have any alarms set for six am tomorrow,alarm_query
how many alarms are currently on my phone,alarm_query
any alarms currently listed,alarm_query
did i remember to set a reminder alarm for my next doctor's appointment,alarm_query
what time is set for my wake up alarm,alarm_query
what alarms are set for this week,alarm_query
what is on my alarm schedule,alarm_query
show me all of my active alarms,alarm_query
what alarms are currently set,alarm_query
review the alarms i have,alarm_query
what's the alarm situation for tomorrow,alarm_query
i want to see all set alarms,alarm_query
do i have an alarm set for today,alarm_query
at what time is my alarm set,alarm_query
can you tell me if i have any alarms set,alarm_query
did I set an alarm to have tablets in the noon,alarm_query
which alarms do i have,alarm_query
show me the alarms i set,alarm_query
what time is my alarm set for,alarm_query
is my wake up alarm set a six am,alarm_query
what home alarms have been set,alarm_query
please read me my alarms,alarm_query
what times are my alarms set for,alarm_query
when will my alarm go off in the morning,alarm_query
do i have any alarms set for today,alarm_query
show me what alarm times i've set for the week,alarm_query
list current set alarms,alarm_query
are there any alarms going off today,alarm_query
show me the alarms i've set,alarm_query
my set alarms,alarm_query
what alarms will wake me up tomorrow,alarm_query
have i got any alarms set,alarm_query
what alarms i have set,alarm_query
tell me about the alarm timings,alarm_query
alarms,alarm_query
when does my alarm go off,alarm_query
would you please check to see if i've set my alarm for tomorrow morning,alarm_query
alarm status,alarm_query
what time have you set the alarm,alarm_query
list my different alarm,alarm_query
what time i am waking up tomorrow,alarm_query
what alarms did i set today,alarm_query
what alarms are coming up,alarm_query
if there any alarm is set then let me know,alarm_query
review all alarms,alarm_query
is the alarm set for tomorrow morning,alarm_query
what time is alarm set for,alarm_query
do i have alarms set,alarm_query
what time is my alarm set for tomorrow morning,alarm_query
is my reminder alarm set for dance class,alarm_query
when is my alarm set for,alarm_query
what time will my alarm wake me up,alarm_query
how many alarms are set,alarm_query
how many alarms have i set,alarm_query
what time will my alarm go off today,alarm_query
please let me know the alarm kept for tuesday's meeting,alarm_query
let me know about the alarms you set,alarm_query
what alarms do i have set for today,alarm_query
what's my next alarm,alarm_query
let me see my alarms,alarm_query
delete alarm,alarm_remove
remove the latest alarm,alarm_remove
stop wake up calls for this week,alarm_remove
remove the first alarm,alarm_remove
remove my earliest alarm for tomorrow,alarm_remove
kickball is over i do not need the alarm for kickball on wednesday evening any longer,alarm_remove
remove all alarms,alarm_remove
take off my alarms,alarm_remove
cancel my seven am alarm,alarm_remove
disable all alarms set for today,alarm_remove
olly cancel alarms,alarm_remove
snooze all today's alarms permanently,alarm_remove
remove my work alarm,alarm_remove
one pm removed,alarm_remove
olly cancel yoga alarms,alarm_remove
do not wake me up on weekends,alarm_remove
remove wake up calls for this week,alarm_remove
cancel my alarm for tomorrow morning,alarm_remove
reset the alarm,alarm_remove
remove tomorrow's alarm,alarm_remove
remove my four am alarm,alarm_remove
cancel my eight am alarm,alarm_remove
delete the meeting alarm at two pm on tuesday,alarm_remove
please remove this alarm,alarm_remove
remove six am alarm of whole week for future,alarm_remove
twelve am removed,alarm_remove
cancel my three pm alarm,alarm_remove
please remove the alarm which i set for today morning,alarm_remove
cancel alarm for tomorrow,alarm_remove
remove number three alarm of list,alarm_remove
cancel wake up calls for this week,alarm_remove
please remove the the alarm which i set,alarm_remove
Get rid of my current alarms,alarm_remove
please remove the alarm that is set for weekdays at nine,alarm_remove
remove tuesday alarm of nine am,alarm_remove
get rid of my eight am alarm,alarm_remove
clear my nine am alarms,alarm_remove
remove alarm of six am on tuesday,alarm_remove
turn off all of my alarms,alarm_remove
get rid of my wake up alarm set for saturday,alarm_remove
disable alarm for three pm,alarm_remove
remove set alarm,alarm_remove
remove the alarm set for ten pm,alarm_remove
remove all alarm of sunday,alarm_remove
do not wake me up tomorrow,alarm_remove
please remove the alarm set for wednesday called kickball,alarm_remove
forget alarm,alarm_remove
set off this alarm,alarm_remove
turn off my alarm,alarm_remove
cancel all alarms,alarm_remove
remove all alarms set today,alarm_remove
two am removed,alarm_remove
take away my alarm for tomorrow at four thirty am,alarm_remove
turn off any morning alarms after Friday,alarm_remove
please remove any alarms that i have set,alarm_remove
remove my wake up alarm,alarm_remove
change my alarm,alarm_remove
please turn off my alarm for this evening,alarm_remove
turn off the alarm for tomorrow morning,alarm_remove
change the alarm weekly settings,alarm_remove
remove my early alarms,alarm_remove
please remove my alarm,alarm_remove
get rid of the five pm alarm,alarm_remove
disable the first alarm,alarm_remove
i would like this alarm permanently removed,alarm_remove
remove all alarms if any,alarm_remove
i no longer need the daily five pm alarm,alarm_remove
remove the alarm set for four hundred am,alarm_remove
stop seven am alarm,alarm_remove
disable my three pm alarm,alarm_remove
remove my bedtime alarm,alarm_remove
turn off all alarms,alarm_remove
remove alarms set for tomorrow,alarm_remove
olly cancel all soccer practice alarms,alarm_remove
remove my eight pm alarm and set it to seven pm,alarm_remove
remove alarm if any,alarm_remove
cancel the alarm that is set for tomorrow at eight am,alarm_remove
delete the first alarm,alarm_remove
remove alarm,alarm_remove
unset all alarm which is set,alarm_remove
can you please remove the alarm,alarm_remove
cancel alarm for tenth of march two thousand seventeen,alarm_remove
this alarm needs to be permanently silenced,alarm_remove
remove the alarm for tomorrow,alarm_remove
i dont want any alarms,alarm_remove
delete my eight pm alarm,alarm_remove
remove finlee's bedtime alarm,alarm_remove
reset alarm,alarm_remove
remove the alarm,alarm_remove
remove my morning alarm,alarm_remove
delete my alarm for eight am,alarm_remove
remove my alarm for tomorrow morning,alarm_remove
remove seven am alarm,alarm_remove
cancel the alarm at four am ten pm,alarm_remove
turn off the alarm,alarm_remove
snooze,alarm_remove
Set a alarm for the day,alarm_set
set an alarm for tomorrow at six in the morning,alarm_set
put an alarm and wake me up at six am tomorrow morning,alarm_set
set alarm at five am,alarm_set
update alarm,alarm_set
set new alarm on five am,alarm_set
please set alarm for,alarm_set
please arrange to wake me up at three am alarm,alarm_set
set the alarm for tomorrow five am,alarm_set
set an alarm for me at eight am,alarm_set
set an alarm forty minutes from now,alarm_set
set an alarm for me for tomorrow at seven pm,alarm_set
set an alarm for two pm,alarm_set
set an alarm for five minutes from now,alarm_set
set alarm for tomorrow morning at six am,alarm_set
i want an alarm for three today,alarm_set
set alarm at nine am on next sunday,alarm_set
set alarm for eight am,alarm_set
set a continuous alarm without the option to snooze for seven am please,alarm_set
please set an alarm for tomorrows meeting at seven am,alarm_set
set an alarm for eight pm,alarm_set
set my calendar for an alarm at five pm tuesday,alarm_set
turn my morning alarm on,alarm_set
tell me when it is five pm,alarm_set
two pm set,alarm_set
set alarm for six am tomorrow,alarm_set
set up an alarm clock at one pm,alarm_set
i need to get up at seven am,alarm_set
i need to get going at eight am tomorrow set up an alarm thirty minutes before that,alarm_set
let me know when it is ten,alarm_set
set the alarm for five am,alarm_set
set alarm of every tuesday of march month morning eight am,alarm_set
wake me up at six am,alarm_set
set a new alarm for that time,alarm_set
set alarm for one hour from now,alarm_set
schedule an alarm for next weeks dentist appointment,alarm_set
alarm for ten am,alarm_set
please we're the following alarm,alarm_set
set an alarm for the dance classes two hours before the classes start,alarm_set
set my alarm for twelve pm,alarm_set
wake me up at five am,alarm_set
set the alarm tone,alarm_set
olly set my alarm to go off in an hour,alarm_set
please wake me up at eight am,alarm_set
make an alarm for four pm,alarm_set
wake me up at four am,alarm_set
fix an alarm,alarm_set
set an alarm for seven am,alarm_set
set alarm for this event reminder repeating for ten times,alarm_set
set an alert for two pm,alarm_set
i need to get up at ten tomorrow,alarm_set
get me up at eight am,alarm_set
set alarm for tomorrow at two pm,alarm_set
please set my alarm clock for eight am,alarm_set
set an alarm for next tuesdays meeting,alarm_set
set alarm at ten am,alarm_set
please create a new alarm,alarm_set
alert me at three pm to goto the concert,alarm_set
make a new alarm,alarm_set
please set a reminder alarm for three pm on Saturday,alarm_set
open clock,alarm_set
set alarm for tomorrow six am,alarm_set
set my alarm for tuesday at six pm,alarm_set
alert me at five hours,alarm_set
one am set,alarm_set
set alarm to begin,alarm_set
set the alarm for nine am on weekends,alarm_set
add an alarm for tomorrow morning at six am,alarm_set
please set an alarm at six am,alarm_set
set an alarm for tomorrow morning at eight,alarm_set
ring the alarm when i get home,alarm_set
set my alarm for time,alarm_set
set an alarm for ten o'clock tomorrow morning,alarm_set
alarm set,alarm_set
i want an alarm for six am everyday,alarm_set
add a five am alarm in place of my nine pm alarm,alarm_set
remind me at one thousand three hundred,alarm_set
alarm,alarm_set
make an alarm,alarm_set
please set alarm for all days,alarm_set
wake me up at seven am,alarm_set
is my alarm set for seven am,alarm_set
can you set an alarm for me,alarm_set
create event with alarm for meeting in two hours,alarm_set
set my alarm for six am tomorrow,alarm_set
wake me up in thirty minutes,alarm_set
schedule an alarm to wake me up after three hours,alarm_set
set an alarm,alarm_set
make an alarm for me at five am tomorrow,alarm_set
set alarm for twelve weeks from today at eight am,alarm_set
wake me up at time,alarm_set
set wake up Thursday seven am,alarm_set
please set my alarm for five pm,alarm_set
get me up in half an hour,alarm_set
wake me up at this time,alarm_set
wake me up at ten,alarm_set
set an alarm for five hundred and thirty,alarm_set
put alarm at five am,alarm_set
wake me up on Friday at five in the morning i need to catch the train,alarm_set
set an alarm for seven thirty am,alarm_set
please ring the wake up alarm at eight am next saturday,alarm_set
create an alarm for six am,alarm_set
i need an alarm set for five hundred and thirty am tomorrow,alarm_set
set a repeating reminder alarm for the facebook event i have to attend on seventh april,alarm_set
set alarm on twenty fifth may at five pm,alarm_set
please wake me up at seven thirty am,alarm_set
set an alarm for eight am,alarm_set
alarm five pm tuesday,alarm_set
wake me up at five thirty,alarm_set
set my alarm for eight am,alarm_set
set my alarm for six thirty in the morning tomorrow,alarm_set
set the time,alarm_set
i need an alarm,alarm_set
wake me up,alarm_set
i need a six am wakeup call,alarm_set
wake me up at five am this week,alarm_set
set alarm for saturday morning soccer practice at eight am,alarm_set
can you set my alarm for seven thirty am,alarm_set
set alarm at two am,alarm_set
please set the alarm for eight pm wednesday evening,alarm_set
could you please set an alarm at six am,alarm_set
set an alarm for four in the afternoon,alarm_set
set a reminder i need to wake up at five am every morning,alarm_set
please set an alarm at seven am tomorrow morning,alarm_set
create an alarm for today at ten am,alarm_set
i need you to set an alarm,alarm_set
make an alarm to help me remember,alarm_set
set an alarm for two hours from now,alarm_set
set alarm for nine am,alarm_set
set an alarm at six in the morning,alarm_set
set an alarm for two hours from now please,alarm_set
set an alarm at six am,alarm_set
place alarm at five o'clock morning,alarm_set
wake me up at five hundred and thirty,alarm_set
i want to wake up at six am tomorrow please,alarm_set
call me at six am,alarm_set
set an alarm for one hour from now,alarm_set
new alarm for six am,alarm_set
i need a reminder alarm at one,alarm_set
please set alarm at five pm,alarm_set
set an eight hundred am alarm for next tuesday,alarm_set
set alarm for reminder,alarm_set
make an alarm for three pm,alarm_set
the set alarm for nine pm on Thursday night,alarm_set
please make me wake up at four am tomorrow,alarm_set
remind me at five pm,alarm_set
turn on alarm thirty minutes before liverpool started to play,alarm_set
set an alarm for thursday at seven pm,alarm_set
alarm me at eight am,alarm_set
wake me at seven am,alarm_set
set an alarm at ten tomorrow to remind me a meeting,alarm_set
set an alarm at six am tomorrow,alarm_set
i need an alarm for sunday at eight am can you please set one for me,alarm_set
turn on my alarm,alarm_set
remind me at six thirty pm,alarm_set
add alarm,alarm_set
can you set the alarm for one hundred and thirty,alarm_set
alarm time for twelve pm,alarm_set
wake me at daybreak,alarm_set
decrease the volume,audio_volume_down
lower volume to half,audio_volume_down
could you please lower your volume,audio_volume_down
turn down the speakers,audio_volume_down
please slow down volume of speaker,audio_volume_down
start the radio now on low volume,audio_volume_down
set the volume to low,audio_volume_down
lessen the speaker volume,audio_volume_down
please speak quieter to me,audio_volume_down
can you turn that down,audio_volume_down
please reduce the sound,audio_volume_down
slow the volume speaker,audio_volume_down
you're too loud,audio_volume_down
talk quieter please,audio_volume_down
down the volume,audio_volume_down
quieter,audio_volume_down
please change the volume low of the speakers,audio_volume_down
lower volume of music player,audio_volume_down
please turn the volume down,audio_volume_down
lower volume,audio_volume_down
decrease twenty percent,audio_volume_down
it's really loud can you please turn the music down,audio_volume_down
decrease the volume to ten,audio_volume_down
turn down the sound,audio_volume_down
down,audio_volume_down
turn down the volume,audio_volume_down
please lower the speaker volume,audio_volume_down
decrease speaker volume,audio_volume_down
i want to slow down my speaker,audio_volume_down
turn down volume twenty percent,audio_volume_down
too loud,audio_volume_down
turn_down speakers,audio_volume_down
your volume is too high please repeat that lower,audio_volume_down
speak quieter,audio_volume_down
speak softer please,audio_volume_down
I need the volume to be quieter,audio_volume_down
lower the volume ten percent,audio_volume_down
make the volume lower,audio_volume_down
slow down the speaker volume,audio_volume_down
lower audio,audio_volume_down
cut down the volume,audio_volume_down
decrease volume to very soft,audio_volume_down
low the volume,audio_volume_down
lower speaker volume,audio_volume_down
turn off the bass from the audio,audio_volume_down
Please lower the volume,audio_volume_down
turn speaker volume down,audio_volume_down
please adjust the speakers to a lower more comfortable level,audio_volume_down
lower the volume on the speakers,audio_volume_down
please turn down the volume,audio_volume_down
turn the volume down,audio_volume_down
turn the volume down a little please,audio_volume_down
decrease volume,audio_volume_down
lower the speakers,audio_volume_down
lower the volume of the speakers,audio_volume_down
lower your volume please,audio_volume_down
turn down media volume,audio_volume_down
lower the volume,audio_volume_down
please decrease the volume of music player,audio_volume_down
lower the volume please,audio_volume_down
can you make it a little quieter,audio_volume_down
lower all volume on speakers please,audio_volume_down
volume down,audio_volume_down
please reduce the speaker volume,audio_volume_down
speaker volume decrease,audio_volume_down
go silent until three pm,audio_volume_mute
please do not talk for thirty minutes,audio_volume_mute
Silence speakers,audio_volume_mute
silently adjust,audio_volume_mute
turn off audio,audio_volume_mute
set to mute,audio_volume_mute
keep quiet,audio_volume_mute
please stop for a bit,audio_volume_mute
Please pause the song,audio_volume_mute
off the speakers,audio_volume_mute
be silent for thirty minutes,audio_volume_mute
can you place the sound on mute,audio_volume_mute
stop making sounds for forty minutes,audio_volume_mute
mute volume,audio_volume_mute
please be silent until i tell you not to be,audio_volume_mute
i want to mute the speaker,audio_volume_mute
silent mode,audio_volume_mute
mute yourself when i am in a meeting,audio_volume_mute
please pause yourself,audio_volume_mute
please keep quiet for the next hour,audio_volume_mute
mute the living room speakers,audio_volume_mute
down the speaker volume at the end of level,audio_volume_mute
set the speakers to mute,audio_volume_mute
please mute the volume control,audio_volume_mute
turn on silent mode until my alarm goes off,audio_volume_mute
pause the music,audio_volume_mute
silent,audio_volume_mute
go silent for a day,audio_volume_mute
mute for volume,audio_volume_mute
set mute mode for one hour,audio_volume_mute
can you mute when i am not home,audio_volume_mute
mute please,audio_volume_mute
please be quiet for another hour,audio_volume_mute
set to silent for five minutes,audio_volume_mute
silence please,audio_volume_mute
stop playing,audio_volume_mute
mute the audio,audio_volume_mute
mute the settings,audio_volume_mute
mute the volume,audio_volume_mute
please quiet the speaker,audio_volume_mute
silence for two hours,audio_volume_mute
please stop talking,audio_volume_mute
mute for two hours,audio_volume_mute
activate silent,audio_volume_mute
mute for fifteen minutes,audio_volume_mute
silence,audio_volume_mute
do not speak today,audio_volume_mute
turn off the sounds,audio_volume_mute
mute the speaker please,audio_volume_mute
help me to mute my speaker,audio_volume_mute
can you mute my speaker,audio_volume_mute
google please be extra quiet the baby is sleeping,audio_volume_mute
mute enabled until i say so,audio_volume_mute
please hold for the next hour,audio_volume_mute
disable music player,audio_volume_mute
mute the sound,audio_volume_mute
set the settings to mute,audio_volume_mute
quiet mode on until i am home from work,audio_volume_mute
turn the vibrate off from speaker,audio_volume_mute
mute sound on speakers please,audio_volume_mute
don't speak for an hour,audio_volume_mute
set music system to mute,audio_volume_mute
stay quiet,audio_volume_mute
set volume to zero,audio_volume_mute
please mute my speaker,audio_volume_mute
speakers off,audio_volume_mute
please do not speak,audio_volume_mute
quiet on,audio_volume_mute
no speaking please,audio_volume_mute
i would like to mute the speakers please,audio_volume_mute
please mute the sound,audio_volume_mute
please shut off,audio_volume_mute
from now on mute,audio_volume_mute
please unmute yourself,audio_volume_mute
mute speakers,audio_volume_mute
will you please mute my speakers,audio_volume_mute
mute speakers please,audio_volume_mute
mute sound,audio_volume_mute
quiet,audio_volume_mute
sound off,audio_volume_mute
silence for certain amount of hours,audio_volume_mute
please you don't speak in eight to ten pm,audio_volume_mute
mute,audio_volume_mute
mute all responses now,audio_volume_mute
be mute,audio_volume_mute
shut up,audio_volume_mute
don't make any sounds,audio_volume_mute
turn sound off,audio_volume_mute
silent mode on for the next three hours,audio_volume_mute
cut off noise,audio_volume_mute
touch the mute button,audio_volume_mute
get yourself muted,audio_volume_mute
be quiet,audio_volume_mute
mute yourself until five pm,audio_volume_mute
don't speak for a while,audio_volume_mute
i've got a meeting by tonight seven pm please mute the music for an hour,audio_volume_mute
quiet mode four hours,audio_volume_mute
turn down the noise,audio_volume_mute
please change the volume to mute,audio_volume_mute
mute for the next hour please,audio_volume_mute
please mute yourself,audio_volume_mute
hey olly mute the speakers,audio_volume_mute
mute the speakers,audio_volume_mute
goodnight,audio_volume_mute
it's quiet time,audio_volume_mute
turn off speaker,audio_volume_mute
mute yourself until i say otherwise,audio_volume_mute
mute audio,audio_volume_mute
don't talk until i ask you to,audio_volume_mute
please be quiet for the next two hours,audio_volume_mute
mute volume now,audio_volume_mute
don't respond for fifty seconds,audio_volume_mute
do not talk,audio_volume_mute
quiet time,audio_volume_mute
mute for one hour,audio_volume_mute
please be silent,audio_volume_mute
please do not respond,audio_volume_mute
volume control,audio_volume_mute
can you set radio to mute,audio_volume_mute
please mute the television for one hour,audio_volume_mute
can you please be muted for a while,audio_volume_mute
i'm in a meeting please do not speak,audio_volume_mute
turn the volume off,audio_volume_mute
sound off please,audio_volume_mute
i want you to mute,audio_volume_mute
do not make any noise until morning alarm,audio_volume_mute
mute for twenty minutes,audio_volume_mute
stop the audio,audio_volume_mute
turn up radio volume,audio_volume_up
i can't hear you speak up,audio_volume_up
Speak louder please,audio_volume_up
increase the volume please,audio_volume_up
please increase the volume of the current song,audio_volume_up
adjust media volume up,audio_volume_up
bring back talking after,audio_volume_up
unmute my sound,audio_volume_up
please increase volume in music player,audio_volume_up
raise the volume of the speakers to fifty five percent,audio_volume_up
Hey turn the volume high,audio_volume_up
hello beef up the volume a little bit,audio_volume_up
can you speak a little louder,audio_volume_up
please raise the volume of speaker,audio_volume_up
louder,audio_volume_up
i cant hear a thing,audio_volume_up
set the volume higher,audio_volume_up
i need you to have the volume louder,audio_volume_up
turn up the volume of my speakers,audio_volume_up
please unmute the settings,audio_volume_up
the volume of the music playing now should be raised,audio_volume_up
raise the volume of the speakers,audio_volume_up
turn my audio higher,audio_volume_up
can you increase the volume of the speakers,audio_volume_up
raise the volume to fifty,audio_volume_up
Volume louder softer,audio_volume_up
i need to hear the volume of the current music,audio_volume_up
please increase the volume,audio_volume_up
could you please yell the answer out to me,audio_volume_up
please speak loud,audio_volume_up
on the music player set the volume level at sixty,audio_volume_up
raise speaker volume,audio_volume_up
raise the volume of the current music,audio_volume_up
turn up volume of music,audio_volume_up
raise your volume,audio_volume_up
can you turn up the volume on itunes,audio_volume_up
louder volume please,audio_volume_up
volume louder please,audio_volume_up
turn up media volume,audio_volume_up
could you speak up,audio_volume_up
increase the volume of the speaker,audio_volume_up
make the speaker volume on maximum,audio_volume_up
i need to hear sound on my speakers,audio_volume_up
up the volume the sound is too low,audio_volume_up
audio on,audio_volume_up
speak louder,audio_volume_up
i can't hear you,audio_volume_up
turn up your volume,audio_volume_up
turn up the volume,audio_volume_up
please increase the volume to maximum,audio_volume_up
lower my music player volume by fifty percent of its current level,audio_volume_up
please turn my speakers on google,audio_volume_up
increase the volume,audio_volume_up
please turn the volume to the loudest setting,audio_volume_up
set the music volume to ninety,audio_volume_up
i need a high volume,audio_volume_up
make sound louder,audio_volume_up
up,audio_volume_up
turn the volume up,audio_volume_up
i can barely hear you,audio_volume_up
please decrease the volume of this song,audio_volume_up
speak louder please,audio_volume_up
i can't hear you can you say it again louder,audio_volume_up
i can't hear just increase the volume,audio_volume_up
please turn up the volume to twenty one,audio_volume_up
increase volume by two levels,audio_volume_up
speaker volume increase,audio_volume_up
turn the volume up on music player,audio_volume_up
can you turn up the volume,audio_volume_up
raise volume,audio_volume_up
hey sound is low can you tune it up,audio_volume_up
turn up speakers,audio_volume_up
increase the volume to seventy percent,audio_volume_up
i need the volume to be louder,audio_volume_up
increase the volume of the music to ninety,audio_volume_up
unmute the speaker now,audio_volume_up
please increase volume,audio_volume_up
could you speak more softly,audio_volume_up
i want volume on my speakers,audio_volume_up
raise the volume to sixty,audio_volume_up
unmute,audio_volume_up
increase the volume so that i can hear it in other room,audio_volume_up
turn up music please,audio_volume_up
please turn up the speaker volume,audio_volume_up
more volume please,audio_volume_up
change my music player volume to eighty percent,audio_volume_up
i couldn't hear you repeat that louder,audio_volume_up
turn up volume,audio_volume_up
turn up the volume on the music,audio_volume_up
increase the volume a bit,audio_volume_up
move the volume up a little,audio_volume_up
can you turn the volume up,audio_volume_up
please turn up the volume,audio_volume_up
play it louder,audio_volume_up
change the volume level to nineteen please,audio_volume_up
turn the sound up,audio_volume_up
i am unable to hear you can you speak little loud,audio_volume_up
turn up,audio_volume_up
change the speaker volume to sixty five percent,audio_volume_up
can you turn up your volume,audio_volume_up
increase volume,audio_volume_up
please speak up,audio_volume_up
get louder,audio_volume_up
increase the volume to fifty,audio_volume_up
increase volume by one,audio_volume_up
unmute after,audio_volume_up
could you speak louder,audio_volume_up
increase the volume of the left speaker by ten,audio_volume_up
can you turn it up a little,audio_volume_up
can you speak louder,audio_volume_up
louder please,audio_volume_up
turn up sound,audio_volume_up
i need you to say that last information again but much louder,audio_volume_up
do i have a dentist appointment on monday morning,calendar_query
do i have a meeting on saturday march twenty fifth,calendar_query
is my calendar free for Thursday,calendar_query
what important dates are there in my calendar this month,calendar_query
tell me about the meetings over a period of time,calendar_query
time time is the holiday party at the office,calendar_query
today's schedule,calendar_query
what have i got going on between three and four pm today,calendar_query
hows many more reminders are left,calendar_query
is the birthday event on fifteenth of this month true,calendar_query
tell me what is on my schedule for today,calendar_query
do i have anything planned for the twenty first,calendar_query
is my schedule full for tomorrow from eight am to two pm,calendar_query
what meetings do i have between eight ten today,calendar_query
need information about events before shift ends,calendar_query
is there any pending reminder for me,calendar_query
when and where is june's birthday party,calendar_query
what am i up to this weekend,calendar_query
meeting july calendar,calendar_query
what day is the meeting on,calendar_query
which day this week do i have plans,calendar_query
is calendar event true,calendar_query
is there any events planned for the next three months,calendar_query
tell me what is on my calendar for tomorrow,calendar_query
where is the event today,calendar_query
search schedules for this week,calendar_query
any upcoming events,calendar_query
do i have any off days this week,calendar_query
rahul marriage reminder,calendar_query
when is the next office meeting,calendar_query
is there any event today in my calendar,calendar_query
where am i supposed to be by this time tomorrow,calendar_query
what events are this week,calendar_query
i needed to prepare for a meeting,calendar_query
when is my doctor's appointment,calendar_query
events happening between eight am and five pm today,calendar_query
what is my next reminder,calendar_query
how soon is my anniversary,calendar_query
what meetings are available in march,calendar_query
what is on the agenda for the four pm meeting with joe,calendar_query
tell me what is on the schedule for july seventh,calendar_query
where is tuesday's morning meeting,calendar_query
my events,calendar_query
what's my next appointment,calendar_query
whats going on in my calendar,calendar_query
what else is on the list,calendar_query
what time does the dinner party start tonight,calendar_query
do i have a sales meeting today,calendar_query
please tell me when's my financial meeting,calendar_query
confirm that my notification is set to remind me when i leave,calendar_query
do i have a meeting today,calendar_query
shall we meet for today's party,calendar_query
let's go through all pending reminders,calendar_query
is it true that susan's birthday is on march first,calendar_query
what events are scheduled this week,calendar_query
march one is susan's birthday right,calendar_query
what on my calendar,calendar_query
is this program is scheduled,calendar_query
tell me when the hockey game tickets are for,calendar_query
tell me about my upcoming week,calendar_query
latest events,calendar_query
when is bank holiday,calendar_query
what day is this event scheduled for,calendar_query
give me the reminders,calendar_query
show me my calendar event this Friday afternoon,calendar_query
is there a chili cookoff this weekend,calendar_query
what events are scheduled for me to do today,calendar_query
what are the pending reminder for today evening,calendar_query
do i have a doctors appointment today,calendar_query
is jimmie's party on friday cancelled,calendar_query
what do i have scheduled on july seventh,calendar_query
am i busy on Wednesday evening,calendar_query
what events do i have scheduled today,calendar_query
what is on the agenda for today,calendar_query
when the meeting start,calendar_query
on my calendar are there any birthdays,calendar_query
am i free on sunday day,calendar_query
do i have any get togethers this week,calendar_query
please tell me the main points of my two hundred meeting from this afternoon,calendar_query
can you tell me the next scheduled event,calendar_query
anything interesting happening next friday,calendar_query
how many calories did i burn between three and five today,calendar_query
can you tell me what's on the schedule for tomorrow,calendar_query
do i have any thing going on at five,calendar_query
what's coming up this week,calendar_query
do the knicks have a game at home tonight,calendar_query
do i have free time next tuesday to schedule a meeting,calendar_query
how many things do i have planned tonight,calendar_query
hey please provide information about events by the end of the day,calendar_query
let me know about upcoming events,calendar_query
do i have anything scheduled in my events,calendar_query
please check my reminders,calendar_query
what time do i have a doctors appointment on the twenty second,calendar_query
what are the upcoming reminders,calendar_query
what time am i supposed to pick up john again,calendar_query
what time is the evening meeting i have with john,calendar_query
show me future events,calendar_query
list all the events in my march calendar,calendar_query
did you add tomorrow's meeting to my calendar,calendar_query
when is the doctor's appointment,calendar_query
which is the next event coming up,calendar_query
what is scheduled on my calendar today,calendar_query
is the thanks giving event on fourteenth of this month true,calendar_query
please check my coming up events,calendar_query
do i have any meetings on friday's afternoon,calendar_query
do i have any events scheduled today,calendar_query
is there any program for tomorrow evening,calendar_query
notify me about the meetings over a period of some days,calendar_query
open events this week,calendar_query
do i have any calendar events this month,calendar_query
what are my reminders for this week,calendar_query
what events are going to happen in my city between two four pm today,calendar_query
is the balloon festival this weekend,calendar_query
who is scheduled for tomorrow's meeting,calendar_query
does my calendar say i'm free on april one two thousand and seventeen,calendar_query
from four to six when do i have a free break,calendar_query
are there any meetings set for next wednesday,calendar_query
what is my schedule for tomorrow morning,calendar_query
is mary's birthday party tonight,calendar_query
tell me what's happening this week,calendar_query
do i have a busy day today,calendar_query
what are meeting scheduled for today,calendar_query
what is my next event,calendar_query
what time is the party tonight,calendar_query
am i on vacation this week,calendar_query
what meetings do i have next thursday,calendar_query
what's going on between three hundred and thirty and four,calendar_query
do i have a party tomorrow save on my calendar,calendar_query
when monet's exhibition takes place,calendar_query
do i have meeting with steve this week,calendar_query
what time do i work tomorrow,calendar_query
when is dale's birthday,calendar_query
give me today's calendar events after six pm,calendar_query
can you check the facts on this issue,calendar_query
what's my next events,calendar_query
what date is my anniversary,calendar_query
show me my events,calendar_query
is there valet service at the event,calendar_query
show me my meetings this Friday,calendar_query
what's on my schedule this week,calendar_query
are there any events schedule for this week,calendar_query
show me my reminders,calendar_query
My weekly plan,calendar_query
what are my plans for today,calendar_query
pawel prepare the meeting with john,calendar_query
when is my next appointment with dr smith,calendar_query
whats my schedule today,calendar_query
show todays reminders,calendar_query
make a list of all the halloween events going around in new york,calendar_query
what is happening this weekend,calendar_query
first week of march meetings,calendar_query
are there any events on my calendar for this week,calendar_query
please show today meting with clients,calendar_query
do i have any pending reminder,calendar_query
can you pull up the latest time so i won't be late for my appointment,calendar_query
what do i have next to do,calendar_query
do i have a date for tonight,calendar_query
tell me if there are any events from three to five,calendar_query
remove standup on Friday at ten am,calendar_remove
update the calendar with the last event removed,calendar_remove
take away all events,calendar_remove
erase next calendar event,calendar_remove
clear my schedule for today,calendar_remove
cancel everything on my calendar,calendar_remove
cancel my meeting tomorrow,calendar_remove
hey olly make sure my calendar is completely clear tomorrow,calendar_remove
can you delete the doctors appointment i had Tuesday,calendar_remove
i wish this event to be removed from my calendar,calendar_remove
remove my dinner event for monday,calendar_remove
please clear jeff's birthday from the calendar,calendar_remove
can you please disregard the party that i will be going to this weekend on my calendar,calendar_remove
clear all events on my calendar,calendar_remove
i need everything deleted from calendar please,calendar_remove
remove next meeting today in my calendar,calendar_remove
cancel the breakfast at tiffany's house,calendar_remove
remove the fundraiser for dolphines in april,calendar_remove
please clear out my calendar completely,calendar_remove
delete meeting,calendar_remove
can you take off the next event on my calendar,calendar_remove
remove the doctor's appointment i added to my calendar for february twelfth at nine am,calendar_remove
hey olly on the twentieth clear my calendar,calendar_remove
cancel my event on june nineteenth,calendar_remove
remove all upcoming events please,calendar_remove
clean my calendar,calendar_remove
remove all events from my calendar,calendar_remove
hi olly please cancel all the programs for friday,calendar_remove
i don't want to attend the dinner on march first any more so could you remove it from my agenda,calendar_remove
please delete all meetings of today after seven pm,calendar_remove
cancel business meeting on wednesday,calendar_remove
delete appointment at time,calendar_remove
delete my dentist appointment,calendar_remove
erase my next calendar event,calendar_remove
i want you to remove this event,calendar_remove
remove today's meeting at evening,calendar_remove
delete all my appointments for today,calendar_remove
cancel all my appointments,calendar_remove
remove calendar events for this week,calendar_remove
remove sample meeting from calendar app,calendar_remove
get rid of everything on my calendar,calendar_remove
please delete this calendar event,calendar_remove
hi olly please remove the birthday event on coming sunday,calendar_remove
remove all the reminders from the calendar,calendar_remove
remove all the events and schedules,calendar_remove
delete my next scheduled event please,calendar_remove
cancel tomorrow's meeting,calendar_remove
can you delete all events from my calendar,calendar_remove
delete event for tuesday,calendar_remove
clear my day on the twenty ninth,calendar_remove
clear everything from the calendar,calendar_remove
delete the events from the calendar on twenty eighth march,calendar_remove
remove the event from monday,calendar_remove
take off the doctor's appointment on march twentieth,calendar_remove
cancel meeting at three,calendar_remove
delete all recurring staff meetings,calendar_remove
remove all the events of last month from the calendar,calendar_remove
i'm not doing thing this week,calendar_remove
delete all events for the next five days,calendar_remove
can you delete the dentist appointment,calendar_remove
please remove my next event,calendar_remove
delete my meeting for one pm on march nineteenth,calendar_remove
i need to cancel my rsvp for dinner this evening can you remove it on my calendar as well,calendar_remove
remove all the events in my calendar,calendar_remove
can you deleted the current event,calendar_remove
event remove,calendar_remove
remove meeting for wednesday morning,calendar_remove
dismiss my next event,calendar_remove
give some of delete in today events,calendar_remove
delete the next event in the calendar,calendar_remove
cancel all meetings for today,calendar_remove
clear all events from march seven,calendar_remove
remove my calendar event at one pm today,calendar_remove
please remove the appointment which i have made with mrjim,calendar_remove
can you remove that on my calendar,calendar_remove
please delete my lunch date from the march twenty third schedule,calendar_remove
list all events and delete,calendar_remove
delete all details in event,calendar_remove
take out event from calendar,calendar_remove
delete my calendar,calendar_remove
change the plan of meeting,calendar_remove
delete all appointments for tomorrow,calendar_remove
erase my appointment for march seven,calendar_remove
remove birthday party,calendar_remove
find my next event and delete it please,calendar_remove
cancel my birthday party,calendar_remove
please delete all my calendar events,calendar_remove
clear off the vet appointment tomorrow,calendar_remove
delete an first event of twenty third of march twenty seventeen,calendar_remove
clean my entire calendar,calendar_remove
please delete all calendar events,calendar_remove
erase my whole calendar,calendar_remove
remove john's birthday from the calendar,calendar_remove
clear everything off my calendar for the rest of the year,calendar_remove
can you take out dentist appointment from my calendar,calendar_remove
please remove this event from my calendar,calendar_remove
can you delete the not so important events,calendar_remove
erase my next event,calendar_remove
clear my calendar for saturday,calendar_remove
is there a way to clear my calendar,calendar_remove
cancel all my appointments after three pm today and inform me the details,calendar_remove
erase events,calendar_remove
what do i have to do today,calendar_remove
get rid of the first three events in my calendar,calendar_remove
rm rf calendar,calendar_remove
delete everything on my calendar for the next two weeks,calendar_remove
please remove the doctor appointment in my calendar for february twelfth at nine am,calendar_remove
delete my meeting for tomorrow,calendar_remove
remove father's day from calendar,calendar_remove
please cancel my next hair cut,calendar_remove
please empty my calendar,calendar_remove
remove events from calendar,calendar_remove
delete all meetings for tomorrow,calendar_remove
please delete all meeting after seven am,calendar_remove
cancel future event from place i worked,calendar_remove
please clean my calendar,calendar_remove
i am busy tomorrow so delete all calendar events,calendar_remove
delete from the calendar the next event,calendar_remove
delete all scheduled events,calendar_remove
format data from calendar,calendar_remove
find dinner with mom on my calendar and delete it,calendar_remove
remove my event at one pm in my calendar,calendar_remove
please clear my calendar,calendar_remove
do remove next event from the calendar,calendar_remove
delete all events and content from my calendar,calendar_remove
no lunch date tomorrow,calendar_remove
delete my next meeting,calendar_remove
delete the monthly recurring team meeting till june,calendar_remove
i will no longer be joining mom for lunch tomorrow,calendar_remove
destroy all events,calendar_remove
check the events on calendar and delete the next event,calendar_remove
cancels lunch at the restaurant booked for march twenty five,calendar_remove
cancel dentist appointment for this week,calendar_remove
change my plan erase my next event,calendar_remove
cancel the plan of party,calendar_remove
reset all events in calendar,calendar_remove
erase all content in my calendar,calendar_remove
this event needs to be deleted,calendar_remove
erase my appointment on the twelfth from my calendar,calendar_remove
remove twenty fourth march meeting from schedule,calendar_remove
i want all my events deleted,calendar_remove
can you empty my calendar,calendar_remove
delete all of my appointments with dr smith this week,calendar_remove
please remove dinner date scheduled for this friday at nine pm,calendar_remove
delete my appointment tomorrow,calendar_remove
remove dinner with mike from my calendar,calendar_remove
delete my dr k appointment in march,calendar_remove
please erase the next birthday event,calendar_remove
make my calendar empty,calendar_remove
cancel sam's party,calendar_remove
please delete this event,calendar_remove
delete all events in calendar,calendar_remove
i am no longer attending the wedding on the tenth so remove it from my calendar,calendar_remove
delete every event,calendar_remove
delete the scheduled meeting on fourth october twelve pm,calendar_remove
open calendar and erase all events for all months,calendar_remove
write down that i am going to meet with jenny on the third okay,calendar_set
on third april we will go to watch j llb movie set it,calendar_set
reminder about meeting from eight am to twelve pm,calendar_set
new reminder at three pm,calendar_set
set rotating event,calendar_set
i have a meeting at noon today,calendar_set
schedule lunch at tomo in arcata california tomorrow at noon,calendar_set
add event to calendar,calendar_set
set a reminder for two days prior of the event,calendar_set
remind me everyday at two pm for lunch,calendar_set
remind me to eat when i get home,calendar_set
i need to set up a meeting with the ceo tomorrow,calendar_set
create a meeting event in my calendar,calendar_set
make appointment for next friday,calendar_set
set a reminder for my shopping trip tomorrow at five pm,calendar_set
remind me every year on this date of,calendar_set
set reminder notification for three o'clock,calendar_set
reminders,calendar_set
notify me an hour before my two pm appointment at the car dealership,calendar_set
let me know when my meetings are on monday,calendar_set
set a reminder for john's birthday next week,calendar_set
every wednesday night at five pm remind me to meet phil,calendar_set
set a meeting with hongbin,calendar_set
invite people to the calendar event,calendar_set
add practice to calendar on feb four at king's park at two pm,calendar_set
set a two day notification before maria's birthday please,calendar_set
let me know of the meeting on tuesday,calendar_set
meeting update my calendar to reflect meeting,calendar_set
remind me at the start of each month,calendar_set
add my car payment on the twelfth in my calendar,calendar_set
on february fourteenth make dinner reservations at the restaurant,calendar_set
repeating event meeting on mondays,calendar_set
please set reminder,calendar_set
remind me if i miss my evening walk routine,calendar_set
please remind me about the event later five pm,calendar_set
schedule a reminder on fifteenth march and input name as meeting,calendar_set
tell me when my next doctors appointment is,calendar_set
meeting this friday,calendar_set
set a reminder on fifteenth march as meeting,calendar_set
add a reminder to april fourth to go to the dentist,calendar_set
set a reminder for twelve thirty meeting with the boss,calendar_set
remind me of my appointment on the fifteenth,calendar_set
schedule a meeting with reeta today evening at five pm,calendar_set
open calendar schedule event meeting,calendar_set
can you remind me of sunday gym every saturday evening,calendar_set
remind me about tomorrow meeting at ten am,calendar_set
hi please remind the next meeting with my boss it will be at eleven am next monday,calendar_set
please remind me for the function at miami tomorrow,calendar_set
put a seven pm meeting time down for march fourteenth,calendar_set
remember dinner on thursday at bistro italia,calendar_set
remind me after a month,calendar_set
in the following week repeat this event at ten am every day,calendar_set
can you notify the event in my calendar,calendar_set
add event baseball practice five pm tonight,calendar_set
remind me of my twelve oclock meeting by eleven thirty,calendar_set
calendar event send invite bill malinda,calendar_set
add dentist appointment for friday at five,calendar_set
my calendar is to be updated with all rccg event in march,calendar_set
please remind to sleep at nine pm,calendar_set
church with mom and dad on sunday,calendar_set
can you sync my calendar with mark,calendar_set
hey turn on your reminders for tomorrow's meeting at ten am,calendar_set
add a reminder to my calendar every year on this date,calendar_set
remind me to water my plants every tuesday thursday and saturday,calendar_set
on twenty third february rahul will come with me on india cricket match,calendar_set
i have to go to a meting on friday at noon can you remind me,calendar_set
set the event to recur on the first monday of the month,calendar_set
alert me at the time of the event,calendar_set
please add the meeting with ms boland on wednesday eight hundred am to my calendar,calendar_set
set a neighbor party for next week,calendar_set
please add dinner with mary to my calendar on saturday,calendar_set
don't let me forget tomorrow's meeting with sheila,calendar_set
please set a monthly reminder for paying rent,calendar_set
add lunch appointment with lisa to january second at twelve thirty pm,calendar_set
make a calendar entry for next saturday at ten am please,calendar_set
remind me to pick up john from the airport tonight at eight,calendar_set
remind me about calendar,calendar_set
add to calendar an medical appointment for the first day of the next five months,calendar_set
remind me about my biology test at fsu on friday,calendar_set
add meet with dave at subway on weber on four april at five pm,calendar_set
set a reminder for fifteen minutes to change laundry loads,calendar_set
can you remind me about the gym class in two hours,calendar_set
can you set a reminder for wednesday at one pm for my meeting,calendar_set
remind me to meet joe for lunch tomorrow,calendar_set
write down meeting at seven pm,calendar_set
twelveth july is bola's birthday and my calendar to be updated with this date,calendar_set
set reminder for tennis game with peter on Sunday at four pm,calendar_set
all rccg march event is to be added to my calendar,calendar_set
add valia's wedding the next saturday at eight o clock,calendar_set
i have a meeting tomorrow morning at ten please remind me,calendar_set
i need you to remind me to go to store tomorrow,calendar_set
remind me of this meeting soon,calendar_set
dentist appointment today at nine am,calendar_set
create a repeating event on mondays at seven pm,calendar_set
remind me of meeting five minutes before time,calendar_set
remind me to meet with steve at one pm tomorrow,calendar_set
add new year with family next week,calendar_set
schedule a lunch meeting with brent on Wednesday at noon,calendar_set
call me for this meeting,calendar_set
schedule dinner with sara and jamie,calendar_set
remind me later,calendar_set
just set me reminders about pending payment of children school fees,calendar_set
add a reminder for april twenty as my bro's birthday,calendar_set
remind me about my monday meeting with peter francis fifteen minutes before the meeting,calendar_set
show me the events in my work calendar for next week,calendar_set
the meeting with justin and katrina has been changed put it on thursday,calendar_set
please add shopping at mall on twenty six march at twelve pm,calendar_set
repeat birthday,calendar_set
put working out on my calendar for eight am every day this week,calendar_set
add event to date,calendar_set
schedule meeting with laura,calendar_set
remind me on fifth march of every year to arrange wedding anniversary presents,calendar_set
can you tell me on tuesday to give jane a call,calendar_set
make a meeting with friend,calendar_set
tell me when i need to leave the airport,calendar_set
set meeting with the ceo tomorrow,calendar_set
set a calendar event to repeat yearly on this date,calendar_set
please set a reminder for church services on sundays for eleven am,calendar_set
set meeting with joanna on Saturday four pm,calendar_set
don't let me forget i have a parent teacher conference this monday at four hundred pm,calendar_set
alter lunch event to repeat every friday,calendar_set
add event book club debbie's house wednesday night,calendar_set
please remind me of all the nba scores in a week,calendar_set
remind me to take out the trash,calendar_set
remind me clock that i have a event,calendar_set
can you remind my next meeting with my boss one hour before it will happen,calendar_set
set a notification for june fifth every year,calendar_set
plan a meeting in office with all employees tomorrow morning at eight,calendar_set
set a thanks giving event for friday,calendar_set
remind me about my anniversary in one day advance,calendar_set
on every tuesday remind me to go shopping,calendar_set
set event on recurring,calendar_set
schedule a sales meeting for wednesday at eleven am,calendar_set
please tell me to take my umbrella because it will be very hot today,calendar_set
remind me to go grocery shopping today,calendar_set
set a notification on third march about company meeting,calendar_set
add jane's birthday party at one hundred and twenty three main for two pm tomorrow on my calendar,calendar_set
schedule my meeting with my girlfriend lisa in the night today at nine pm,calendar_set
take note of today as my first date with bob,calendar_set
remember to remind me about client meet at four pm,calendar_set
set reminder for tomorrow for this item,calendar_set
can you remind me to check my clothes in a hour,calendar_set
give me the list of all events coming up in the next month and set notifications for all of them,calendar_set
thirteenth june is a day of election result please set it,calendar_set
add my spin class to the calendar for Saturday at seven am,calendar_set
please set this date to repeat,calendar_set
make a repeating reminder for tomorrow,calendar_set
thursday at three pm there is a teachers meeting i need to be reminded of,calendar_set
remind me to have launch with boss today at one pm,calendar_set
remind me to take the casserole out of the oven at seven hundred and forty five pm,calendar_set
please remind me that i have a meeting tomorrow ten in the morning,calendar_set
add to calendar may two is mary's birthday repeat every year,calendar_set
call sarah,calendar_set
send me notice of meeting wednesday nine am,calendar_set
the location is my office,calendar_set
on january twenty five set meeting for twelve,calendar_set
please put me your input to know my schedule,calendar_set
what does one have to damage in cream to make butter,cooking_recipe
what can i cook with broccoli and chicken,cooking_recipe
in five sentences let me know the procedure of making thanksgiving turkey,cooking_recipe
what food is good,cooking_recipe
i would like instructions on how to cook baked chicken,cooking_recipe
give me some recipes for sheperds pie,cooking_recipe
is soft cheese better than hard,cooking_recipe
how do i cook meatballs,cooking_recipe
how do i prepare all my food for cooking,cooking_recipe
whats needed to make pizza,cooking_recipe
get recipe for making a hotdog,cooking_recipe
can I get the recipe for chocolate brownies,cooking_recipe
recipe for meal,cooking_recipe
annie could you please search the internet and play the videos for cooking italian food,cooking_recipe
what's the recipe for fish soup,cooking_recipe
i would like the recipe for baked chicken,cooking_recipe
recipe for crabmeat,cooking_recipe
cooking recipe,cooking_recipe
find easy recipe for almond milk,cooking_recipe
recipe please,cooking_recipe
are there any cooking classes nearby my area,cooking_recipe
use google to show me how to cook,cooking_recipe
how do i steam rice,cooking_recipe
give me recipes,cooking_recipe
boiled,cooking_recipe
find me a recipe of spaghetti,cooking_recipe
how do i cook rice,cooking_recipe
show me how to cook a recipe,cooking_recipe
give me best cooking ideas,cooking_recipe
how long do i roast chicken breasts,cooking_recipe
give me a recipe for lasagne,cooking_recipe
search for the best spagetti recipe,cooking_recipe
i want to know the procedure of making thanksgiving turkey in five sentences,cooking_recipe
tell me how to make garlic bread,cooking_recipe
how to make fried rice,cooking_recipe
show me tutorials on cooking food,cooking_recipe
find the recipe for sambar in cookingforu application,cooking_recipe
what is the temperature i am supposed to cook this lasagna at,cooking_recipe
show me a spaghetti recipe,cooking_recipe
how much is one serving of broccoli,cooking_recipe
what is a cookie recipe,cooking_recipe
do we add rosemary in pasta,cooking_recipe
how many cups of sugar in texas sheet cake frosting,cooking_recipe
show me cooking websites,cooking_recipe
tell me the best recipes for a given dish,cooking_recipe
find a recipe that uses ground beef and zucchini,cooking_recipe
can you tell me how to cook chocolate chip cookies,cooking_recipe
what's an easy recipe to cook for food,cooking_recipe
how long should i simmer rice for,cooking_recipe
what is the best tasting cut of beef,cooking_recipe
recipes,cooking_recipe
access recipe book please,cooking_recipe
how do you make sunny side up eggs,cooking_recipe
how do i make cookies,cooking_recipe
tell me how to make tacos,cooking_recipe
what goes with risotto,cooking_recipe
show me the recipe for cookies,cooking_recipe
how do i cook a pasta,cooking_recipe
what is an alternative to flour,cooking_recipe
evaporated,cooking_recipe
cook me some oats,cooking_recipe
find me a recipe for chicken noodle soup,cooking_recipe
what do i need to make pot roast,cooking_recipe
how do i make meatloaf,cooking_recipe
please find the recipe for meatballs,cooking_recipe
find me the recipe for a cake,cooking_recipe
i need help making pancakes,cooking_recipe
how to cook spaghetti squash,cooking_recipe
how much meat should i buy to serve ten people,cooking_recipe
what is recipe,cooking_recipe
what are the ingredients necessary,cooking_recipe
what do you use to make cookies,cooking_recipe
how can we prepare biriyani,cooking_recipe
how can a cook risotto,cooking_recipe
how many millilitres is two table spoons,cooking_recipe
healthy foods,cooking_recipe
i need the recipe for hot cross buns,cooking_recipe
best energy food for gym,cooking_recipe
how to cook crabs,cooking_recipe
what are the ingredients in macaroni and cheese,cooking_recipe
find easy recipe for corn bread,cooking_recipe
what the sexiest food to cook on a date,cooking_recipe
how many teaspoons are in a cup,cooking_recipe
search for gluten free menus,cooking_recipe
how do you zest a lime without a zester,cooking_recipe
good food,cooking_recipe
please look up best recipes,cooking_recipe
find recipe chicken casserole,cooking_recipe
what type of cheese do i need for my enchiladas,cooking_recipe
recipes that can be cooked in an hour,cooking_recipe
what are the steps for biriyani meal,cooking_recipe
i want to know how to make a chicken in the oven,cooking_recipe
how can i cook pizza,cooking_recipe
find a recipe for homemade bread,cooking_recipe
how do i deglaze a pan,cooking_recipe
what ingredient can be used to replace white wine,cooking_recipe
give me instructions on how to cook chicken,cooking_recipe
bring up a recipe for turkey meatballs,cooking_recipe
Show chicken tikka recipe,cooking_recipe
how many calories are in a one divided by of peanuts,cooking_recipe
what is the difference between bake and broil,cooking_recipe
find the correct temperature for frying a whole turkey,cooking_recipe
how do i cook a medium rare steak,cooking_recipe
i want to see the recipe of veg biryani,cooking_recipe
how do i bake a potato,cooking_recipe
show me a video on cooking fried chicken,cooking_recipe
find a recipe for chicken alfredo,cooking_recipe
quick meals,cooking_recipe
i need a recipe that is from ingredients on my shopping list,cooking_recipe
instructions to make a meal,cooking_recipe
how long should i cook a steak to be medium,cooking_recipe
what is the recipe for apple pie,cooking_recipe
how to cook this food,cooking_recipe
get recipe for apple pie,cooking_recipe
let me know the recipe for preparing pasta,cooking_recipe
i need a recipe for spaghetti,cooking_recipe
what's the recipe for fried chicken,cooking_recipe
find the right amount of cinnamon for the garam masala,cooking_recipe
how do i make meal,cooking_recipe
tell me the recipe to cook pav bhaji,cooking_recipe
can you prepare a cheese sandwich,cooking_recipe
what temperature do you bake a potato,cooking_recipe
what do i need to make lamb pathia,cooking_recipe
what is the cooking time for mashed potatoes,cooking_recipe
show me what the ingredients are,cooking_recipe
how to make cheesecake,cooking_recipe
i want to cook italian dishes show me some,cooking_recipe
how do you make cookies,cooking_recipe
how long do i chill an icebo pie,cooking_recipe
tell me the recipe for yellow rice,cooking_recipe
how do you make pasta,cooking_recipe
can you eat sweet potato greens raw,cooking_recipe
how do i cook a meatloaf,cooking_recipe
i want to cook pasta in american style show me how,cooking_recipe
can you give me a recipe for homemade chicken noodle soup,cooking_recipe
what temperature should the oil be for frying french fries,cooking_recipe
what conducts heat better copper bottomed pots or cast iron,cooking_recipe
how do i make mashed potatoes,cooking_recipe
tell me how to cook pasta,cooking_recipe
what ingredients do i need for tomato soup,cooking_recipe
what does rice wine go with,cooking_recipe
what is the best way to cook pasta al dente,cooking_recipe
at what temperature should i bake cookies,cooking_recipe
tell me the recipe for mashed potatoes,cooking_recipe
what is a good vegan egg substitute,cooking_recipe
show me pancakes,cooking_recipe
can you pull up a recipe for spaghetti,cooking_recipe
how do i braise a pork loin,cooking_recipe
what is a good way to make steak,cooking_recipe
please search for beginners guide to cooking,cooking_recipe
find me a recipe for carrot soup,cooking_recipe
how long should i cook chicken for,cooking_recipe
what is the cooking time for boiled eggs,cooking_recipe
how long do i need to cook a brisket for it to be medium,cooking_recipe
how long should i cook a hamburger on each side,cooking_recipe
what temperature should a baked chicken be,cooking_recipe
what is in a curry,cooking_recipe
if it is noon in virginia what time is it in california,datetime_convert
switch to eastern time zone,datetime_convert
please change time zone to india,datetime_convert
change this time to ist,datetime_convert
please convert the time of here at nine pm to brasil time zone,datetime_convert
it is nine here what time is it in california,datetime_convert
what the time difference from here to ottawa,datetime_convert
what is the time difference between eastern time and pacific time,datetime_convert
i need you to convert nine am cst to est time,datetime_convert
given it is four thirty five pm in london what time is it in melbourne,datetime_convert
what is the time difference between my location and hong kong,datetime_convert
convert eight am manila time to new york time,datetime_convert
set the time zone to g. m. t.,datetime_convert
convert time zone,datetime_convert
what time is twelve pm eastern time in pacific time,datetime_convert
how many hours difference is there between london and new york,datetime_convert
can you change my time zone to central,datetime_convert
change my clock to central time zone from my current zone,datetime_convert
tell me the time in g. m. t. plus five,datetime_convert
please can i know what time will it be at six pm here in australia,datetime_convert
when it's ten pm here what time is it in brisbane,datetime_convert
what is the time difference between california and new york,datetime_convert
convert twenty one thirty from gtm four to g. m. t. four thirty,datetime_convert
convert eight thirty from gtm four to g. m. t. five thirty,datetime_convert
if it is six am here what time is it in tokyo,datetime_convert
if it's ten pm in california what time is it in alabama,datetime_convert
convert current time from ist to est,datetime_convert
what is the time in india when the time in us is twelve pm,datetime_convert
what is the time difference between india and ivory coast,datetime_convert
it's eight at night in france what time is it in new york,datetime_convert
can you convert my time zone to the time zone i'm currently in,datetime_convert
it is five forty five am in liverpool what time is now new york,datetime_convert
now it's five thirty pm in india what about the time in ivory coast,datetime_convert
how many hours distance is between my location and new york,datetime_convert
if it is twelve hours ahead of eastern standard centaur time what's the time in the philippines now,datetime_convert
what is the time difference between here and japan,datetime_convert
what is the nine am cst to est,datetime_convert
change the time in this location to ist,datetime_convert
what time can i call from pennsylvania and it will be business hours in australia,datetime_convert
please convert nine am cst to est time,datetime_convert
what is the time difference between new york and lagos,datetime_convert
time difference between uk and us,datetime_convert
if it's five am in berlin what time is it here,datetime_convert
i need the time zone from london england instead of central time zone,datetime_convert
if i was in the eastern time zone what time would it be,datetime_convert
what is the time difference between eastern and pacific time zones,datetime_convert
when it is nine in the east what time is it in the west,datetime_convert
convert current time from g. m. t. to est,datetime_convert
convert usa time in to indian time,datetime_convert
what is the time difference between central and eastern,datetime_convert
what is the time difference between eastern and pacific,datetime_convert
the time difference between lagos and new york is what,datetime_convert
convert eastern time to western time,datetime_convert
eight am manila time is what in eastern time,datetime_convert
if i call mike in california at six pm what will his time be,datetime_convert
what's the time difference between here and queensland,datetime_convert
how much later is new york than la,datetime_convert
change the time zone from washington to new york,datetime_convert
if it's sunrise in stockholm what time is it in okinawa,datetime_convert
change the time zone from irish time zone to moscow time zone,datetime_convert
how many hours difference is hong kong from new york city,datetime_convert
eight am in manila is what in new york,datetime_convert
convert new york time to london,datetime_convert
if it's midnight in colorado what time is it in munich,datetime_convert
convert g. m. t. to ist,datetime_convert
switch to los angeles time,datetime_convert
it's eight fifty five here what time is it in england,datetime_convert
change this time zone to washington,datetime_convert
what is the time difference between california and michegan,datetime_convert
can you change my time zone from central time to pacific,datetime_convert
what is time now in japan compared to usa,datetime_convert
give me time,datetime_query
could you please tell me what time is in singapore,datetime_query
report the current time in oakland,datetime_query
the twenty second is on what day of the week,datetime_query
what week of the year does the summer season start,datetime_query
what is the time in beijing,datetime_query
is there a national holiday on fifth december,datetime_query
the last friday of the month lands on what day,datetime_query
what time in las vegas,datetime_query
what is mondays actual date,datetime_query
give me the time in phoenix az,datetime_query
what is the time in china,datetime_query
what is the current time in chennai,datetime_query
what time is it in central time zone,datetime_query
can you tell me the time in new york,datetime_query
what's the time in this time zone,datetime_query
what is time now in california,datetime_query
what time is it in this city,datetime_query
can you tell me the current time in dallas texas,datetime_query
march tenth lands on what day of the week,datetime_query
what time of day is it in london,datetime_query
how time is it,datetime_query
when is easter in the year two thousand and eighteen,datetime_query
what day of the week does the fifteenth of march fall on,datetime_query
what's the time for neighboring city,datetime_query
time and date of today,datetime_query
what day does my birthday fall on next year,datetime_query
what day is christmas,datetime_query
let me know today's date in american format,datetime_query
what is the time in hyderabad,datetime_query
what is the time in bangalore,datetime_query
what's the time in dubai,datetime_query
is it noon in paris,datetime_query
whats the date today,datetime_query
show me boston's current time,datetime_query
what is the current date time group,datetime_query
display date,datetime_query
what time is it in denver,datetime_query
what day does easter fall on,datetime_query
do we have thirty first day on this month,datetime_query
is it Monday today,datetime_query
just let me know the current date today,datetime_query
on what date is easter this year,datetime_query
time in chicago,datetime_query
may i know the time in london,datetime_query
show me the date of today,datetime_query
what time is it in mountain time zone,datetime_query
show me the time,datetime_query
what is the date easter falls on,datetime_query
what day of the week is the twenty second march,datetime_query
what time is it in the eastern half of the us right now,datetime_query
what day of the month is next tuesday,datetime_query
what time is it in another city,datetime_query
current time please,datetime_query
what day is it on fifth december,datetime_query
what is the current time right now,datetime_query
what day is the fifteenth,datetime_query
what day of the week is june twenty seventh on this year,datetime_query
uh what does the current date happen to be,datetime_query
what is the current time in delhi,datetime_query
what day today,datetime_query
what is the day on twenty third march,datetime_query
i want exact time in washington right now,datetime_query
what day is it today,datetime_query
show me what day the thirty first is on,datetime_query
give me the current time,datetime_query
twenty second april day,datetime_query
what is the time in london,datetime_query
what day does april sixteenth fall on,datetime_query
what day is easter,datetime_query
mention the time in canada now,datetime_query
tell me what time it is right now,datetime_query
which week is twenty third,datetime_query
what is today's date,datetime_query
what day of the week does christmas fall on this year,datetime_query
what is the time in ajmer,datetime_query
show me the time in new york city,datetime_query
what is the time in australia right now,datetime_query
what day of the week is first april,datetime_query
how many birthday's are on twenty third,datetime_query
what is tomorrows date,datetime_query
what day of the week is the first of march,datetime_query
i need to know what is the date today,datetime_query
what is eastern standard time right noe,datetime_query
twenty ninth march comes on what day,datetime_query
what date is today,datetime_query
please provide current time in india,datetime_query
please tell me the current date,datetime_query
is there christmas on twenty second,datetime_query
what is the current date today,datetime_query
give me the time in london,datetime_query
what's the date is currently,datetime_query
todays a lovely day what the date,datetime_query
can you tell me today's date,datetime_query
what is the current central time,datetime_query
how many days are in this month,datetime_query
today is which date,datetime_query
is today march sixth,datetime_query
what time is it in karachi right now,datetime_query
please alert me to the time,datetime_query
what time is it in singapore,datetime_query
what date is the third friday of this month,datetime_query
tell me current time,datetime_query
may twenty two is my birthdate and i want to know the what day is twenty third may,datetime_query
report the time in miami,datetime_query
whats the time now,datetime_query
what is the current time in lagos nigeria,datetime_query
when is the third monday of this month,datetime_query
what's today date,datetime_query
please give me the time,datetime_query
what is today's day,datetime_query
today is monday is it,datetime_query
what day of the week does the twenty second fall on this month,datetime_query
what is the date and month today,datetime_query
what is the date for next tuesday,datetime_query
what time is it on the east coast of the united states,datetime_query
what time is it in england,datetime_query
what is the time in canada now,datetime_query
date in new york,datetime_query
current date please,datetime_query
what time is it on the west coast,datetime_query
how me the time now in boston,datetime_query
date and time,datetime_query
i want the time for another city outside us,datetime_query
hello what time it is now,datetime_query
ten past seven,datetime_query
give me the time,datetime_query
what is the current time in california,datetime_query
show me the current time,datetime_query
can you give me the time in this time zone,datetime_query
tell me the time now,datetime_query
what is the time in milwaukee,datetime_query
please show me today's date,datetime_query
what's the time in new york,datetime_query
what is the current time in london,datetime_query
what time is it in london,datetime_query
what time is it eastern,datetime_query
can you give me the time in new delhi,datetime_query
what is the date today,datetime_query
what date is easter sunday this year,datetime_query
what is the time for the eastern time zone,datetime_query
what will be the time now in washington,datetime_query
what day of the week is it,datetime_query
whats the time in denver,datetime_query
what is the day today,datetime_query
what is the current day month and year,datetime_query
what is today's current date,datetime_query
please let me know today's date,datetime_query
what is the month day and year,datetime_query
show time in china,datetime_query
give me new york's current time,datetime_query
current time new york,datetime_query
be my clock,datetime_query
give me the time in pst,datetime_query
what time is it in new york city,datetime_query
please give me today's date,datetime_query
what time i sit in china right now,datetime_query
please add this email to my contacts,email_addcontact
just add a new email in my contacts from michael,email_addcontact
save this email in contact,email_addcontact
add email to existing contact,email_addcontact
i need you to add this email in my contacts,email_addcontact
add dr rosenstock as an email contact,email_addcontact
email hwu@gmail dot com add to email contacts,email_addcontact
Update my contacts with the new contact sam@gmail dot com,email_addcontact
add this new email with contact,email_addcontact
can you add a new email to my contacts,email_addcontact
remember this email,email_addcontact
store my contacts,email_addcontact
add a new contact for daniel bell dbell@aol dot com,email_addcontact
add erosser@hotmail dot com as a new contact for emily rosser,email_addcontact
add jpearsonjessica@gmail dot com to email contacts,email_addcontact
change my mum's email in my phonebook,email_addcontact
save new email addresses to my contacts,email_addcontact
please add an email for john doe to my contacts johndoe@yahoo dot com,email_addcontact
add carl's email to my contact,email_addcontact
open up contacts and add email something@gmail dot com,email_addcontact
create new contact with email,email_addcontact
add a new email in my contacts from john,email_addcontact
add this email to my contact,email_addcontact
add new email address,email_addcontact
i want to and my email address,email_addcontact
i need to add this new contact for sam smith ssmith@yahoo dot com,email_addcontact
please place my new email address to the contact,email_addcontact
use that email address as a contact,email_addcontact
save email id,email_addcontact
update my contacts with the new contact sam@gmail dot com,email_addcontact
add the new email to my contacts,email_addcontact
save that email as a new contact,email_addcontact
here's an email address,email_addcontact
please add to my contact lists and send them a reminder email,email_addcontact
save to contacts,email_addcontact
add sarah as email contact,email_addcontact
add apahelp@yahoo dot com in my contact list,email_addcontact
please add smurfette@gmail dot com to my email contacts,email_addcontact
add email to contacts,email_addcontact
add dale@gmail dot com to my contacts,email_addcontact
please add smithjoe@email dot com to the contact information for joe smith,email_addcontact
add this email to a new contact,email_addcontact
make this email a new contact,email_addcontact
add john@gmail dot com to contacts,email_addcontact
add sam@gmail dot com to my contacts list,email_addcontact
add this email to my contacts,email_addcontact
add a new email address which is,email_addcontact
add a new email contact to my list,email_addcontact
locate the email to giant eagle and put it into my contact list,email_addcontact
add new email to anna,email_addcontact
please add contact email johndoe@yahoo dot com to john doe's contact information,email_addcontact
add new email to my contacts macs@gmail dot com,email_addcontact
please add tom to my contact list,email_addcontact
send an email and save the contact information for samuelwaters@hotmail dot com,email_addcontact
will you please put something something@gmail dot com in my contacts,email_addcontact
add dan@dancom to my contacts,email_addcontact
add apahelp@yahoo dot com to my contacts,email_addcontact
save this email in my contact for future use,email_addcontact
add a new email,email_addcontact
add this person's email,email_addcontact
please add dan's email to my contacts,email_addcontact
add this email to my address book,email_addcontact
add email address iamironman@gmail dot com,email_addcontact
i need you to add gary's email to my favorites,email_addcontact
add the email oriam@gmail dot com to my contacts,email_addcontact
add this email address to my contacts and send an email to,email_addcontact
please add a new email in my contacts from sara,email_addcontact
save my contacts,email_addcontact
i would like you to add an email to my contacts,email_addcontact
create new contact,email_addcontact
add new email to contacts,email_addcontact
what is the last email i received,email_query
refresh the inbox and update about any unread mails,email_query
check inbox for mail from sarah,email_query
have i gotten any emails from mom lately,email_query
tell me when i get new emails from principal lowry,email_query
are there any unread messages in my inbox,email_query
what did the clinic say about my exams,email_query
are there any unread emails from patrick,email_query
have i gotten any new emails from mary,email_query
did bert write me today,email_query
please check recent emails from new contact,email_query
please check if there is a new email on the inbox,email_query
have i received any emails since noon,email_query
read new messages from my wife,email_query
check if there any new email,email_query
what new emails do i have form amie,email_query
tell me who send the email about the boss yesterday,email_query
check all the new them emails and mark them star,email_query
can you check to see if i have any recent email alerts,email_query
tell me my latest email,email_query
what is the email i got from my girlfriend,email_query
when did dave matthews email me about the contract,email_query
look at my email,email_query
have i received any mail in the last hour,email_query
do i have any new emails from my dad,email_query
what was the name of my last email,email_query
compile information on the data breach,email_query
tell me about new emails,email_query
update my inbox please,email_query
how many emails have i got since yesterday,email_query
is there anything new in my email folder,email_query
did paul email me recently,email_query
do i have any new emails from sarah,email_query
please check if i got any emails from mom,email_query
do i have any new entries in my inbox,email_query
check mails,email_query
how is my inbox looking at the moment,email_query
read me the last email from stefan and oil change,email_query
inform me of my new emails,email_query
check emails for last hour,email_query
show me my emails from the past hour,email_query
please check my gmail for new mail,email_query
scan my inbox for any new emails from robert,email_query
did linda connors reply to any of my emails this morning,email_query
did mike send me an email,email_query
have i gotten any new emails,email_query
check email for otp sent by my bank,email_query
did i get any replies from jan,email_query
what are my new contact emails,email_query
please archive my read messages,email_query
do i have new emails from john,email_query
can you please read the my mom sent this morning at ten am,email_query
show unread new emails,email_query
is there any new email,email_query
Has john sent me any new emails,email_query
has tom emailed me about ammunition,email_query
what is my recent email activity,email_query
can you tell me my recent emails,email_query
check someone's recent emails,email_query
what is my email from steve about,email_query
how many new emails since i last checked,email_query
update me on my emails,email_query
please tell me how many emails i have,email_query
did dan send me any emails,email_query
check all new emails in my inbox,email_query
read me new emails,email_query
any new emails for me,email_query
what is the email sent by this contact read,email_query
hey do i have any emails from bob about the bulldog,email_query
did my mom send me an email,email_query
do i have a new email from eric,email_query
any important notifications,email_query
check email client,email_query
please check email from my boss,email_query
let me know of any incoming emails for the last hour please,email_query
have i received any emails from my father,email_query
new messages,email_query
what is the latest email from zita,email_query
are there any new emails from robert jones,email_query
is there any new mail for me,email_query
beep when i get an email from john,email_query
do i have any emails from katherine,email_query
did i get an email from sarah,email_query
display latest emails,email_query
please read the last email for me,email_query
are there any new emails in outlook,email_query
do i have any new email,email_query
please check new email from andy,email_query
did trey sand any messages,email_query
who was the last person to email me,email_query
hey read any email to me,email_query
do i have any mail,email_query
are there any recent emails from rohit,email_query
please check all new email of income tax department,email_query
find my email for date,email_query
did you receive this person email,email_query
did i email tom on the subject of gun control,email_query
have i received any emails about jared's birthday,email_query
what and who was i emailed about last week,email_query
do have any new email,email_query
are there any new emails received after four o'clock today,email_query
find new email,email_query
any new email since last time,email_query
are there any emails i haven't read yet,email_query
check for new emails,email_query
did i get an email from jen last night,email_query
did i receive any new email,email_query
please check whether the email of jancy has come,email_query
do i have any emails from robert,email_query
has any mail received with an attachment,email_query
check to see if my mom sent me any emails,email_query
check any mail from amazon,email_query
have any emails come in since four hundred today,email_query
is the mail from chris about work,email_query
please send a notification when john replies,email_query
do i have a new email from sandy,email_query
jane doe,email_query
display recent email from john,email_query
initiate polling for new email,email_query
show me the latest emails from amazon,email_query
hey check emails,email_query
do i have email from my friend rachel,email_query
how many emails do i have in the last fifteen minutes,email_query
have i gotten any emails lately,email_query
has amy sent me any new emails,email_query
do i have any new emails from dan,email_query
read unchecked email,email_query
update on email,email_query
what were the first number of email subjects i got today,email_query
what new messages do i have,email_query
play back the last message,email_query
what are my newest emails,email_query
open email for unread mails,email_query
are any of my new emails from amy,email_query
which new emails were received,email_query
show me the email of jack,email_query
list all emails with subject contract,email_query
did i receive any email in the past hour,email_query
what are the subject line and sender from today's email inbox,email_query
would you go check my emails for me,email_query
open inbox,email_query
show all emails regarding the breach,email_query
have i received any emails from beth,email_query
refresh my inbox and inform me about new emails,email_query
do i have an email from person a,email_query
get contact,email_query
i need to see if i got any new email,email_query
have i got any new email from my company,email_query
did i get an email from mike,email_query
do i have any new emails in my inbox today,email_query
Check outlook,email_query
are there new emails for me,email_query
check by inbox for me,email_query
check my email messages,email_query
has mike sent me an email,email_query
check emails from gary for last hour,email_query
pull up all emails sent to me from amazon,email_query
when was the last time that i spoke to john,email_querycontact
make a call to,email_querycontact
what's the email address of silvia,email_querycontact
please find a mail address of manoj and tell me,email_querycontact
check in contacts,email_querycontact
does mary smith live on main street,email_querycontact
hey ms the email address of john miller,email_querycontact
what is email id of john,email_querycontact
how many numbers are saved for alex,email_querycontact
what's john's home phone number,email_querycontact
what do you know about mary,email_querycontact
who is the most frequently called person in my phone book,email_querycontact
what is joe joe's home address,email_querycontact
please let me know when is sam's birthday,email_querycontact
call raju phone number,email_querycontact
open the contact alex in phonebook,email_querycontact
what is my daughter's phone number,email_querycontact
tell me the office address of my brother,email_querycontact
what are john's contact details,email_querycontact
please contact michael m from my list with this text,email_querycontact
show contact of john,email_querycontact
when is jacob's birthday,email_querycontact
call dad,email_querycontact
what's leon's email,email_querycontact
can i find out information about a contact,email_querycontact
do i have a work number for susan,email_querycontact
does bob live in france,email_querycontact
contacts please,email_querycontact
tell me about joose,email_querycontact
what is this person's contact information,email_querycontact
could you get john's email address for me,email_querycontact
find john smith in contacts,email_querycontact
select the information on the contact,email_querycontact
find all the contacts named john,email_querycontact
what is john smith's number,email_querycontact
tell me the email address for aunt ruth,email_querycontact
what is mr taxi's phone number it is in my contacts,email_querycontact
open contacts and call john smith,email_querycontact
can you provide me with the contact information assigned to this person,email_querycontact
is there a way to pull up information about a contact,email_querycontact
show me derek's contact information,email_querycontact
what's june's address nowadays,email_querycontact
where seth lives,email_querycontact
find my wife,email_querycontact
where does tar work currently,email_querycontact
give me the details of friend,email_querycontact
is there email id of john in the list,email_querycontact
fetch me the phone number of Alexander,email_querycontact
what is jimmy johns's corporate number,email_querycontact
open the contact named john,email_querycontact
please delete the contacts that i havent spoken to in three of months,email_querycontact
open the profile of allen from my contact,email_querycontact
tell me the area code for jen k,email_querycontact
will you look up joe's contact information for me,email_querycontact
read about mary s.,email_querycontact
is alex saved in my contacts list,email_querycontact
what is mary s.'s phone number,email_querycontact
are my contacts mostly female or male,email_querycontact
search jack in contacts,email_querycontact
is bills pager number in my contacts,email_querycontact
tell me mary's cell number,email_querycontact
what is derek's phone number,email_querycontact
help me call james,email_querycontact
what is the home phone number of mark,email_querycontact
how many contacts do i have in my phone book,email_querycontact
tell me joe joe's home address,email_querycontact
check for this mail in my contact if not then add it,email_querycontact
do i have a home number for shelly,email_querycontact
please find a contact number of jayesh and tell me,email_querycontact
how do i reach sarah,email_querycontact
what is john's phone number,email_querycontact
do i have the address for the apple store in my contacts,email_querycontact
give me petey's telephone number,email_querycontact
who is the contact that last called me,email_querycontact
how many of my contacts live or work in detroit,email_querycontact
what's his number,email_querycontact
what's jesse's birthday,email_querycontact
find me my dad's email address,email_querycontact
what is a work phone number of emilia,email_querycontact
please give me details of allen from my contact,email_querycontact
do i have a number for jerry,email_querycontact
what is mary s.'s birthday,email_querycontact
how do i dial sarah,email_querycontact
show me my contacts,email_querycontact
can you pull up jeff,email_querycontact
tell me about mary s.,email_querycontact
show ana number,email_querycontact
what is frieda's home address,email_querycontact
what is mary smith's telephone number,email_querycontact
is this the correct area code for my boss,email_querycontact
tell contact mobile number,email_querycontact
can you tell me the contact information of jo,email_querycontact
jay's phone number,email_querycontact
is bills house number in my contacts,email_querycontact
what is amber stevens address it is in my contacts,email_querycontact
please check and tell me where is the location of toms new business,email_querycontact
tell me about mary s. in my contacts,email_querycontact
is it anyone i knows birthday this month,email_querycontact
do i have any missed call from patrick,email_querycontact
how can i contact this person,email_querycontact
provide contact location,email_querycontact
can you please give me john's email,email_querycontact
can you tell me the phone number of me,email_querycontact
please check and tell me contact details of mongomery llc company,email_querycontact
get me tom's number,email_querycontact
show me the information of friend,email_querycontact
contacts,email_querycontact
is mary smith in my contacts list,email_querycontact
how many work contacts are in my phone book,email_querycontact
search the contact,email_querycontact
is bills cell phone number in my contacts,email_querycontact
call mom,email_querycontact
find me someone,email_querycontact
what's jesse's number,email_querycontact
do we have morgan's office's number,email_querycontact
give me the number to mom,email_querycontact
when was the last call i received from jordan,email_querycontact
tell me the street address of my facebook friend george,email_querycontact
show dan's contact detail,email_querycontact
does my co worker have a home phone number,email_querycontact
check and tell me the address of my friend alex,email_querycontact
do i have the contact of tara john,email_querycontact
find jhonny's address,email_querycontact
give me contact mail id,email_querycontact
what is job title of jan medvesek,email_querycontact
what is john smith's home phone number,email_querycontact
may you please pull up information about a contact,email_querycontact
mary's contact number,email_querycontact
did i receive a message from kevin,email_querycontact
please let me know the what raj's status update in facebook,email_querycontact
what's rene phone number,email_querycontact
what is tom's phone number,email_querycontact
olly i need to call my mom will you check her work number for me,email_querycontact
what's the address for alex,email_querycontact
what information do you have on file in my information about bill,email_querycontact
link me to jeff's email,email_querycontact
what is john doe's address,email_querycontact
tell me john's phone number,email_querycontact
list phone and email id of robert,email_querycontact
which contact haven't i called in twelve months,email_querycontact
what is the email address for tessa,email_querycontact
what is bob stevens phone number it is in my contacts,email_querycontact
how do i contact charles,email_querycontact
can you give me the newest phone number for bobby mcgee,email_querycontact
give me charles telephone number,email_querycontact
rahul contact,email_querycontact
what is charles's email,email_querycontact
what is the home phone number for sarah,email_querycontact
where does fred work,email_querycontact
display address of john,email_querycontact
julie's information,email_querycontact
look up in contacts,email_querycontact
is it joes birthday soon,email_querycontact
is there a contact named allen in my list,email_querycontact
call vikki,email_querycontact
what is mom's email address,email_querycontact
do i have any other contact phone number for alison,email_querycontact
email my friend about our plans tonight,email_sendemail
send email to cat that i will accept job offer,email_sendemail
email james about the softball game james we need to get some refreshments before heading over,email_sendemail
can you open the reply inbox,email_sendemail
prepare email for susan,email_sendemail
inbox this mail,email_sendemail
reply to heather's latest email by answering no,email_sendemail
send an email to my assistant clara to cancel all appointments for tomorrow,email_sendemail
send an email for me,email_sendemail
send an email to my boss,email_sendemail
i need an email to be sent to comcastcom about my service issues,email_sendemail
email friend,email_sendemail
send an email to john,email_sendemail
go to email compile,email_sendemail
reply wishes to john by email,email_sendemail
send the email to john,email_sendemail
send the following email to bro hi come down for dinner tonight,email_sendemail
please answer jean's email,email_sendemail
respond to all that i am on my way,email_sendemail
send a test email to,email_sendemail
draft an email to kailey about work later,email_sendemail
answer paul's email,email_sendemail
please reply to my colleagues mail about his query,email_sendemail
hello you have a send an email to someone,email_sendemail
reply an email to jason that i will not come tonight,email_sendemail
hey send an email to my friend,email_sendemail
send email to newmail@gmail dot com,email_sendemail
you should reply to the mail,email_sendemail
hi buddy send mail to my friend hellen regarding home builders are not accepted the offer,email_sendemail
send an email to fred from work he is in my contacts,email_sendemail
hey reply a mail which i received,email_sendemail
please email celine,email_sendemail
write an email about next week weather to my wife,email_sendemail
send email to joanne@aol dot com and add as new contact,email_sendemail
send reply thank you so much mom to mom,email_sendemail
reply to john's email today saying i will be late,email_sendemail
send an email to frank and ask them what the weather going to be like this week,email_sendemail
please open a reply to the email,email_sendemail
compose an email to parisa,email_sendemail
open terry's email,email_sendemail
email my meeting details to my manager,email_sendemail
send a mail to alex asking about the due payment,email_sendemail
send mom an email now,email_sendemail
email tom,email_sendemail
send email to mom asking about the weather,email_sendemail
open a new email to contact,email_sendemail
can you send an email to my mother about the weekly weather,email_sendemail
compose this email to this new email address,email_sendemail
send a confirmation email to sandy,email_sendemail
reply to the mail with the following content hello you,email_sendemail
send will do thanks to john as a reply to his last message,email_sendemail
send email to mom and tell her see her at disney world,email_sendemail
text sarah if she is free for brunch today,email_sendemail
respond back to the mail,email_sendemail
forward email,email_sendemail
start and email to john smith,email_sendemail
i need to send an email to michael,email_sendemail
send answer to george,email_sendemail
email mahmoud,email_sendemail
"send email to robert, what time is dinner",email_sendemail
send this email to reply to the latest emails,email_sendemail
send an email to juanpedro@gmail dot com,email_sendemail
mahaboobsayyad@gmail dot com,email_sendemail
can you send an email for me to a new email address,email_sendemail
send mail to bubbles i want to meet her tomorrow at two pm in office,email_sendemail
send an email to with the subject as test and no content,email_sendemail
please start an email for my sister,email_sendemail
send email how are you dad to dad,email_sendemail
please send email to pawel with reminder,email_sendemail
send an email to jesse,email_sendemail
reply back to this email,email_sendemail
send email to marissa,email_sendemail
email alice to let her know we are on the way,email_sendemail
reply email to charlotte,email_sendemail
send response i will be there,email_sendemail
send email to bill asking to reschedule,email_sendemail
send message via email,email_sendemail
send email to david davis email address,email_sendemail
please send a voice mail to mr richard office about meting him on first of february twenty seventeen at five pm,email_sendemail
inbox my family,email_sendemail
prepare to send an outgoing reply message,email_sendemail
send mail to mom i am planning vacations with her next week,email_sendemail
send an email to my wife about next week weather,email_sendemail
email co worker about work project,email_sendemail
now i need to write an email to my colleague,email_sendemail
reply to erins email by saying i will be on time,email_sendemail
my friend john has sent me a invitation card to his newly bought home say thanks to him in his mail id,email_sendemail
send email to nancy about tomorrow's work party details,email_sendemail
write an email recipient ray,email_sendemail
forward the mail to new email address,email_sendemail
hey i want to send an email to my friend,email_sendemail
send an email to my brother and say wedding anniversary,email_sendemail
tell sean i appreciate him reaching out to me,email_sendemail
write this message to the coworker group,email_sendemail
respond to graham and let him know that i will be free tomorrow,email_sendemail
send an email to my boss and attach the presentation file with it apologize for being late,email_sendemail
lindafancy55@gmail dot com,email_sendemail
start email for address not in contacts,email_sendemail
send an email to emma,email_sendemail
answer the email,email_sendemail
compose a mail for jack,email_sendemail
i want the email to be sent to my new email address abc@gmail dot com,email_sendemail
email my favourite contacts,email_sendemail
i did not want you to send that text yet wait until i say send,email_sendemail
send an email to my boss about my leave,email_sendemail
i need to edit marie jones email address to read,email_sendemail
send an email to peter and ask him how is he now can i do something to help him,email_sendemail
please send an email to john saying i'm on leave,email_sendemail
send an email with the address you gave me to jean saying meet us here at eight pm,email_sendemail
mail macs@xorg,email_sendemail
start email,email_sendemail
email my boss that i will be late today because of an emergency and apologize to him for missing the meeting,email_sendemail
send an email to rohit saying i am busy tomorrow,email_sendemail
reply email,email_sendemail
send an email to qerwerq@hotmail dot com,email_sendemail
please sent this email to my friend,email_sendemail
send email to bro and say hi come down for dinner tonight,email_sendemail
send mom the following email,email_sendemail
hey email jan about our meeting,email_sendemail
will you send the email to greg,email_sendemail
reach by mail to my family,email_sendemail
send an email to grandma saying we are dropping by on saturday see you then,email_sendemail
send an email to bob,email_sendemail
send email new address,email_sendemail
hey send email to john,email_sendemail
compose a new email but i got a new address this time brandon at example dot com,email_sendemail
pull up outlook i need to send a email,email_sendemail
respond to mom's mail message about the recipe site,email_sendemail
schedule text messages for later,email_sendemail
send an email to bill that i'm sorry i didn't realize he was so sick,email_sendemail
send a request to martin,email_sendemail
send a reply to mike with the answer four hundred and thirty from his email he sent this morning,email_sendemail
write an email to luke asking how the weather will be this coming week,email_sendemail
send an email to john that i am on my way to home,email_sendemail
send email to gary,email_sendemail
send happy new year to john@gmail dot com,email_sendemail
email my mom,email_sendemail
compose email,email_sendemail
send email to family and tell them to bring the bug spray before coming to the park,email_sendemail
respond to my bosses email with the word that i will be in at four in the evening,email_sendemail
email mom and ask how the weather is there,email_sendemail
answer email,email_sendemail
send this message to the family group starts with a,email_sendemail
please send mom an email saying that i can make it next week,email_sendemail
send an email to adele,email_sendemail
i need to add a new email to my contacts,email_sendemail
send an email to my mum that i will visit her next weekend,email_sendemail
email dad how is the weather this week,email_sendemail
email my sister about mom's birthday jane we should think about arranging the party at the park,email_sendemail
tell chris i will be late through email,email_sendemail
send an email to george brown,email_sendemail
please send an email to mom,email_sendemail
email my mother,email_sendemail
i'd like to send a reply,email_sendemail
email chris add following content sorry I will be late today,email_sendemail
send email to mommy that i'll be going the party,email_sendemail
great response to command.,general_affirm
yeap amazing response to the command.,general_affirm
yes you've done your understanding correcly.,general_affirm
yeap you have done answer exactly.,general_affirm
you have understood my instructions perfectly.,general_affirm
yeap excellent response to the command.,general_affirm
yes you have gotten it exactly.,general_affirm
you have done that perfectly.,general_affirm
you've got the command exactly.,general_affirm
you have got that exactly.,general_affirm
yes you got command exactly.,general_affirm
it was wonderful.,general_affirm
fantastic response to command.,general_affirm
you have done it correcly.,general_affirm
correct response to the command.,general_affirm
yes good response to command.,general_affirm
yeah right.,general_affirm
your understanding was exact.,general_affirm
yeap.,general_affirm
yeap that's right.,general_affirm
yeap you've got your understanding right.,general_affirm
yeah you have gotten my instructions perfectly.,general_affirm
yeah fantastic response to the command.,general_affirm
that is good.,general_affirm
you have understood my instructions exactly.,general_affirm
strongly agreed.,general_affirm
yes fantastic response.,general_affirm
yes the command was confirmed.,general_affirm
yes affirmative.,general_affirm
yeap get that right.,general_affirm
good response to the command.,general_affirm
yeah you get it perfectly.,general_affirm
amazing response to the command.,general_affirm
yeap amazing response to command.,general_affirm
right response to command.,general_affirm
yeap correct response.,general_affirm
yeah you got your understanding perfectly.,general_affirm
got it exactly.,general_affirm
yeap great response.,general_affirm
yeap the command was exact.,general_affirm
you've got your understanding correcly.,general_affirm
exact response to the command.,general_affirm
yeap you get your understanding exactly.,general_affirm
you've understood my instructions exactly.,general_affirm
yeah wonderful.,general_affirm
yes exact.,general_affirm
yes amazing response.,general_affirm
yeah that's great.,general_affirm
yeap perfect response to the command.,general_affirm
yes strongly agree.,general_affirm
yes your understanding was perfect.,general_affirm
yes you've done command exactly.,general_affirm
you've done the command correcly.,general_affirm
yes answer was confirmed.,general_affirm
the answer is confirmed.,general_affirm
yes agree.,general_affirm
answer is confirmed.,general_affirm
yes that's correct.,general_affirm
the command was confirmed.,general_affirm
yes the command is confirmed.,general_affirm
you've done the command right.,general_affirm
get command exactly.,general_affirm
you have got the answer exactly.,general_affirm
yes answer was amazing.,general_affirm
yeap you've gotten the command correcly.,general_affirm
that is excellent.,general_affirm
got the answer exactly.,general_affirm
yeah get that correcly.,general_affirm
correcly.,general_affirm
yeap you get that perfectly.,general_affirm
yeah correct response to the command.,general_affirm
yes it's excellent.,general_affirm
your understanding is confirmed.,general_affirm
it's exact.,general_affirm
yeah great response to command.,general_affirm
yeap exact response to command.,general_affirm
yeap fantastic.,general_affirm
it's amazing.,general_affirm
yeah you did it exactly.,general_affirm
you've gotten your understanding correcly.,general_affirm
yes that's fantastic.,general_affirm
yes you get your understanding perfectly.,general_affirm
fantastic response to the command.,general_affirm
it's perfect.,general_affirm
yeap strongly agreed.,general_affirm
yes exact response.,general_affirm
yes that's amazing.,general_affirm
yes great response to the command.,general_affirm
yeap you've understood the answer right.,general_affirm
you've done your understanding correcly.,general_affirm
yeap it's good.,general_affirm
exact.,general_affirm
yes right response.,general_affirm
you have done command exactly.,general_affirm
yeap you have got my instructions perfectly.,general_affirm
that's confirmed.,general_affirm
you've understood command perfectly.,general_affirm
yeap correct response to the command.,general_affirm
good response to command.,general_affirm
yeah that's confirmed.,general_affirm
yeah exact response.,general_affirm
you did it exactly.,general_affirm
yes you have understood my instructions perfectly.,general_affirm
yeah you did the command correcly.,general_affirm
you have done your understanding correcly.,general_affirm
yeap you have got my instructions correcly.,general_affirm
yeap good.,general_affirm
yeah please.,general_affirm
yeah you've got my instructions right.,general_affirm
yes perfectly.,general_affirm
yeap good response.,general_affirm
yeah you've got that perfectly.,general_affirm
yeap you've done that right.,general_affirm
yeah answer was correct.,general_affirm
yeap you've got command correcly.,general_affirm
yeap fantastic response to command.,general_affirm
yes you've understood that right.,general_affirm
yeah fantastic response to command.,general_affirm
that is right.,general_affirm
yeap you've understood my instructions perfectly.,general_affirm
yeap fantastic response.,general_affirm
yeap it's confirmed.,general_affirm
yeah that was fantastic.,general_affirm
you did command perfectly.,general_affirm
you've gotten my instructions exactly.,general_affirm
yes you have done that exactly.,general_affirm
you got that perfectly.,general_affirm
yeah you get command exactly.,general_affirm
yeah you've gotten my instructions right.,general_affirm
wonderful response to command.,general_affirm
yeap you've got my instructions correcly.,general_affirm
yeah you've understood my instructions perfectly.,general_affirm
yes wonderful response.,general_affirm
yes you got answer correcly.,general_affirm
yeah amazing response.,general_affirm
yeap you've understood it correcly.,general_affirm
you have done it perfectly.,general_affirm
yeap right response.,general_affirm
yeap you've gotten that correcly.,general_affirm
yes you have done it exactly.,general_affirm
you have got my instructions right.,general_affirm
yeap perfect.,general_affirm
you understood the answer right.,general_affirm
yes wonderful response to command.,general_affirm
yes it's confirmed.,general_affirm
you understood command perfectly.,general_affirm
confirmed.,general_affirm
yeah you have got your understanding perfectly.,general_affirm
yeap right.,general_affirm
yeah you have got my instructions right.,general_affirm
yeap correcly.,general_affirm
yes right.,general_affirm
you have gotten that exactly.,general_affirm
yeap it was correct.,general_affirm
yeap that's correct.,general_affirm
yes it was perfect.,general_affirm
olly please will you shut off.,general_commandstop
olly please shut down.,general_commandstop
olly would you please shut up.,general_commandstop
olly please will you shut up.,general_commandstop
will you stop please.,general_commandstop
please would you cancel.,general_commandstop
i will talk to you later on.,general_commandstop
can you please shut up.,general_commandstop
olly will you stop it.,general_commandstop
olly please cancel.,general_commandstop
i would talk to you later.,general_commandstop
olly that would be all.,general_commandstop
"olly that is enough, cancel.",general_commandstop
i'd like you just stop.,general_commandstop
please will you shut off.,general_commandstop
please can you stop it.,general_commandstop
"olly that's all, stop it.",general_commandstop
i'd like you just cancel.,general_commandstop
olly will you shut up please.,general_commandstop
"that's enough, stop it.",general_commandstop
olly could you stop.,general_commandstop
please will you shut up.,general_commandstop
i want you just stop it.,general_commandstop
would you just stop it please.,general_commandstop
will you just stop please.,general_commandstop
olly can you just stop it please.,general_commandstop
will you shut down please.,general_commandstop
olly please shut off.,general_commandstop
olly stop please.,general_commandstop
please could you shut off.,general_commandstop
please will you shut down.,general_commandstop
olly i like you cancel it.,general_commandstop
"that's enough, just cancel.",general_commandstop
please would you just cancel it.,general_commandstop
i'd like you cancel it.,general_commandstop
will you please shut up.,general_commandstop
olly can you cancel please.,general_commandstop
"olly that is all, just cancel.",general_commandstop
i like you stop it.,general_commandstop
olly i want you just stop it.,general_commandstop
please shut down.,general_commandstop
would you stop it.,general_commandstop
olly will you shut down please.,general_commandstop
i would like you stop.,general_commandstop
olly i like you cancel.,general_commandstop
please just cancel.,general_commandstop
would you stop.,general_commandstop
olly will you cancel it.,general_commandstop
olly please would you shut off.,general_commandstop
olly could you shut up please.,general_commandstop
"that's enough, stop.",general_commandstop
olly would you shut up please.,general_commandstop
"that is enough, stop it.",general_commandstop
olly i like you just cancel.,general_commandstop
please would you cancel it.,general_commandstop
just cancel.,general_commandstop
"that's enough, just cancel it.",general_commandstop
"olly that is enough, just cancel.",general_commandstop
"that's all, just cancel it.",general_commandstop
olly please would you shut down.,general_commandstop
could you please shut down.,general_commandstop
would you stop please.,general_commandstop
olly talk to you later on.,general_commandstop
that would be all.,general_commandstop
olly could you shut down.,general_commandstop
olly will you shut down.,general_commandstop
can you shut off please.,general_commandstop
"that's all, just stop.",general_commandstop
olly will you please shut off.,general_commandstop
"olly that is enough, cancel it.",general_commandstop
i will talk to you later.,general_commandstop
would you shut up please.,general_commandstop
could you please shut up.,general_commandstop
olly can you please shut up.,general_commandstop
can you shut up please.,general_commandstop
talk to you later.,general_commandstop
shut up.,general_commandstop
olly will you stop please.,general_commandstop
"olly that's enough, stop it.",general_commandstop
can you just stop it please.,general_commandstop
olly can you shut off.,general_commandstop
can you please shut down.,general_commandstop
"olly that's all, just stop.",general_commandstop
olly would you shut up.,general_commandstop
olly please stop.,general_commandstop
olly would you shut off please.,general_commandstop
just stop please.,general_commandstop
please will you just cancel.,general_commandstop
just cancel please.,general_commandstop
olly that will be all.,general_commandstop
olly please can you just stop it.,general_commandstop
olly i would like you stop.,general_commandstop
would you shut off please.,general_commandstop
could you shut down.,general_commandstop
i want you cancel.,general_commandstop
olly please would you just stop it.,general_commandstop
olly will you please shut down.,general_commandstop
"olly that's enough, cancel.",general_commandstop
olly could you please shut off.,general_commandstop
olly please could you just cancel.,general_commandstop
olly can you shut up.,general_commandstop
will you shut up.,general_commandstop
please can you shut off.,general_commandstop
olly i would like you just cancel it.,general_commandstop
"olly that's enough, stop.",general_commandstop
i would talk to you later on.,general_commandstop
i like you just cancel.,general_commandstop
olly will you shut off.,general_commandstop
please can you cancel it.,general_commandstop
"olly that is enough, stop it.",general_commandstop
would you please shut up.,general_commandstop
olly can you please shut down.,general_commandstop
olly that is enough.,general_commandstop
olly i'd like you just cancel it.,general_commandstop
would you just cancel it please.,general_commandstop
would you please shut down.,general_commandstop
"that is all, stop it.",general_commandstop
olly would you please shut off.,general_commandstop
i would like you just cancel.,general_commandstop
olly i will talk to you later.,general_commandstop
please would you shut up.,general_commandstop
olly shut up.,general_commandstop
can you just cancel please.,general_commandstop
olly please could you shut up.,general_commandstop
please shut off.,general_commandstop
could you just cancel it please.,general_commandstop
olly can you please shut off.,general_commandstop
olly please just stop.,general_commandstop
olly would you shut off.,general_commandstop
olly that's all.,general_commandstop
can you shut up.,general_commandstop
olly can you shut up please.,general_commandstop
would you shut off.,general_commandstop
olly just stop.,general_commandstop
olly could you shut off.,general_commandstop
olly i want you stop.,general_commandstop
olly will you stop.,general_commandstop
would you shut down please.,general_commandstop
can you just cancel it.,general_commandstop
olly i would like you just stop it.,general_commandstop
"that is all, just cancel it.",general_commandstop
"that is all, just stop.",general_commandstop
olly could you please shut up.,general_commandstop
i want you just cancel it.,general_commandstop
olly please can you cancel.,general_commandstop
olly that is all.,general_commandstop
"olly that is all, just stop it.",general_commandstop
olly please just cancel.,general_commandstop
could you shut up.,general_commandstop
that is all.,general_commandstop
olly please could you cancel.,general_commandstop
olly will you just stop it please.,general_commandstop
"olly that is enough, just cancel it.",general_commandstop
that is enough.,general_commandstop
will you please shut off.,general_commandstop
i would like you cancel it.,general_commandstop
"olly that is all, cancel.",general_commandstop
shut down please.,general_commandstop
confirm last thing said please.,general_confirm
please check last thing i said.,general_confirm
i like you check and confirm last thing i said please.,general_confirm
will you check and confirm instruction.,general_confirm
can you check last thing i said please.,general_confirm
would you confirm last thing i said please.,general_confirm
can you check and confirm detail please.,general_confirm
did you get my last command correctly?,general_confirm
would you check and confirm the question please.,general_confirm
please check detail.,general_confirm
can you please confirm what said.,general_confirm
did you get it correctly?,general_confirm
please confirm my last instruction.,general_confirm
would you please confirm that.,general_confirm
can you check and confirm my last command please.,general_confirm
would you please check and confirm what i last said.,general_confirm
would you please check my last command.,general_confirm
could you confirm my last instruction please.,general_confirm
could you confirm what i just said please.,general_confirm
please will you confirm command.,general_confirm
will you check and confirm my last command.,general_confirm
can you check my last question.,general_confirm
can you please check what i last said.,general_confirm
could you please check and confirm my last command.,general_confirm
check that.,general_confirm
please will you check last thing said.,general_confirm
please check and confirm command.,general_confirm
please check and confirm detail.,general_confirm
please check my last question.,general_confirm
i'd like you check details please.,general_confirm
please can you check that.,general_confirm
could you please check that.,general_confirm
did you get last thing said correctly?,general_confirm
would you please check that.,general_confirm
i'd like you to check and confirm last thing said please.,general_confirm
could you check what just said.,general_confirm
check and confirm the last thing said please.,general_confirm
please check and confirm the last thing said.,general_confirm
please check and confirm the command.,general_confirm
i want you confirm that please.,general_confirm
i like you to confirm the details please.,general_confirm
did you get the last thing i said correctly?,general_confirm
could you confirm detail please.,general_confirm
confirm that please.,general_confirm
check and confirm the details please.,general_confirm
would you please check instruction.,general_confirm
did you get that correctly?,general_confirm
did you get what i just said correctly?,general_confirm
did you get the last thing said correctly?,general_confirm
can you check and confirm details.,general_confirm
could you check and confirm detail please.,general_confirm
please confirm my last question.,general_confirm
please can you check and confirm last thing i said.,general_confirm
i would like you check detail please.,general_confirm
please will you check and confirm it.,general_confirm
confirm the last thing said please.,general_confirm
would you check what i said.,general_confirm
check last thing i said please.,general_confirm
i want you check the last thing i said please.,general_confirm
i would like you to check and confirm my last command please.,general_confirm
will you please check and confirm detail.,general_confirm
would you please confirm the last thing i said.,general_confirm
can you please check my last question.,general_confirm
i would like you to check what last said please.,general_confirm
please can you confirm last thing said.,general_confirm
could you confirm the question please.,general_confirm
would you check and confirm the details please.,general_confirm
i would like you check details please.,general_confirm
can you please check and confirm the detail.,general_confirm
i'd like you check what i last said please.,general_confirm
would you please check the detail.,general_confirm
could you please confirm the details.,general_confirm
i'd like you confirm it please.,general_confirm
i like you to confirm question please.,general_confirm
will you please check and confirm the last thing i said.,general_confirm
check and confirm that please.,general_confirm
i would like you to check the question please.,general_confirm
i want you to confirm what i last said please.,general_confirm
i like you check what i last said please.,general_confirm
would you confirm the detail.,general_confirm
can you please confirm last thing i said.,general_confirm
i would like you confirm last thing i said please.,general_confirm
check and confirm the detail please.,general_confirm
i like you check it please.,general_confirm
did you get my last instruction correctly?,general_confirm
please can you check and confirm what just said.,general_confirm
would you check the details please.,general_confirm
please can you confirm the command.,general_confirm
could you please check and confirm the detail.,general_confirm
would you check and confirm question please.,general_confirm
please confirm details.,general_confirm
will you please check and confirm it.,general_confirm
please would you check instruction.,general_confirm
would you please check question.,general_confirm
could you please check the detail.,general_confirm
could you please check and confirm details.,general_confirm
check the last thing said please.,general_confirm
i would like you check and confirm it please.,general_confirm
please would you confirm detail.,general_confirm
can you confirm instruction.,general_confirm
please confirm last thing said.,general_confirm
would you please check and confirm detail.,general_confirm
did you get the instruction correctly?,general_confirm
would you please check it.,general_confirm
confirm detail please.,general_confirm
check last thing i said.,general_confirm
check what just said please.,general_confirm
check question.,general_confirm
i like you confirm last thing said please.,general_confirm
i like you confirm details please.,general_confirm
check and confirm last thing said please.,general_confirm
would you check and confirm last thing said please.,general_confirm
would you check my last question please.,general_confirm
will you confirm that please.,general_confirm
i'd like you to confirm that please.,general_confirm
will you check what i said please.,general_confirm
could you check that please.,general_confirm
please will you check details.,general_confirm
please will you confirm the last thing said.,general_confirm
would you please check and confirm it.,general_confirm
could you check instruction.,general_confirm
i like you to check it please.,general_confirm
could you check it.,general_confirm
did you get the detail correctly?,general_confirm
please check last thing said.,general_confirm
can you confirm what just said please.,general_confirm
i'd like you check my last question please.,general_confirm
would you please check what i last said.,general_confirm
could you please check and confirm last thing i said.,general_confirm
can you check and confirm what said please.,general_confirm
i'd like you check and confirm that please.,general_confirm
can you please check the last thing i said.,general_confirm
would you check and confirm detail please.,general_confirm
check and confirm the instruction please.,general_confirm
did you get last thing i said correctly?,general_confirm
i want you to check what i just said please.,general_confirm
would you confirm the last thing i said please.,general_confirm
confirm my last command please.,general_confirm
check and confirm my last command please.,general_confirm
i'd like you confirm the question please.,general_confirm
can you confirm the details please.,general_confirm
please could you confirm instruction.,general_confirm
would you please confirm details.,general_confirm
will you check and confirm that please.,general_confirm
i would like you to check and confirm detail please.,general_confirm
please can you confirm details.,general_confirm
check last thing said please.,general_confirm
please check what said.,general_confirm
could you please confirm the instruction.,general_confirm
could you please check and confirm that.,general_confirm
check what said.,general_confirm
can you confirm what said please.,general_confirm
can you please check command.,general_confirm
i want you to check and confirm what last said please.,general_confirm
please can you check and confirm the details.,general_confirm
can you please confirm detail.,general_confirm
"i do not really know, olly.",general_dontcare
would not care.,general_dontcare
anything will be okay with me.,general_dontcare
does not matter to me.,general_dontcare
"it is unimportant for me, olly.",general_dontcare
"that does not matter for me, olly.",general_dontcare
"it does not matter with me, olly.",general_dontcare
i wouldn't know.,general_dontcare
"anything will be good with me, olly.",general_dontcare
"i would not really know, olly.",general_dontcare
i wouldn't really mind.,general_dontcare
"it is of no importance to me, olly.",general_dontcare
i would not mind for any one.,general_dontcare
"wouldn't know, olly.",general_dontcare
have no idea regarding to what to do.,general_dontcare
"it doesn't really matter, olly.",general_dontcare
do not really care.,general_dontcare
"anything is fine to me, olly.",general_dontcare
doesn't really matter for me.,general_dontcare
i don't really mind.,general_dontcare
i don't mind for whatever.,general_dontcare
"any one will be okay with me, olly.",general_dontcare
"doesn't matter, olly.",general_dontcare
"this is unimportant to me, olly.",general_dontcare
"i wouldn't really mind, olly.",general_dontcare
"that doesn't matter for me, olly.",general_dontcare
anything is ok to me.,general_dontcare
i wouldn't really care.,general_dontcare
anything would be ok with me.,general_dontcare
don't care.,general_dontcare
have no idea for what to choose.,general_dontcare
i do not really mind for anything.,general_dontcare
really would not mind.,general_dontcare
i do not really care.,general_dontcare
"that is of no importance, olly.",general_dontcare
i have no idea for which to choose.,general_dontcare
anything is ok with me.,general_dontcare
i don't really mind for anything.,general_dontcare
anything would be fine with me.,general_dontcare
any one is okay to me.,general_dontcare
i don't really mind to select any one.,general_dontcare
it doesn't matter for me.,general_dontcare
i have no idea for which to select.,general_dontcare
"have no idea, olly.",general_dontcare
anything would be good.,general_dontcare
really i would not mind.,general_dontcare
wouldn't mind for anything.,general_dontcare
i have no idea regarding to which to select.,general_dontcare
i would not bother.,general_dontcare
whatever is ok with me.,general_dontcare
"wouldn't mind to select any one, olly.",general_dontcare
do not really bother.,general_dontcare
"have no idea regarding to which to select, olly.",general_dontcare
really wouldn't mind.,general_dontcare
"that is of no importance for me, olly.",general_dontcare
would not really mind.,general_dontcare
"i would not mind for any one, olly.",general_dontcare
"this does not matter, olly.",general_dontcare
have no idea regarding to which to choose.,general_dontcare
that does not matter.,general_dontcare
have no idea regarding to which to select.,general_dontcare
it is unimportant to me.,general_dontcare
"any one will be ok with me, olly.",general_dontcare
anything would be okay with me.,general_dontcare
that is of no importance for me.,general_dontcare
doesn't really matter with me.,general_dontcare
"any one, olly.",general_dontcare
do not mind to choose any one.,general_dontcare
any one would be good to me.,general_dontcare
"whatever is good with me, olly.",general_dontcare
"i have no idea, olly.",general_dontcare
any one would be fine for me.,general_dontcare
"i wouldn't really care, olly.",general_dontcare
whatever is okay with me.,general_dontcare
do not care.,general_dontcare
wouldn't mind.,general_dontcare
any one will be fine.,general_dontcare
"any one would be okay, olly.",general_dontcare
whatever would be ok to me.,general_dontcare
would not know.,general_dontcare
that is unimportant.,general_dontcare
"whatever would be good to me, olly.",general_dontcare
don't really bother.,general_dontcare
"i wouldn't bother, olly.",general_dontcare
"that is unimportant, olly.",general_dontcare
anything is okay with me.,general_dontcare
"this is unimportant with me, olly.",general_dontcare
"don't bother, olly.",general_dontcare
"would not bother, olly.",general_dontcare
do not mind.,general_dontcare
that doesn't really matter to me.,general_dontcare
"i would not know, olly.",general_dontcare
i don't really mind for whatever.,general_dontcare
"i wouldn't really bother, olly.",general_dontcare
"doesn't matter with me, olly.",general_dontcare
it is unimportant.,general_dontcare
i don't bother.,general_dontcare
anything is fine.,general_dontcare
wouldn't mind to choose any one.,general_dontcare
wouldn't really bother.,general_dontcare
"have no idea about what to do, olly.",general_dontcare
do not mind for any one.,general_dontcare
whatever.,general_dontcare
i don't really mind to choose any one.,general_dontcare
do not mind to select any one.,general_dontcare
wouldn't bother.,general_dontcare
don't mind.,general_dontcare
"would not mind to select any one, olly.",general_dontcare
i do not care.,general_dontcare
does not matter.,general_dontcare
doesn't matter.,general_dontcare
it doesn't matter to me.,general_dontcare
whatever is good.,general_dontcare
have no idea for which to choose.,general_dontcare
this is unimportant to me.,general_dontcare
whatever is okay for me.,general_dontcare
this is unimportant.,general_dontcare
i do not know.,general_dontcare
"i would not bother, olly.",general_dontcare
that doesn't really matter.,general_dontcare
don't mind for whatever.,general_dontcare
"have no idea for which to select, olly.",general_dontcare
whatever will be fine.,general_dontcare
don't mind to choose any one.,general_dontcare
don't really know.,general_dontcare
"really i don't mind, olly.",general_dontcare
any one will be ok for me.,general_dontcare
"anything would be good with me, olly.",general_dontcare
"i have no idea for which to choose, olly.",general_dontcare
"that is unimportant to me, olly.",general_dontcare
"i have no idea for what to do, olly.",general_dontcare
"really don't mind, olly.",general_dontcare
don't really care.,general_dontcare
does not really matter to me.,general_dontcare
whatever would be good.,general_dontcare
i have no idea regarding to what to select.,general_dontcare
anything is ok for me.,general_dontcare
this doesn't really matter to me.,general_dontcare
"that does not really matter, olly.",general_dontcare
don't bother.,general_dontcare
"would not really care, olly.",general_dontcare
"i do not really care, olly.",general_dontcare
i don't mind to select any one.,general_dontcare
"wouldn't really mind to choose any one, olly.",general_dontcare
does not really matter with me.,general_dontcare
"it is of no importance, olly.",general_dontcare
this is of no importance to me.,general_dontcare
that does not matter for me.,general_dontcare
"i have no idea regarding to what to do, olly.",general_dontcare
anything is okay for me.,general_dontcare
"that doesn't matter to me, olly.",general_dontcare
"i do not know, olly.",general_dontcare
would not mind for any one.,general_dontcare
anything will be ok with me.,general_dontcare
"i do not really mind, olly.",general_dontcare
doesn't matter with me.,general_dontcare
wouldn't really care.,general_dontcare
"do not really mind for whatever, olly.",general_dontcare
once again clarify me about your answers please.,general_explain
don't get this.,general_explain
explain it further please.,general_explain
"s1, rephrase me more on it.",general_explain
would you once again clarify me about your response please.,general_explain
i am unclear about your response.,general_explain
please explain again to me.,general_explain
further explain.,general_explain
"s1, again clarify your answers please.",general_explain
it was not clear.,general_explain
"s1, would you please further clarify me on your answers.",general_explain
"s2, i was not so clear about what you said now.",general_explain
could you clarify me on it further.,general_explain
could you please again clarify your answer to me.,general_explain
please explain me more on what you said.,general_explain
"s2, i was unclear about what you've just said.",general_explain
"s1, will you further explain.",general_explain
please further elaborate your response.,general_explain
i am not so clear about your answers.,general_explain
could you again elaborate me on your answers please.,general_explain
"s1, rephrase me further on it please.",general_explain
"s2, do not get your answer.",general_explain
"s2, i can not catch up with you.",general_explain
will you further elaborate me on what you have said please.,general_explain
"s2, i was not clear about it.",general_explain
i was unclear about what you have said.,general_explain
i don't quite catch that.,general_explain
i do not get the last sentence.,general_explain
can you further explain me on it please.,general_explain
again clarify me on your answers please.,general_explain
"s1, please clarify me about your answers once again.",general_explain
please further rephrase it.,general_explain
i could not quite catch up with you.,general_explain
i can not quite catch up with you.,general_explain
your answer was not so clear.,general_explain
"s1, can you please again rephrase to me.",general_explain
elaborate me about your answers further.,general_explain
can you please clarify once again.,general_explain
"s2, i could not quite catch up with you.",general_explain
"s1, can you rephrase me more on the last sentence please.",general_explain
"s2, i was unclear about your answers.",general_explain
will you explain me more on what you just said please.,general_explain
what you have said is not so clear.,general_explain
can you elaborate me on your answers again.,general_explain
can you explain me further on what you just said.,general_explain
what you just said was not so clear to me.,general_explain
explain further please.,general_explain
could you please further elaborate me about what you have just said.,general_explain
i don't understand what you just said now.,general_explain
your words was not so clear.,general_explain
i do not catch up with you.,general_explain
will you further elaborate me on it please.,general_explain
would you please elaborate more on your response to me.,general_explain
i did not catch that.,general_explain
could you elaborate me more on your response please.,general_explain
i was not clear about what you just said now.,general_explain
i could not understand this.,general_explain
explain further on last sentence to me please.,general_explain
please rephrase more on what you have just said to me.,general_explain
can you please further explain me about that.,general_explain
further elaborate me on what you have said please.,general_explain
once again elaborate me on that.,general_explain
i don't get this.,general_explain
"s2, i don't get your words.",general_explain
please rephrase me more on what you said now.,general_explain
what did you mean by it.,general_explain
"s1, will you please further explain me about what you said.",general_explain
could you clarify further on what you said now to me please.,general_explain
"s2, i am unclear about it.",general_explain
i am unclear about your answer.,general_explain
would you again explain the last sentence to me please.,general_explain
please explain me more on what you've just said.,general_explain
i am not so clear about that.,general_explain
what do you mean.,general_explain
will you once again rephrase me about what you just said now.,general_explain
i was not so clear about your answers.,general_explain
"s1, again elaborate me on what you have just said please.",general_explain
explain further.,general_explain
"s2, i was not clear about that.",general_explain
please will you elaborate further on last sentence.,general_explain
will you please clarify again.,general_explain
explain me further on what you have said please.,general_explain
please will you explain me more on what you've said.,general_explain
"s1, please explain me more on your answers.",general_explain
will you explain me about the last sentence further please.,general_explain
what do you mean by it.,general_explain
what you have said was not so clear.,general_explain
"s2, i am unclear about your words.",general_explain
will you please rephrase me further on that.,general_explain
can you please further elaborate what you just said.,general_explain
i couldn't get what you've said.,general_explain
can you elaborate further on this to me please.,general_explain
"s2, i could not catch up with you.",general_explain
can you please clarify me more on your answers.,general_explain
what did you mean by saying this.,general_explain
could not understand it.,general_explain
would you please once again explain me about your words.,general_explain
"s2, do not get the last sentence.",general_explain
i don't understand what you have said.,general_explain
"s2, can not get this.",general_explain
your response was not clear.,general_explain
"s2, i can not quite catch that.",general_explain
please once again rephrase me about what you have said.,general_explain
i didn't catch that.,general_explain
will you rephrase this again to me please.,general_explain
"s1, explain more on your response.",general_explain
"s2, i didn't catch up with you.",general_explain
rephrase me about what you've said further please.,general_explain
please clarify once again.,general_explain
can you please explain more on last sentence to me.,general_explain
"s1, would you further elaborate to me please.",general_explain
"s2, last sentence was not clear.",general_explain
"s2, i didn't catch that.",general_explain
clarify further on that to me please.,general_explain
please elaborate once again to me.,general_explain
i did not quite catch that.,general_explain
your answer is not clear.,general_explain
i was not clear about your response.,general_explain
could you once again rephrase me about your answers.,general_explain
"s1, please explain further on your words to me.",general_explain
i am not so clear about what you just said.,general_explain
i am not clear about your answers.,general_explain
i am not clear about last sentence.,general_explain
will you rephrase me on what you've just said again please.,general_explain
will you explain me about what you have said once again please.,general_explain
what did you mean by saying it.,general_explain
would you please once again rephrase me on your answers.,general_explain
rephrase further on your response please.,general_explain
"s2, i didn't quite catch that.",general_explain
would you again clarify me on it.,general_explain
have you made a mistake.,general_explain
"s1, please once again clarify to me.",general_explain
"s1, can you further clarify me on it.",general_explain
will you please again elaborate.,general_explain
can you please clarify me about this further.,general_explain
could you elaborate further on your answers to me.,general_explain
once again elaborate me on what you have just said please.,general_explain
"s1, again explain to me please.",general_explain
"s1, would you elaborate further on your answer to me please.",general_explain
can you please clarify me more on your answer.,general_explain
"s1, could you please clarify me about what you've just said once again.",general_explain
"s1, further rephrase me about what you just said now please.",general_explain
"s2, i was unclear about your response.",general_explain
didn't understand your answers.,general_explain
please will you further clarify me on that.,general_explain
once again explain your answer.,general_explain
"s1, please again elaborate me about your answer.",general_explain
i am not clear about your words.,general_explain
could you rephrase me about your response again please.,general_explain
please will you clarify me more on it.,general_explain
please explain me about your words once again.,general_explain
please rephrase again to me.,general_explain
"s1, rephrase this further.",general_explain
elaborate me further on your answer please.,general_explain
i was not so clear about your words.,general_explain
would you again rephrase me on your words please.,general_explain
can you tell me a nice joke,general_joke
say joke,general_joke
i need to find a funny joke that is ok for kids,general_joke
do you know any good jokes,general_joke
do you know any jokes,general_joke
i need a good joke,general_joke
the joke of the day,general_joke
humor me,general_joke
find me the best knock knock joke on the internet,general_joke
tell me joke,general_joke
tell me a joke about birds,general_joke
what is the funniest joke ever,general_joke
what's the funniest joke you know,general_joke
say some jokes,general_joke
i need a funny joke to tell sam,general_joke
please tell me a joke,general_joke
tell joke,general_joke
tell me a joke about a man,general_joke
hey olly make me laugh with a good joke,general_joke
tell me a good joke,general_joke
cheer me up,general_joke
tell me a joke about aliens,general_joke
hey tell me a knock knock joke,general_joke
find jokes on the web,general_joke
make me laugh i want to hear a joke,general_joke
i want to hear a joke,general_joke
open some cools jokes,general_joke
hey share me some joke to make me happy,general_joke
joke of the day,general_joke
tell me a dirty joke,general_joke
find a joke in your vault and tell me,general_joke
share me a joke,general_joke
what is a good joke,general_joke
how many jokes do you know,general_joke
make me smile by telling a joke,general_joke
do you know any joke,general_joke
what is the highest rated joke today,general_joke
joke me,general_joke
any funny jokes,general_joke
tell me a clean joke,general_joke
search for new jokes,general_joke
what's a good joke,general_joke
tell me a joke about chickens,general_joke
say a funny,general_joke
do you have a funny joke for me,general_joke
a joke please,general_joke
can you find an animal joke for me,general_joke
make me laugh,general_joke
could you tell me funny things,general_joke
say something funny,general_joke
tell me a joke about dogs,general_joke
tell me the funniest joke that was ever told,general_joke
are you aware this joke,general_joke
find funny jokes,general_joke
let me laugh hearing some good joke,general_joke
funny joke,general_joke
tell me a good doctor joke,general_joke
what is your best joke,general_joke
funny story,general_joke
tell me some funny joke to laugh,general_joke
let me hear a joke,general_joke
search for a good nerd joke,general_joke
i want to listen to a joke,general_joke
say a good joke for me right now,general_joke
send a giggle my way,general_joke
hey do you know any jokes,general_joke
tell funny things,general_joke
i need to hear a joke can you tell me one,general_joke
i wanna laugh can you make it happen,general_joke
what is a funny joke,general_joke
i want to hear a funny joke,general_joke
tell me a joke about lawyers,general_joke
tell me a joke please,general_joke
tell me some joke,general_joke
show me a funny joke,general_joke
jokes,general_joke
tell me a funny joke,general_joke
find the joke about the orange and the banana,general_joke
be funny for me,general_joke
i want to hear a good joke,general_joke
please tell me a joke that i'll think is funny,general_joke
hey olly have you heard any funny jokes lately,general_joke
can you tell me a joke,general_joke
have you heard any good jokes lately,general_joke
i need a naughty joke not to naughty though,general_joke
what is a funny joke about car,general_joke
what's the famous monty python joke about the bird,general_joke
what's the funniest joke,general_joke
whats a silly joke you know,general_joke
tell me jokes,general_joke
tell a joke,general_joke
crack a joke,general_joke
what's the latest joke,general_joke
a priest walks into a bar,general_joke
whats a good joke,general_joke
tell me something funny,general_joke
tell a joke that puts smile on my face,general_joke
can i hear the joke about the old woman again,general_joke
i think you messed up with my command.,general_negate
this was not what i am searching for.,general_negate
"uhh no, that's not what i am searching for.",general_negate
you told me the incorrect date please correct this.,general_negate
"nope, i did not say it.",general_negate
"shit, i didn't ask for this.",general_negate
sorry but it was not the correct response.,general_negate
incorrect command.,general_negate
thanks but this is not the right response.,general_negate
goddammit.,general_negate
i am sorry but that's not the correct response.,general_negate
"dammit, it isn't what i asked.",general_negate
are you sure that is correct.,general_negate
"stop, this is not right answer.",general_negate
"oh no, you gave me not right information.",general_negate
thanks but i think you did not get the answer correctly.,general_negate
sorry but that is not the right answer.,general_negate
"uhh no, i did not say this.",general_negate
"dammit, that's not what i meant.",general_negate
thanks but i think that was not the correct command.,general_negate
that was incorrect let's try again.,general_negate
"no, i think that's not the right response.",general_negate
you didn't say my name right.,general_negate
it seems like olly's command was not right.,general_negate
i think you've done this all in wrong manner.,general_negate
dont do that again.,general_negate
i did not say it.,general_negate
"uh no, you've done in wrong manner.",general_negate
it's not the correct command.,general_negate
"oops, i think this was not the right response.",general_negate
thanks but i think this was not the correct command.,general_negate
"uhh no, you didn't interpret the request right.",general_negate
that isn't what i meant.,general_negate
i think this was not correct.,general_negate
"wait, this is not the right command.",general_negate
thanks but you didn't get me.,general_negate
"shit, you've done a task wrong.",general_negate
thanks but i think you have messed up my request.,general_negate
"nope, incorrect command.",general_negate
thanks but you have got it incorrect.,general_negate
i think you did not get this right.,general_negate
sorry but that was not the correct response.,general_negate
i am sorry but that is not the right answer.,general_negate
thanks but i think you do not understand this right.,general_negate
i think that's not correct answer.,general_negate
please make sure your command was correct because it doesn't sound right.,general_negate
please check the command.,general_negate
i am sorry but i think you have messed up with my request.,general_negate
sorry but i think you are not right.,general_negate
sorry but it is not correct.,general_negate
i am sorry but i think that's not correct.,general_negate
"dammit, it isn't what i am looking for.",general_negate
"shit, not correct.",general_negate
this is not the correct answer.,general_negate
i asked for something else.,general_negate
"i think you made mistake, please change this.",general_negate
listen carefully that is not correct.,general_negate
"oops, that's not the right response.",general_negate
"uh no, i think incorrect command.",general_negate
i did not ask for that.,general_negate
i am sorry but i think it's not the right command.,general_negate
wrong i will repeat the command now.,general_negate
thats not it please do it again.,general_negate
i do not think that was correct.,general_negate
thanks but it is not correct command.,general_negate
that was not what i meant.,general_negate
"i think you made some mistake, please check it.",general_negate
"oops, i think you do not understand me.",general_negate
that wasn't it.,general_negate
you didn't get it correctly.,general_negate
"uhh no, i think you've done this incorrectly.",general_negate
"dammit, that's not what i said.",general_negate
it must be mistake.,general_negate
this is not what i requested.,general_negate
i think you did the task incorrectly.,general_negate
thanks but i think it's wrong response.,general_negate
"wait, you've understood me not right.",general_negate
i think incorrect.,general_negate
"nope, i think you did this all in wrong manner.",general_negate
"oops, you're wrong.",general_negate
sorry but it is incorrect.,general_negate
please modify the wrong command.,general_negate
you've got me incorrectly.,general_negate
olly's command is incorrect.,general_negate
"uhh no, i think not right response.",general_negate
the command was wrong.,general_negate
i am sorry but i think it is not the right command.,general_negate
"nope, you are incorrect.",general_negate
that must be some mistakes.,general_negate
you are leading me into wrong.,general_negate
"stop, you didn't instruction the request right.",general_negate
"no, you gave me not correct information.",general_negate
"hmm, it is not what i wanted.",general_negate
"hmm, not correct response.",general_negate
i am sorry but this was not the right command.,general_negate
i am sorry but it's not the right answer.,general_negate
sorry but that's not the correct response.,general_negate
please rectify the command.,general_negate
you had me incorrectly.,general_negate
"oh no, this was not what i was searching for.",general_negate
"hmm, you've done this all in wrong manner.",general_negate
i think you are wrong.,general_negate
"shit, it isn't what i was searching for.",general_negate
the command is not correct.,general_negate
this was not correct command.,general_negate
sorry but it's not the right answer.,general_negate
"oh no, you did task all wrong.",general_negate
i am sorry but it's not correct response.,general_negate
i think that's not the right command.,general_negate
that's wrong.,general_negate
seems like the response was not correct.,general_negate
you don't understand it right.,general_negate
"uhh no, you gave me not correct information.",general_negate
that's not what i just said.,general_negate
"nope, you did a task in wrong manner.",general_negate
"no, you don't get what i just requested.",general_negate
"uh no, i think not correct response.",general_negate
thanks but it's not the correct command.,general_negate
that's not the correct answer.,general_negate
thanks but i think you made some mistakes.,general_negate
"uh no, it isn't what i am looking for.",general_negate
"stop, i think that's not the correct command.",general_negate
"oh no, i didn't say it.",general_negate
your answer was not what i was looking for.,general_negate
"oh no, you did not get what i was searching for.",general_negate
"wait, i think that's not the correct command.",general_negate
thanks but i think you have gotten me not correct.,general_negate
olly i said call jack not jake.,general_negate
"oh no, i think you have done a task wrong.",general_negate
i think it's not the correct answer.,general_negate
i am sorry but you got that incorrectly.,general_negate
you have done task all wrong.,general_negate
"uhh no, that isn't what i was looking for.",general_negate
"hmm, i think incorrect answer.",general_negate
i think you didn't understand me.,general_negate
"uh no, you gave me incorrect information.",general_negate
i think you've done task all wrong.,general_negate
i am sorry but i think you are not right.,general_negate
"uhh no, you have done task all in wrong manner.",general_negate
"dammit, not right response.",general_negate
thanks but you are incorrect.,general_negate
i am sorry but i think you're incorrect.,general_negate
"no, you gave me incorrect information.",general_negate
it was not the correct response.,general_negate
"nope, it's not the correct command.",general_negate
i think you have done the task all wrong.,general_negate
sorry but i think you got it wrongly.,general_negate
"oops, you did not get me.",general_negate
sorry but you have messed up the command.,general_negate
"hmm, i think not correct.",general_negate
"hmm, i did not ask for this response.",general_negate
you gave me not correct information.,general_negate
i think this is not correct command.,general_negate
you have done the task wrong.,general_negate
"uh no, i think you have done task in wrong manner.",general_negate
"no, it is not what i wanted.",general_negate
"that's helpful,.",general_praise
"that's perfect, musch appreciated.",general_praise
thank you so much.,general_praise
"fantastic job, you did well, olly.",general_praise
"perfect work, you've done well, olly.",general_praise
"appreciate your helping, olly.",general_praise
"it is great one, thank you.",general_praise
"you did awesome job,.",general_praise
"that's wonderful work, thank you.",general_praise
you've done it right thank you so much.,general_praise
"you helped a lot, i appreciate it, olly.",general_praise
"it's useful,, olly.",general_praise
"thanks, it's perfect, olly.",general_praise
"that's cool, thank you very much, olly.",general_praise
"you are awesome, thanks.",general_praise
i appreciate your helping.,general_praise
"you are so helpful, musch appreciated, olly.",general_praise
you've done it correctly thank you.,general_praise
"you are my hero, thank you so much, olly.",general_praise
"that was helpful,.",general_praise
thank you so much for the information.,general_praise
thanks for doing that.,general_praise
"it was cool, thank you very much.",general_praise
"it's helpful, thank you very much.",general_praise
"awesome work, you've done well.",general_praise
thank you so much for your helping.,general_praise
"that is nice work, thanks.",general_praise
"well done,.",general_praise
"amazing job, you have done well.",general_praise
"that's good one, thank you very much.",general_praise
"ah it was great one, olly.",general_praise
"thank you for doing it, olly.",general_praise
"it was nice one, thanks.",general_praise
thanks for your answers.,general_praise
"thank you very much, olly.",general_praise
thanks for reminding me.,general_praise
thanks for asssistance.,general_praise
ah it's great work.,general_praise
thank you very much for listening.,general_praise
"you are awesome, i appreciate it.",general_praise
you've done that correctly thanks.,general_praise
"thank you so much for the help, olly.",general_praise
"it was good job, i appreciate it, olly.",general_praise
"appreciated, olly.",general_praise
"thanks for the response, olly.",general_praise
"that is helpful, thanks.",general_praise
oh it's nice one.,general_praise
"you have done it right musch appreciated, olly.",general_praise
"it's perfect job, musch appreciated, olly.",general_praise
"you are star, thank you.",general_praise
"that's good one, olly.",general_praise
you are smart.,general_praise
"it was good one, thank you very much.",general_praise
"that's useful, thank you so much, olly.",general_praise
"you are the best,.",general_praise
"oh it is nice one, olly.",general_praise
"that is cool, musch appreciated.",general_praise
ah that is great one.,general_praise
"it's useful, thank you so much.",general_praise
"that's useful, thank you.",general_praise
"that's cool,.",general_praise
"you are my hero, appreciated.",general_praise
"you have done it right thanks, olly.",general_praise
"it's cool, thanks.",general_praise
you've done that right thank you very much.,general_praise
"that's amazing work, i appreciate it.",general_praise
i appreciate answers.,general_praise
"that's helpful, thank you very much.",general_praise
"that's amazing job, musch appreciated.",general_praise
"i appreciate it, that's great job.",general_praise
"you did great job, musch appreciated.",general_praise
"it's fantastic, thanks.",general_praise
"you are so helpful, thank you so much, olly.",general_praise
"you are the best, thank you so much, olly.",general_praise
"it's excellent, appreciated.",general_praise
"great job, you have done well.",general_praise
"that's useful, thank you very much.",general_praise
"you have done it correctly musch appreciated, olly.",general_praise
"that's nice job, thank you so much.",general_praise
"you are awesome,.",general_praise
"you are so helpful, thank you so much.",general_praise
"excellent job, you have done well.",general_praise
"that's nice one, thanks.",general_praise
"you are helpful, musch appreciated.",general_praise
"that's helpful, i appreciate it.",general_praise
"oh that's good, olly.",general_praise
"that's cool,, olly.",general_praise
ah that's awesome work.,general_praise
"it's fantastic, musch appreciated.",general_praise
"you helped a lot, musch appreciated, olly.",general_praise
"well done, musch appreciated.",general_praise
"you are smart, olly.",general_praise
"you've done that right, olly.",general_praise
"it's useful, thank you.",general_praise
"it was cool, i appreciate it.",general_praise
"musch appreciated, that's good.",general_praise
"appreciated, that's nice.",general_praise
"you did awesome work,.",general_praise
you've done it right thanks.,general_praise
"thanks for the helping, olly.",general_praise
"it's helpful, musch appreciated, olly.",general_praise
"perfect job, you have done well.",general_praise
"it was nice job, thank you so much.",general_praise
"you rock, i appreciate it.",general_praise
"you are star, musch appreciated, olly.",general_praise
"good work, you have done well, olly.",general_praise
"that was cool,, olly.",general_praise
"you did nice job, thank you.",general_praise
"thank you so much, olly.",general_praise
"you are my hero, thank you, olly.",general_praise
"you are hero, thank you very much.",general_praise
"it's great one, i appreciate it.",general_praise
"you did awesome work, thank you so much.",general_praise
"you helped a lot,, olly.",general_praise
"that's useful, appreciated, olly.",general_praise
you've done that right.,general_praise
"i appreciate it, it is great one, olly.",general_praise
you've done it right appreciated.,general_praise
"you are hero,, olly.",general_praise
"it is useful, thank you so much.",general_praise
"it is useful, thank you.",general_praise
"it was nice one, thank you very much.",general_praise
"it's amazing job, thank you very much, olly.",general_praise
"that was good one, thank you so much.",general_praise
"you are helpful, thanks.",general_praise
oh it's great job.,general_praise
that's good one.,general_praise
ah it is excellent.,general_praise
"nice job, you have done well, olly.",general_praise
"well done, thank you so much.",general_praise
"it's good job, i appreciate it.",general_praise
"thanks, that's fantastic job, olly.",general_praise
you've done that correctly thank you very much.,general_praise
"that's amazing, thanks, olly.",general_praise
thank you very much for your answers.,general_praise
"you did good job, thanks.",general_praise
"you rock,.",general_praise
"that's useful, musch appreciated, olly.",general_praise
"it was amazing, olly.",general_praise
"you've done it correctly thanks, olly.",general_praise
thank you very much for that information.,general_praise
"you are hero, appreciated.",general_praise
ah it's amazing.,general_praise
"that's great one, thanks.",general_praise
"i appreciate it, that's amazing.",general_praise
"thank you for your response, olly.",general_praise
that was nice one.,general_praise
"fantastic work, you've done well.",general_praise
"that's good one, thank you very much, olly.",general_praise
"you are my star, thank you so much.",general_praise
"it's wonderful job, thank you very much.",general_praise
"that was useful,.",general_praise
you have done that right appreciated.,general_praise
"wonderful job, you have done well.",general_praise
"excellent work, you've done well.",general_praise
"appreciated, that is great job.",general_praise
you are so smart.,general_praise
i had a relaxing day today,general_quirky
i want a not only to direct me to an internet site but actually answer any given question,general_quirky
can you feel,general_quirky
have a anyinput day,general_quirky
what is the best chocolate chip cookie recipe,general_quirky
is it true the hanging tree really had someone hung from it,general_quirky
i am happy,general_quirky
nightime,general_quirky
nice to meet you,general_quirky
what is the best method to decide what the best thing to do isre,general_quirky
how can i make your day a little better,general_quirky
can you explain string theory to me,general_quirky
what do you think i should have for breakfast,general_quirky
i really enjoyed sunny day today,general_quirky
when i want it to take down notes,general_quirky
what rihanna is doing,general_quirky
famous person biographies,general_quirky
i hate how long the traffic jams get,general_quirky
how do i duct tape a gooseto apig,general_quirky
what about tonight dinner with me,general_quirky
lets begin buddy,general_quirky
celebrities,general_quirky
why do some people still think the earth is flat,general_quirky
let me know when charges hit my credit card,general_quirky
i want it to be able to tell me statistics about things it's done for me like how often i've eaten out this month,general_quirky
how do you make steel,general_quirky
what do you think was the best decade,general_quirky
plants,general_quirky
dubai marriage,general_quirky
what do you do with my personal data,general_quirky
tell me about this person,general_quirky
i want to buy over ear headphones with minimum frequency response of fifteen hz and maximum frequency response twenty two thousand hz,general_quirky
find me a good wine shop that stock old wines like older than ten years navigate me to that shop,general_quirky
how much do you know about me,general_quirky
if it is a consumer good then what is the customer feedback,general_quirky
how has your life been changed by me,general_quirky
jlo fan updates,general_quirky
how about you,general_quirky
uefa european championship,general_quirky
good restaurants,general_quirky
what happened to charlie chaplin,general_quirky
what can you do,general_quirky
what would be the a perfectly nutritionally balanced meal for dinner,general_quirky
moderate,general_quirky
how much can i bleed before i die,general_quirky
tell me everything about umf,general_quirky
it has a meaning of rhythm,general_quirky
it was a very hectic workday,general_quirky
can you make dinner for me,general_quirky
how often do you complete updates,general_quirky
i would like to solve maths issues,general_quirky
did you change the wallpaper,general_quirky
hey i am having a bad day today what can i watch to cheer me up,general_quirky
how would you tackle the following problem brush your teeth,general_quirky
an graphical images effects to be required,general_quirky
the weather is sunny today,general_quirky
if you put a velociraptor and a hippo together what would happen,general_quirky
Is country better today or ten years ago,general_quirky
i want to know more about this person,general_quirky
today i couldn't find my phone,general_quirky
ask me an arithmetic question,general_quirky
show me what i can do with fitness,general_quirky
please explain space,general_quirky
who won the sports game last night,general_quirky
i would like to crack jokes,general_quirky
how do i buy tickets for that,general_quirky
i am exhausted from work,general_quirky
can you be my best friend,general_quirky
about reality in world,general_quirky
veganism,general_quirky
how many calories did i burn with my fifty minutes of yoga,general_quirky
show me the places where i was,general_quirky
give me the most recent stuff you have angelina jolie,general_quirky
what is your prescription for long and healthy life,general_quirky
what are the details on umf,general_quirky
explain quantum physics to me in language i understand,general_quirky
journal entry for today,general_quirky
can you tell me a little about yourself,general_quirky
amazon deals,general_quirky
check the status of my power usage,general_quirky
see you,general_quirky
has it been a busy day,general_quirky
what's next,general_quirky
recent advice concerning google seo,general_quirky
please tell me who is going to win the nba championship,general_quirky
find recent events of the celebrity,general_quirky
horoscope,general_quirky
today i had a record breaking sale,general_quirky
i bought pre season baseball tickets,general_quirky
tell me more about that concert,general_quirky
did ashwin joined party yesterday,general_quirky
i would like my to write original romantic messages for my wife,general_quirky
the meaning of life,general_quirky
how does production and population affects us,general_quirky
what's your favorite color,general_quirky
drive the car and bring my friends over,general_quirky
your birth date,general_quirky
can you tell me how to measure my shoe size,general_quirky
please check this info on geographics for me,general_quirky
my day was so busy,general_quirky
life,general_quirky
could you manipulate roip for me,general_quirky
tell me your answer,general_quirky
are you human,general_quirky
bingo,general_quirky
do homework for me please,general_quirky
hey today i was fired from my job,general_quirky
what is the story of the movie titanic,general_quirky
do you know of any good free knitting patterns,general_quirky
how can you get basalt,general_quirky
what's on your mind today,general_quirky
can you lie,general_quirky
give me some health tips,general_quirky
do you think today will be nice out,general_quirky
is there a groomer in town for cats only,general_quirky
compare prices of dairy items in local shops,general_quirky
downloads management,general_quirky
let's make some popcorn and watch an old movie together,general_quirky
what is your age,general_quirky
find me the cheapest copy of the four hour body,general_quirky
please tell me how to do my daughters eighth grade math,general_quirky
suggestions for future,general_quirky
i would like it if my robot could engage in deep conversation with me,general_quirky
i want to know more about the upcoming commonwealth games,general_quirky
how do you like being my assistant,general_quirky
i just want to know some information about you,general_quirky
what are the scores from last night's hockey games,general_quirky
i saw a bulldog today,general_quirky
why people like movies,general_quirky
i watched the best movie please reserve me a copy when it releases,general_quirky
movies making money,general_quirky
why do starving people keep having kids,general_quirky
i don't understand this question but what's it like in there,general_quirky
too private,general_quirky
latest technologies gadgets,general_quirky
what am i doing today,general_quirky
what is your name,general_quirky
what is your mood today,general_quirky
what does jon bon jovi's wife look like,general_quirky
i would like it to be able to compute answer from search results like wolfram alpha does,general_quirky
what things can't you do,general_quirky
kill all the frogs you see,general_quirky
does mr t have a family,general_quirky
i have a deadline on tuesday,general_quirky
show me a map of everywhere the cat has been this week,general_quirky
opinion about latest gadgets,general_quirky
dolores how was your day,general_quirky
today some things happened,general_quirky
when will you do my laundry,general_quirky
what are you doing,general_quirky
plan me a holiday trip,general_quirky
why does tom izzo look like a whiny bitch when his team plays,general_quirky
what is my location,general_quirky
friend updates,general_quirky
i had a long hard day,general_quirky
can you watch a movie on netflix with me,general_quirky
hey i met one of my old classmates today,general_quirky
i would like it if my robot could make money for me,general_quirky
let us start over.,general_repeat
please would you replay your last phrase said.,general_repeat
say the last one said again please.,general_repeat
reset.,general_repeat
can you tell me what said once more.,general_repeat
please start over.,general_repeat
please would you repeat that.,general_repeat
would you speak it one more again please.,general_repeat
can you try the last one spoken once again.,general_repeat
please reset that.,general_repeat
can you speak the command spoke one more again please.,general_repeat
i'd like to hear what i have just said again.,general_repeat
tell me once again.,general_repeat
please say what you've just said once again.,general_repeat
start over please.,general_repeat
can you repeat please.,general_repeat
will you reset.,general_repeat
could you tell me it one more time please.,general_repeat
one more time again.,general_repeat
will you retry it please.,general_repeat
would you try that instruction said again please.,general_repeat
tell me that once again.,general_repeat
tell me it one more again please.,general_repeat
i would like to hear what i've said again.,general_repeat
would you tell me that once again.,general_repeat
please speak the last one said one more time.,general_repeat
one more again please.,general_repeat
try it once more please.,general_repeat
please let's start over.,general_repeat
tell me what you just said once again please.,general_repeat
could you try what you just said one more again.,general_repeat
i'd like to hear the last utterance spoken again.,general_repeat
would you try what you said again.,general_repeat
please would you reset.,general_repeat
will you say again please.,general_repeat
could you tell me one more time please.,general_repeat
replay please.,general_repeat
please could you try what you've said once more.,general_repeat
i would like to hear the last one you said again.,general_repeat
can you reset.,general_repeat
say that again.,general_repeat
please replay your last statement.,general_repeat
try the last message one more time please.,general_repeat
please tell me that one more again.,general_repeat
retry the last spoken.,general_repeat
please tell me it one more again.,general_repeat
i want to hear your last instruction you said again.,general_repeat
reset please.,general_repeat
can you speak it again please.,general_repeat
please can you tell me that word said once again.,general_repeat
i'm sorry.,general_repeat
please repeat that.,general_repeat
would you repeat the last please.,general_repeat
replay the last utterance said.,general_repeat
please speak that one more again.,general_repeat
i need to hear that sentence said again.,general_repeat
can you speak once again please.,general_repeat
tell me that one more time please.,general_repeat
what's that.,general_repeat
say it one more time please.,general_repeat
tell me again.,general_repeat
please can you say it one more time again.,general_repeat
tell me what i said one more time again please.,general_repeat
speak one more time please.,general_repeat
could you tell me once again please.,general_repeat
will you speak one more time again.,general_repeat
i would like to hear what said again.,general_repeat
let's try it again.,general_repeat
could you speak once more please.,general_repeat
please will you say that one more again.,general_repeat
speak again please.,general_repeat
tell me one more time again please.,general_repeat
i'd like to hear that sentence spoke again.,general_repeat
will you say what you have just said once more please.,general_repeat
could you say the sentence spoken once again please.,general_repeat
what is that one more time.,general_repeat
please let's try it one more time again.,general_repeat
could you speak one more again please.,general_repeat
retry it please.,general_repeat
let's try what you have said again.,general_repeat
please will you try again.,general_repeat
please will you reset.,general_repeat
i would like to hear your last the procedure said again.,general_repeat
please try what you've just said again.,general_repeat
retry the instruction spoke please.,general_repeat
will you retry please.,general_repeat
could you speak it one more again please.,general_repeat
try it one more time please.,general_repeat
what is that once again.,general_repeat
would you try the last one spoken one more time again please.,general_repeat
let us try it one more again please.,general_repeat
say again.,general_repeat
start over.,general_repeat
please would you speak one more again.,general_repeat
i want to hear what you have said again.,general_repeat
can you say one more again.,general_repeat
let us do it again.,general_repeat
repeat that.,general_repeat
stop and start over.,general_repeat
please could you replay.,general_repeat
please would you tell me one more time again.,general_repeat
could you speak the last utterance said once more.,general_repeat
would you replay please.,general_repeat
please try your last sentence you said once again.,general_repeat
tell me one more again please.,general_repeat
what was that one more time.,general_repeat
can you replay your phrase you just said.,general_repeat
let's do it again please.,general_repeat
tell me that words spoke again please.,general_repeat
i would like to hear again.,general_repeat
could you say one more time please.,general_repeat
would you do it again please.,general_repeat
tell me it one more time again please.,general_repeat
repeat what i've just said please.,general_repeat
will you say once again.,general_repeat
i'd like to hear what you have said again.,general_repeat
could you speak that once more.,general_repeat
will you replay what you have said please.,general_repeat
would you tell me it one more time please.,general_repeat
will you do it again please.,general_repeat
will you tell me again please.,general_repeat
i want to hear what i've just said again.,general_repeat
tell me again please.,general_repeat
could you tell me the last spoke once again.,general_repeat
will you speak it once again.,general_repeat
could you tell me again please.,general_repeat
beg your pardon.,general_repeat
let us try your last things once more please.,general_repeat
please tell me it once again.,general_repeat
let's try what you said one more time again please.,general_repeat
i need to hear that sentence again.,general_repeat
would you try that words spoke one more time again.,general_repeat
could you tell me it once again please.,general_repeat
i'd like to hear that again.,general_repeat
could you tell me it once again.,general_repeat
would you reset what i've said please.,general_repeat
stop and try what i've just said once more.,general_repeat
could you repeat that.,general_repeat
i want to hear what said again.,general_repeat
i'd like to hear the last things spoke again.,general_repeat
please could you tell me that comment said once again.,general_repeat
please tell me once more.,general_repeat
tell me once more please.,general_repeat
please speak one more time again.,general_repeat
let's try again please.,general_repeat
let us do it again please.,general_repeat
say it once again please.,general_repeat
sorry.,general_repeat
will you tell me what you have said one more time please.,general_repeat
can you retry please.,general_repeat
please let's do it again.,general_repeat
can you try what i just said again.,general_repeat
tell me that one more time again.,general_repeat
could you do it again please.,general_repeat
will you say once again please.,general_repeat
tell me the last spoke one more time.,general_repeat
will you tell me that once more please.,general_repeat
by ten to eleven am daily start my vacuum cleaner,iot_cleaning
please clean the floor,iot_cleaning
start roomba,iot_cleaning
i want to turn on the robot vacuum cleaner,iot_cleaning
activate robot vacuum,iot_cleaning
initiate cleaning process,iot_cleaning
turn on my robot vacuum cleaner now,iot_cleaning
please start vacuum cleaner,iot_cleaning
start robot vacuum,iot_cleaning
run the vacuum cleaner,iot_cleaning
can you please put the vacuum on,iot_cleaning
turn on vacuum,iot_cleaning
vacuum the mud room,iot_cleaning
clean the floor please,iot_cleaning
please run the vacuum,iot_cleaning
run the robot vacuum cleaner,iot_cleaning
turn on the vacuum cleaner while i am gone,iot_cleaning
activate the vacuum cleaner and use it,iot_cleaning
activate the robot vacuum,iot_cleaning
can you activate the vacuum to clean the house,iot_cleaning
vacuum the floor,iot_cleaning
activate robot vacuum cleaner,iot_cleaning
my vacuum cleaner should start between ten to eleven am everyday,iot_cleaning
please run the vacuum cleaner,iot_cleaning
can you put the vacuum on,iot_cleaning
robot vacuum cleaner on,iot_cleaning
it's dirty here make some noise,iot_cleaning
please turn on roomba,iot_cleaning
turn on the vacuum,iot_cleaning
vacuum cleaner start,iot_cleaning
activate robot cleaner in an hour,iot_cleaning
please turn on my robot vacuum cleaner,iot_cleaning
start house cleanup,iot_cleaning
get the roomba to clean up,iot_cleaning
can you start the roomba,iot_cleaning
vacuum start,iot_cleaning
vacuum the carpet freshener from the carpet,iot_cleaning
can you start the vacuum,iot_cleaning
turn on robot vacuum cleaner,iot_cleaning
start vacuum,iot_cleaning
vacuum the living room in ten minutes,iot_cleaning
get the cleaning on,iot_cleaning
start cleaner,iot_cleaning
turn on the robot vacuum,iot_cleaning
initialize the robot vacuum,iot_cleaning
there is a pile of torn paper on the rug to suck up,iot_cleaning
start vacuuming now please,iot_cleaning
let's suck out the dust,iot_cleaning
vacuum the house,iot_cleaning
is there anything i need to know before i activate the robot vacuum cleaner,iot_cleaning
turn on vacuum cleaner,iot_cleaning
start the robot vacuum cleaner at one pm today,iot_cleaning
get the roomba to clean the kitchen,iot_cleaning
start the robot vacuum cleaner,iot_cleaning
put on the vacuum on now and clean the living room,iot_cleaning
clean the carpets,iot_cleaning
start robo vac,iot_cleaning
begin vacuuming,iot_cleaning
activate the roomba,iot_cleaning
turn cleaner robot on,iot_cleaning
can you turn on the vacuum cleaner,iot_cleaning
start robot cleaner,iot_cleaning
start the robot vacuum cleaner now,iot_cleaning
clean the flat,iot_cleaning
switch on robot vacuum cleaner,iot_cleaning
use vacuum cleaner in the hall,iot_cleaning
make my iroomba clean the living room,iot_cleaning
turn on the robot vacuum cleaner,iot_cleaning
start cleaning floors,iot_cleaning
start robot vacuum cleaner,iot_cleaning
please start the vacuum cleaner,iot_cleaning
can you set the vacuum to start cleaning at ten am time,iot_cleaning
will you have the vacuum start cleaning,iot_cleaning
clean the floor,iot_cleaning
vacuum living room,iot_cleaning
please start the vacuum,iot_cleaning
clean my house,iot_cleaning
vacuum the dining room,iot_cleaning
hey start vacuum cleaner robot,iot_cleaning
turn on the vacuum cleaner,iot_cleaning
hoover the hallway,iot_cleaning
start house cleaning,iot_cleaning
hey go from off to on my vacuum in five minutes,iot_cleaning
please start vacuum,iot_cleaning
on vacuum cleaner,iot_cleaning
start cleaning,iot_cleaning
how do you turn on the robot vacuum cleaner,iot_cleaning
can you turn on the vacuum,iot_cleaning
robot vacuum the hallway now,iot_cleaning
does the robot vacuum cleaner have to be plugged in,iot_cleaning
robot vacuum the living room now,iot_cleaning
have my iroomba clean the house,iot_cleaning
open vacuum cleaner,iot_cleaning
please set the vacuum to start going now,iot_cleaning
activate the vacuum cleaner,iot_cleaning
start the vacuum,iot_cleaning
start cleaning robot cleaner,iot_cleaning
turn the vacuum on,iot_cleaning
on the button of cleaner,iot_cleaning
hoover the carpets around,iot_cleaning
run vacuum cleaner,iot_cleaning
start vacuuming,iot_cleaning
turn on the roomba for me,iot_cleaning
vacuum the living room carpet,iot_cleaning
switch on the vacuum cleaner,iot_cleaning
please activate my vacuum cleaner,iot_cleaning
clear the dust and then on the cleaner,iot_cleaning
activate the cleaner for furniture cleaning,iot_cleaning
have the roomba run the living room,iot_cleaning
enable cleaner robot,iot_cleaning
make vacuum cleaner start,iot_cleaning
how do i start the robot vacuum cleaner,iot_cleaning
switch on the roomba,iot_cleaning
please start vacuuming,iot_cleaning
get the roomba to start cleaning,iot_cleaning
company coming over turn on the vacuum cleaner right now,iot_cleaning
vacuum the kitchen,iot_cleaning
start the vacuum at nine am,iot_cleaning
please help me turn on the robot vacuum cleaner,iot_cleaning
if my vacuum cleaner is not activated please activate it,iot_cleaning
start vacuum cleaner,iot_cleaning
initiate to operate robot vacuum cleaner,iot_cleaning
start the vacuum for me,iot_cleaning
turn on vacuum cleaning,iot_cleaning
vacuum on,iot_cleaning
run the vacuum,iot_cleaning
power up the vacuum,iot_cleaning
go near vacuum cleaner,iot_cleaning
activate vacuum,iot_cleaning
please activate the vacuum cleaner,iot_cleaning
turn the robot vacuum cleaner on,iot_cleaning
olly i need the living room vacuumed can you turn on the vacuum cleaner,iot_cleaning
cleaning is good dust is so bad do now your magic clean my carpet,iot_cleaning
at one pm today start the robot vacuum cleaner,iot_cleaning
activate the robot and vacuum the floor,iot_cleaning
i want to clean my bedroom put the vacuum on and go to my room,iot_cleaning
please activate my coffee pot for me,iot_coffee
i need a drink,iot_coffee
make us a brew,iot_coffee
please make me a coffee using the coffee machine,iot_coffee
please get the coffee machine to make me some coffee,iot_coffee
coffee,iot_coffee
i want a coffee,iot_coffee
instruct the coffee maker to make a filter coffee ready in ten minutes,iot_coffee
will you please get the coffee machine to make some coffee,iot_coffee
make me a coffee,iot_coffee
prepare my coffee,iot_coffee
get me a coffee,iot_coffee
i need some coffee please,iot_coffee
start coffee machine,iot_coffee
make a coffee for me,iot_coffee
cook some coffees,iot_coffee
make coffee for me,iot_coffee
cup of coffee please,iot_coffee
time mr coffee for six am,iot_coffee
i would like a coffee now,iot_coffee
can you make me coffee now,iot_coffee
i need a coffee,iot_coffee
make me a cooled coffee,iot_coffee
order one coffee to starbucks coffee shop,iot_coffee
"I'll take my coffee, black",iot_coffee
make a pot of strong coffee,iot_coffee
please make a coffee,iot_coffee
i want to drink the coffee that you made,iot_coffee
set coffee maker to start at three,iot_coffee
please make coffee,iot_coffee
can you get me a cup of coffee please,iot_coffee
can you make coffee,iot_coffee
brew my coffee,iot_coffee
turn coffee maker on,iot_coffee
i'd like a cup of coffee please,iot_coffee
i would like coffee now,iot_coffee
turn on the coffee machine to make me some coffee,iot_coffee
i would like to have a cup of coffee,iot_coffee
can you make me a cup of coffee,iot_coffee
please make coffee according to my earlier preference,iot_coffee
can i please have a cafe americano,iot_coffee
make my coffee,iot_coffee
start a cup of coffee for me,iot_coffee
can i have cup of coffee,iot_coffee
i'd like a coffee please,iot_coffee
can you please make me a cup of black coffee,iot_coffee
i want hot coffee,iot_coffee
start cappuccino for me now,iot_coffee
please turn on coffee maker and start brew cycle,iot_coffee
make me a coffee please,iot_coffee
i need one cup of coffee,iot_coffee
please make me nice coffee,iot_coffee
please make me a cup of coffee,iot_coffee
start the coffee machine,iot_coffee
make coffee,iot_coffee
go and make me a coffee,iot_coffee
i would like a cup of coffee,iot_coffee
start a pot of coffee please,iot_coffee
is the coffee ready,iot_coffee
make coffee at eight am,iot_coffee
make me a cup of coffee with salted carmel flavored cream,iot_coffee
start up the coffee machine,iot_coffee
can you boil the kettle,iot_coffee
make the coffee,iot_coffee
i want coffee from the machine,iot_coffee
it's coffee time,iot_coffee
a cup of coffee please,iot_coffee
can you set my coffee machine to make me coffee at four pm time,iot_coffee
can you make me some coffee,iot_coffee
i would like a cup of coffee with one cream and three sugars,iot_coffee
start making a coffee,iot_coffee
my coffee is cold please make more coffee,iot_coffee
start brewing please,iot_coffee
please make me a coffee,iot_coffee
please start me some coffee,iot_coffee
get coffee maker started for a fresh cup,iot_coffee
brew some coffee,iot_coffee
i need a cup of coffee,iot_coffee
commence coffee making,iot_coffee
need a hot coffee,iot_coffee
would you set the coffee maker running,iot_coffee
brew me some coffee,iot_coffee
i'd like a cappuccino please,iot_coffee
greg wants black coffee can you make one,iot_coffee
please turn on my coffee pot,iot_coffee
can you start the coffee machine for me,iot_coffee
program coffee machine to brew coffee in two minutes,iot_coffee
make me some coffee from the coffee machine,iot_coffee
please make me some coffee,iot_coffee
i want a coffee now,iot_coffee
start the coffee machine at three,iot_coffee
activate coffee machine,iot_coffee
turn on coffee machine and make a pot of coffee,iot_coffee
make some coffee,iot_coffee
i'd like an espresso,iot_coffee
double cappuccino small please,iot_coffee
make me coffee,iot_coffee
i want the coffee machine to make me coffee,iot_coffee
brew coffee,iot_coffee
order a latte from starbucks,iot_coffee
i want to drink coffee,iot_coffee
start making some coffee,iot_coffee
do a coffee for me please,iot_coffee
start coffee,iot_coffee
could you fix me some coffee,iot_coffee
make me coffee in five minutes,iot_coffee
make me a cup of coffee,iot_coffee
can you please make a coffee,iot_coffee
prepare a coffee,iot_coffee
prepare coffee,iot_coffee
i want coffee,iot_coffee
turn on the coffee pot,iot_coffee
how do i set the timer on my coffee machine,iot_coffee
want to wake up can you order a cappochino,iot_coffee
brew a pot of coffee,iot_coffee
can you begin the brew,iot_coffee
i fancy some coffee now,iot_coffee
please make ke a coffee,iot_coffee
please make some coffee for me,iot_coffee
set the coffee maker to on,iot_coffee
yo i need a coffee now,iot_coffee
can you set the coffee machine to make coffee at three pm time every week day,iot_coffee
make me a cappuccino,iot_coffee
explain how to set my coffee machine,iot_coffee
i need to wake up make me the strongest coffee you can make,iot_coffee
can you make some coffee,iot_coffee
start the coffee maker,iot_coffee
please ask mr coffee to make a latte,iot_coffee
i need coffee,iot_coffee
coffee make now,iot_coffee
can you start the coffee,iot_coffee
make me a cup of coffee please,iot_coffee
make five coffee tell the coffee machine,iot_coffee
please make me a cappuccino,iot_coffee
please help serve me coffee with a no sugar,iot_coffee
let me get a cup of coffee please,iot_coffee
how do i set my coffee machine to make coffee,iot_coffee
get the coffee started please,iot_coffee
please warm up coffee machine,iot_coffee
run coffee maker,iot_coffee
set coffee to brew at seven am,iot_coffee
make coffee at six am,iot_coffee
can you bring me a nice coffee,iot_coffee
please start the coffee,iot_coffee
do coffee,iot_coffee
prepare a cup of coffee,iot_coffee
make me happy juice,iot_coffee
i need some coffee,iot_coffee
can i have an espresso please,iot_coffee
please make me coffee without sweetener,iot_coffee
can i get a cup of coffee,iot_coffee
hey can you please make me a creamy coffee,iot_coffee
i want some coffee,iot_coffee
make me coffee now,iot_coffee
brew coffee at noon,iot_coffee
could you get me some coffee,iot_coffee
please make the lights watching friendly,iot_hue_lightchange
change house light colors to blue,iot_hue_lightchange
change the colours please,iot_hue_lightchange
change lights from red to blue,iot_hue_lightchange
i need to change the color of this light,iot_hue_lightchange
can i change this light to orange,iot_hue_lightchange
make the lights shine blue,iot_hue_lightchange
hey olly chance the current light settings,iot_hue_lightchange
i would like the like in the kitchen to be a different color,iot_hue_lightchange
can you do me a favor my eyes are feeling strained on these lights can you please change it to a cooler tone,iot_hue_lightchange
change color,iot_hue_lightchange
change the light colour to green,iot_hue_lightchange
switch lights to dim red,iot_hue_lightchange
change the lights in the house to green,iot_hue_lightchange
change light colour to blue,iot_hue_lightchange
hey can you make it blue in here,iot_hue_lightchange
make the lights in my home yellow,iot_hue_lightchange
please change the color of my lights surprise me,iot_hue_lightchange
change the color of lights,iot_hue_lightchange
please change the light colors to red,iot_hue_lightchange
turn lights to green,iot_hue_lightchange
i would like orange lights now,iot_hue_lightchange
adjust light when i get home,iot_hue_lightchange
house change all lights to blue,iot_hue_lightchange
change color of the light to red outside the house,iot_hue_lightchange
change the light color to red,iot_hue_lightchange
it will be good if you yellowish the light,iot_hue_lightchange
please change the lighting to blue,iot_hue_lightchange
house can you make all the lights in the house blue,iot_hue_lightchange
switch on the green light in playroom,iot_hue_lightchange
go to setting,iot_hue_lightchange
adjust the light option,iot_hue_lightchange
transition to another color for the lights,iot_hue_lightchange
light settings,iot_hue_lightchange
change lights to pink,iot_hue_lightchange
change the light to pink color,iot_hue_lightchange
turn my lights to some random color,iot_hue_lightchange
change the light color to black light,iot_hue_lightchange
make the lights pink,iot_hue_lightchange
set the lights on blue,iot_hue_lightchange
change your colors to green,iot_hue_lightchange
make light color red,iot_hue_lightchange
i would like the house lights to be pink,iot_hue_lightchange
please change the color of the light in the bathroom,iot_hue_lightchange
can the lights be changed to green,iot_hue_lightchange
make the light in here redder,iot_hue_lightchange
change the lights to my favorite color,iot_hue_lightchange
how do i change the color of the lights,iot_hue_lightchange
chane light colour to green,iot_hue_lightchange
make the room blue,iot_hue_lightchange
change the lights to green,iot_hue_lightchange
please change the colour of the lights i'll tell you when to stop,iot_hue_lightchange
change the color of the lights in my house from white to yellow,iot_hue_lightchange
change the lights of the house to a blue hue,iot_hue_lightchange
i need some ambiance please,iot_hue_lightchange
change my room lights so that i can get a good sleep,iot_hue_lightchange
please make the lights blue,iot_hue_lightchange
i want to change the color of the lights,iot_hue_lightchange
change the color of my porch lights to green,iot_hue_lightchange
make the living room blue,iot_hue_lightchange
change the overhead light to orange,iot_hue_lightchange
change my house lights colour to blue,iot_hue_lightchange
i need to change my house lights colour to blue,iot_hue_lightchange
i want purple lights,iot_hue_lightchange
switch to red colored lights,iot_hue_lightchange
hey make the house lights a different color,iot_hue_lightchange
brightness ninety percent,iot_hue_lightchange
make the bedroom lights light blue,iot_hue_lightchange
please change color of light to pinkish,iot_hue_lightchange
turn the lights blue at three pm,iot_hue_lightchange
color the lights red,iot_hue_lightchange
turn the lights blue,iot_hue_lightchange
show me the available colours of lights,iot_hue_lightchange
change the color of the light,iot_hue_lightchange
change my room lights to blue,iot_hue_lightchange
set the living room lights to red,iot_hue_lightchange
make all the lights in the house orange,iot_hue_lightchange
make my lights blue,iot_hue_lightchange
can you make a red shade of light in the living room,iot_hue_lightchange
pink is all we need,iot_hue_lightchange
change light color to blue,iot_hue_lightchange
change the lights to a different hue,iot_hue_lightchange
White,iot_hue_lightchange
change lights to red,iot_hue_lightchange
change the lights in the living room to green and red,iot_hue_lightchange
make the living room light orange,iot_hue_lightchange
please change the house lights to blue,iot_hue_lightchange
i want to change the light colors,iot_hue_lightchange
change light colors,iot_hue_lightchange
lights color red,iot_hue_lightchange
make the lighting bit more warm here,iot_hue_lightchange
change light colour to yellow,iot_hue_lightchange
change the lights in my home to orange,iot_hue_lightchange
put dark colours instead of light ones in the house,iot_hue_lightchange
show us red,iot_hue_lightchange
can you please change the mood of the light,iot_hue_lightchange
hi olly change the color of lights in my room to red,iot_hue_lightchange
turn living room lights red,iot_hue_lightchange
hey olly my the lights a little warmer,iot_hue_lightchange
please change the light to green,iot_hue_lightchange
blue lights please,iot_hue_lightchange
transition lights to blue to green to yellow,iot_hue_lightchange
change the media room lights from purple to green,iot_hue_lightchange
change the opacity of the color,iot_hue_lightchange
make the lights a different color,iot_hue_lightchange
light green,iot_hue_lightchange
change the lights into green,iot_hue_lightchange
replace the current light colours in the house with dark ones,iot_hue_lightchange
set brightness to fifty percent,iot_hue_lightchange
change the color of my lights to something random,iot_hue_lightchange
change lighting colours,iot_hue_lightchange
can you shuffle the light colors in the house,iot_hue_lightchange
make the lights pink at the house,iot_hue_lightchange
change your colors to something different,iot_hue_lightchange
i want the light to be a little more red ish,iot_hue_lightchange
make the lights in the house red,iot_hue_lightchange
change the lights to red,iot_hue_lightchange
change my light color to yellow,iot_hue_lightchange
change background,iot_hue_lightchange
rotate the light colors,iot_hue_lightchange
modify the light colours of the house and make them dark instead,iot_hue_lightchange
adjust the light,iot_hue_lightchange
change the bedroom lights to green,iot_hue_lightchange
change my room lights to some romantic colour,iot_hue_lightchange
lights at percent,iot_hue_lightchange
romantic light setting please,iot_hue_lightchange
set lights to twenty percent,iot_hue_lightchange
replace color from light to dark,iot_hue_lightchange
select a different color for the lights,iot_hue_lightchange
change to blue,iot_hue_lightchange
can you change the light colors into dark in the house,iot_hue_lightchange
can you change the lights to white,iot_hue_lightchange
can you change the colour to red,iot_hue_lightchange
make the lights blue please,iot_hue_lightchange
make the room light blue,iot_hue_lightchange
change the light color to white,iot_hue_lightchange
change the light color the red,iot_hue_lightchange
switch from blue to yellow lights,iot_hue_lightchange
color change of lights,iot_hue_lightchange
please change light color to purple,iot_hue_lightchange
change the lights to blue,iot_hue_lightchange
i like red colour for my home change it,iot_hue_lightchange
turn lights blue,iot_hue_lightchange
change lights,iot_hue_lightchange
change light colors from blue to white,iot_hue_lightchange
light color change,iot_hue_lightchange
change light whenever i find myself in my house,iot_hue_lightchange
i don't like this light please show me other options,iot_hue_lightchange
switch to night light setting,iot_hue_lightchange
change color of lights,iot_hue_lightchange
make a contrast one,iot_hue_lightchange
want to have vibrant colours,iot_hue_lightchange
please set the lights to green,iot_hue_lightchange
please adjust the colors in my lights,iot_hue_lightchange
give me a new light color,iot_hue_lightchange
change the light to blue,iot_hue_lightchange
make my lights green,iot_hue_lightchange
give me some lavender toned light,iot_hue_lightchange
lower the lights in the bedroom,iot_hue_lightdim
dim the lights in my bedroom,iot_hue_lightdim
period the light should be in dim,iot_hue_lightdim
lower lights,iot_hue_lightdim
dim the lights in the kitchen,iot_hue_lightdim
dim the lights a bit,iot_hue_lightdim
lights down to seven,iot_hue_lightdim
bed room two darken,iot_hue_lightdim
please darken the lights,iot_hue_lightdim
lower lights please,iot_hue_lightdim
i want a lower light,iot_hue_lightdim
i want dimmer lights,iot_hue_lightdim
please turn down the lights in the living room,iot_hue_lightdim
i want the lights less brighter,iot_hue_lightdim
system please dim lights to dull blue,iot_hue_lightdim
switch light to lowest level in dining area,iot_hue_lightdim
lower lights down,iot_hue_lightdim
its too bright in here,iot_hue_lightdim
lessen the the light glow,iot_hue_lightdim
turn my lights down to a lower level of brightness,iot_hue_lightdim
dim the lights in the living room,iot_hue_lightdim
dim the lighting in my living room,iot_hue_lightdim
this is too bright,iot_hue_lightdim
please lower the lights,iot_hue_lightdim
can you turn down the lights by twenty percent,iot_hue_lightdim
decrease brightness of lights,iot_hue_lightdim
lower the brightness of the lights,iot_hue_lightdim
dim my light,iot_hue_lightdim
lower the lighting,iot_hue_lightdim
lights down,iot_hue_lightdim
reduce the lights,iot_hue_lightdim
lower the lights in the house,iot_hue_lightdim
dim the garden light by half,iot_hue_lightdim
turn down lights,iot_hue_lightdim
lower the lights in the house please,iot_hue_lightdim
please turn down the lights to fifty percent in the den,iot_hue_lightdim
reduce the brightness,iot_hue_lightdim
lower lights in kitchen,iot_hue_lightdim
please dim the overhead lights,iot_hue_lightdim
turn the lights down a bit,iot_hue_lightdim
will you dim all the lights,iot_hue_lightdim
please lower the lights a little bit,iot_hue_lightdim
turn down the brightness,iot_hue_lightdim
lighter shade on the lights please,iot_hue_lightdim
please dim the lights in the bedrooms,iot_hue_lightdim
dim all interior lights,iot_hue_lightdim
bring the lights down a bit,iot_hue_lightdim
can you lower the lights,iot_hue_lightdim
lower the brightness,iot_hue_lightdim
it is too bright in here dim the lights,iot_hue_lightdim
the lights are too bright,iot_hue_lightdim
decrease brightness,iot_hue_lightdim
please turn the lights down,iot_hue_lightdim
turn the lights down in the living room,iot_hue_lightdim
turn the lights down,iot_hue_lightdim
lower the lights in the room,iot_hue_lightdim
lights dim,iot_hue_lightdim
it is time to lower the kitchen lights,iot_hue_lightdim
dim the lights to level two,iot_hue_lightdim
adjust the lights to a lower setting please,iot_hue_lightdim
change the lights to dim,iot_hue_lightdim
give me some dim light,iot_hue_lightdim
lower the light level in my house,iot_hue_lightdim
darken the room a bit,iot_hue_lightdim
is it ok to lower the lights,iot_hue_lightdim
can we please lower the lights,iot_hue_lightdim
lower hallway lights,iot_hue_lightdim
reduce the intensity of lights,iot_hue_lightdim
lower lights in my room,iot_hue_lightdim
i would love a less bright up room,iot_hue_lightdim
lower the lights please,iot_hue_lightdim
give me low lighting in the kitchen,iot_hue_lightdim
lower brightness of lights,iot_hue_lightdim
color of light should be dimmed bright,iot_hue_lightdim
turn down the lights in the living room,iot_hue_lightdim
down the light power,iot_hue_lightdim
minimize the lights,iot_hue_lightdim
dim the living room lights,iot_hue_lightdim
turn the lights down to seven,iot_hue_lightdim
lower the light of hall percent,iot_hue_lightdim
dim lights in living room,iot_hue_lightdim
please lights less brighter,iot_hue_lightdim
dim the bedroom lights to half,iot_hue_lightdim
i need to turn the lights down,iot_hue_lightdim
lower lights now,iot_hue_lightdim
dim the lights,iot_hue_lightdim
reduce light intensity,iot_hue_lightdim
lower the overhead lights,iot_hue_lightdim
dim the lights in the bathroom,iot_hue_lightdim
lower the lights in the living room,iot_hue_lightdim
dim the lights down a bit,iot_hue_lightdim
darken,iot_hue_lightdim
please dim the lights,iot_hue_lightdim
may i ask you to dim the lights,iot_hue_lightdim
lower the lights a little more,iot_hue_lightdim
please dim the lights in the bedroom,iot_hue_lightdim
attenuate the lights,iot_hue_lightdim
show me the dim colour,iot_hue_lightdim
darker lights please,iot_hue_lightdim
make a room darker,iot_hue_lightdim
dim lights,iot_hue_lightdim
nighttime mode,iot_hue_lightdim
turn off lights in my room,iot_hue_lightoff
turn the lights off,iot_hue_lightoff
shift the light off,iot_hue_lightoff
turn off bedroom light at nine thirty pm,iot_hue_lightoff
turn off this light,iot_hue_lightoff
office lights off,iot_hue_lightoff
please turn off all the lights outdoor,iot_hue_lightoff
turn lights off in kitchen,iot_hue_lightoff
please turn off the lights in this room,iot_hue_lightoff
lights off bathroom,iot_hue_lightoff
i want the lights turned off,iot_hue_lightoff
could you please turn off the overhead light in the kitchen,iot_hue_lightoff
turn room lights off now,iot_hue_lightoff
turn off lighting,iot_hue_lightoff
turn down the lights to medium,iot_hue_lightoff
shut the lights off in my bedroom please,iot_hue_lightoff
turn off the lights,iot_hue_lightoff
turn off my room lights,iot_hue_lightoff
turn bedroom lights off,iot_hue_lightoff
can you turn off the lights,iot_hue_lightoff
please turn lights off,iot_hue_lightoff
please turn the lights off,iot_hue_lightoff
shut off the lights in the kitchen,iot_hue_lightoff
turn room light off,iot_hue_lightoff
cut off the bathroom lights,iot_hue_lightoff
i want the light switched off can you do it for me,iot_hue_lightoff
can you turn my bathroom lights off,iot_hue_lightoff
turn the light off in the living room,iot_hue_lightoff
light off now,iot_hue_lightoff
turn the living rooms lights off,iot_hue_lightoff
did i leave the light on in the garage,iot_hue_lightoff
can you turn off one of my lights in my bathroom,iot_hue_lightoff
turn the room light off,iot_hue_lightoff
please turn off all the lights in my house,iot_hue_lightoff
please turn off the porch light,iot_hue_lightoff
can you please turn off the light of my bed room,iot_hue_lightoff
i want the light in the kitchen powered off,iot_hue_lightoff
switch off all lights,iot_hue_lightoff
assistant please turn the lights off,iot_hue_lightoff
turn off lobby light,iot_hue_lightoff
please turn off any lights that are still on,iot_hue_lightoff
turn off the living room light,iot_hue_lightoff
lights off in the kitchen please,iot_hue_lightoff
please shut the lights,iot_hue_lightoff
turn the lights off now,iot_hue_lightoff
put the lights off now,iot_hue_lightoff
turn off the light of my bed room please,iot_hue_lightoff
i need you to turn off the light of my bed room,iot_hue_lightoff
hey turn off the light please,iot_hue_lightoff
it's too bright in here can you turn a light off,iot_hue_lightoff
lights turn off,iot_hue_lightoff
please turn off right side of light,iot_hue_lightoff
turn lights off in living room,iot_hue_lightoff
turn off the room lights,iot_hue_lightoff
put out the lights,iot_hue_lightoff
switch off the master's bedroom,iot_hue_lightoff
control lights turn off room lights,iot_hue_lightoff
turn this room light off,iot_hue_lightoff
please turn off the light of the bathroom,iot_hue_lightoff
turn off the lights in this room please,iot_hue_lightoff
turn off all the lights in the living room and den,iot_hue_lightoff
turn the lamp off,iot_hue_lightoff
light off,iot_hue_lightoff
turn all the lights off,iot_hue_lightoff
please turn off the lights,iot_hue_lightoff
turn off the office lights,iot_hue_lightoff
turn off light,iot_hue_lightoff
turn off the dining room,iot_hue_lightoff
switch off kitchen lights,iot_hue_lightoff
i dont need light,iot_hue_lightoff
turn off the bedroom lamp,iot_hue_lightoff
turn off the living room lights,iot_hue_lightoff
turn off all the lights,iot_hue_lightoff
turn off living room lights,iot_hue_lightoff
can you turn off kitchen light for me,iot_hue_lightoff
turn off the kitchen lights,iot_hue_lightoff
make the lights off,iot_hue_lightoff
please turn off only right side light,iot_hue_lightoff
turn off the closet light,iot_hue_lightoff
turn off kitchen light,iot_hue_lightoff
bed room two switch off the lights,iot_hue_lightoff
turn off the bathroom light,iot_hue_lightoff
good night lights off,iot_hue_lightoff
switch the lights off,iot_hue_lightoff
can you turn off the living room lights,iot_hue_lightoff
can you please off the light,iot_hue_lightoff
shift the balcony light to off,iot_hue_lightoff
turn lights off,iot_hue_lightoff
turn off one light on porch,iot_hue_lightoff
please turn off the light in the upstairs bedroom,iot_hue_lightoff
please turn bedroom lights off,iot_hue_lightoff
switch the lights to off,iot_hue_lightoff
i want the light to be switched off,iot_hue_lightoff
turn off the bathroom lights,iot_hue_lightoff
please shut off the kitchen lights,iot_hue_lightoff
cease operating lights,iot_hue_lightoff
turn off the garage light,iot_hue_lightoff
please set the lights off in the living room,iot_hue_lightoff
turn off the light,iot_hue_lightoff
turn off room lights,iot_hue_lightoff
lights off,iot_hue_lightoff
turn off garage light,iot_hue_lightoff
switch off the light,iot_hue_lightoff
by remote sensor,iot_hue_lightoff
turn off the lights in the living room please,iot_hue_lightoff
turn office lights off,iot_hue_lightoff
please turn off the lights in the bedroom,iot_hue_lightoff
shut off the lights,iot_hue_lightoff
turn off all lights,iot_hue_lightoff
turn light off,iot_hue_lightoff
can you please switch off the lights,iot_hue_lightoff
this room lights off,iot_hue_lightoff
please turn off kitchen light for me,iot_hue_lightoff
turn off the light in the kitchen,iot_hue_lightoff
turn off the lamps,iot_hue_lightoff
turn off the lamp in the living room,iot_hue_lightoff
turn off the upstairs lights,iot_hue_lightoff
turn off lights in all bathrooms,iot_hue_lightoff
turn off the light in the living room,iot_hue_lightoff
turns my son's room lights off,iot_hue_lightoff
switch off light,iot_hue_lightoff
can you turn my bedroom lights off,iot_hue_lightoff
kindly switch off the light in the drawing hall,iot_hue_lightoff
close the light,iot_hue_lightoff
please turn off the light,iot_hue_lightoff
turn off the light in the bathroom,iot_hue_lightoff
turn the lights off in the bedroom,iot_hue_lightoff
can you make the lights go out,iot_hue_lightoff
switch off the light on the left,iot_hue_lightoff
turn off bedroom lights in ten seconds,iot_hue_lightoff
could you turn off light,iot_hue_lightoff
please turn off the lamp,iot_hue_lightoff
light off living room,iot_hue_lightoff
bed room two lights off,iot_hue_lightoff
turn off smart lamp in den,iot_hue_lightoff
all lights has to be turned off during the day,iot_hue_lightoff
turn all lights off during the day,iot_hue_lightoff
turn off my bedside lamp please,iot_hue_lightoff
turn off one light in my bedroom,iot_hue_lightoff
please switch off the light,iot_hue_lightoff
desk lamp one off,iot_hue_lightoff
shut off lights,iot_hue_lightoff
off lights,iot_hue_lightoff
turn off the lights in the bedroom,iot_hue_lightoff
shutoff light in the kitchen,iot_hue_lightoff
turn the security light off,iot_hue_lightoff
bedroom light off,iot_hue_lightoff
turn the lights off to my room,iot_hue_lightoff
turn off overhead light,iot_hue_lightoff
turn the kitchen lights off,iot_hue_lightoff
turn lights in the room off,iot_hue_lightoff
by switch off,iot_hue_lightoff
turn off the lights in the living room,iot_hue_lightoff
will you please turn the lights off,iot_hue_lightoff
turn off lights,iot_hue_lightoff
turn off the nearest light to me,iot_hue_lightoff
no lights,iot_hue_lightoff
hey turn on disco lights in my apartment and let the party begin,iot_hue_lighton
overhead lights on please,iot_hue_lighton
please turn the lights on,iot_hue_lighton
turn on the lights that are outdoors,iot_hue_lighton
i can't see anything,iot_hue_lighton
it is dark,iot_hue_lighton
clap on,iot_hue_lighton
i want to turn on the blue lights,iot_hue_lighton
turn on hall lights,iot_hue_lighton
turn the lights on,iot_hue_lighton
it's too dark here,iot_hue_lighton
it's too dark i can't even see my hands,iot_hue_lighton
turn on the lights,iot_hue_lighton
turn on the lamp,iot_hue_lighton
please turn on the lights in my house,iot_hue_lighton
lights out,iot_hue_lighton
please turn on all the outdoor lights,iot_hue_lighton
and the light began,iot_hue_lighton
switch on all the lights,iot_hue_lighton
light up the lights in the kitchen,iot_hue_lighton
turn the lights on full bright,iot_hue_lighton
it's dark in here,iot_hue_lighton
and the darkness has fallen,iot_hue_lighton
can you put the lights on the high setting,iot_hue_lighton
lights on,iot_hue_lighton
switch on the lights,iot_hue_lighton
turn all lights on,iot_hue_lighton
It's too dark in here,iot_hue_lighton
please turn on my balcony lights,iot_hue_lighton
turn corner light on,iot_hue_lighton
turn on all upstairs lights,iot_hue_lighton
it's awfully dark here,iot_hue_lighton
put the disco lights on,iot_hue_lighton
i need more light,iot_hue_lightup
make the light more visible,iot_hue_lightup
olly brighten the lights,iot_hue_lightup
can you adjust the lighting for me to be brighter,iot_hue_lightup
increase the intensity of the lighting in the room,iot_hue_lightup
i need some more lights,iot_hue_lightup
can you brighten up the lights please,iot_hue_lightup
light colour for study room,iot_hue_lightup
make it brighter in here,iot_hue_lightup
can you increase the brightness in the room,iot_hue_lightup
make the lights brighter,iot_hue_lightup
increase the brightness of the lights,iot_hue_lightup
can you make the room brighter,iot_hue_lightup
increase light brightness,iot_hue_lightup
can you please turn up the lights,iot_hue_lightup
turn the chandelier all the way up,iot_hue_lightup
make it brighter in here please,iot_hue_lightup
increase the brightness of lights bedroom,iot_hue_lightup
raise lights to full power,iot_hue_lightup
more light please,iot_hue_lightup
make it brighter,iot_hue_lightup
bring up all the runner lights,iot_hue_lightup
slightly raise the light,iot_hue_lightup
lights up,iot_hue_lightup
please raise the lights to max,iot_hue_lightup
please increase the light,iot_hue_lightup
brighten the lights a little bit,iot_hue_lightup
increase lighting,iot_hue_lightup
brighten of lights in living room,iot_hue_lightup
please make the room brighter,iot_hue_lightup
retrieve the light for me,iot_hue_lightup
make this room brighter,iot_hue_lightup
every light of room increase its intensity,iot_hue_lightup
brighten the lights in this room,iot_hue_lightup
please turn up the light a little,iot_hue_lightup
hey olly turn up the lights a little,iot_hue_lightup
pull up lights control,iot_hue_lightup
raise living room lights half way,iot_hue_lightup
turn up the brightness of the lights,iot_hue_lightup
it is too dark in here increase the brightness of the lights,iot_hue_lightup
a little brighter thanks,iot_hue_lightup
i need the lights raised can you do that,iot_hue_lightup
increase the light a little,iot_hue_lightup
brighten up the lighting,iot_hue_lightup
brighten the lamp next to the sofa,iot_hue_lightup
turn up the lights please,iot_hue_lightup
please turn the lights up,iot_hue_lightup
increase the light,iot_hue_lightup
add light,iot_hue_lightup
i can't see turn up the lights,iot_hue_lightup
lights brighter,iot_hue_lightup
please put all the lights,iot_hue_lightup
turn up the brightness,iot_hue_lightup
raise the lamp's light,iot_hue_lightup
brighten the lights in the hallway,iot_hue_lightup
increase lights please,iot_hue_lightup
switch up the color of the lights in the house,iot_hue_lightup
brighten the lights in living room,iot_hue_lightup
turn up the lights in the living room,iot_hue_lightup
please brighten the lights,iot_hue_lightup
up the brightness on these lights,iot_hue_lightup
turn up lights,iot_hue_lightup
raise lights,iot_hue_lightup
can you brighten the lights for me,iot_hue_lightup
give me more light,iot_hue_lightup
please set the brightness of lightness appropriately in kitchen,iot_hue_lightup
more bright,iot_hue_lightup
please turn the lights brighter,iot_hue_lightup
please raise the light i am not comfortable at this,iot_hue_lightup
increase light intensity,iot_hue_lightup
brighten lights in living room,iot_hue_lightup
can you turn the lights up,iot_hue_lightup
brighter,iot_hue_lightup
can we turn up the lights,iot_hue_lightup
please brighten the room,iot_hue_lightup
brighten lights,iot_hue_lightup
i want more light,iot_hue_lightup
make the light more brighter,iot_hue_lightup
please turn the lights up to eight,iot_hue_lightup
brighten the lights please,iot_hue_lightup
more lights please,iot_hue_lightup
bring up lights,iot_hue_lightup
change up the light colors at home,iot_hue_lightup
connect to lights,iot_hue_lightup
increase light,iot_hue_lightup
make the room brighter,iot_hue_lightup
spread some lights,iot_hue_lightup
can you bright the lights please,iot_hue_lightup
turn out the lights,iot_hue_lightup
brighten the lights on the front porch,iot_hue_lightup
turn up the lights in here please,iot_hue_lightup
can you raise the lights for me please,iot_hue_lightup
set lights to full power,iot_hue_lightup
turn up the lights,iot_hue_lightup
brighten my bedroom light,iot_hue_lightup
please make arrangements to make the hall so brighter,iot_hue_lightup
increase the brightness in this room,iot_hue_lightup
turn the lights higher,iot_hue_lightup
turn up the light,iot_hue_lightup
turn the lights brighter,iot_hue_lightup
please increase the brightness in this room,iot_hue_lightup
its dark in here mind turning up the light intensity,iot_hue_lightup
raise the light,iot_hue_lightup
increase brightness in the room,iot_hue_lightup
do more light,iot_hue_lightup
i want to bright the room more,iot_hue_lightup
set lights brightness higher,iot_hue_lightup
please increase the light of table lamp,iot_hue_lightup
increase the bright of the light,iot_hue_lightup
please olly put on multi colored lightning in my apartment set for festival diwali,iot_hue_lightup
i want to raise the light,iot_hue_lightup
brighten light,iot_hue_lightup
more light,iot_hue_lightup
i want the smart socket off now,iot_wemo_off
power down the plug socket one,iot_wemo_off
power off on,iot_wemo_off
switch off the plug socket,iot_wemo_off
please make the smart socket turn off,iot_wemo_off
turn off bedroom fan,iot_wemo_off
turn off my wifi,iot_wemo_off
i'd like you to shut off my smart plug socket now please,iot_wemo_off
please turn off the plug socket of my phone when it'll be charged,iot_wemo_off
please turn off the smart socket,iot_wemo_off
off mobile charger plug,iot_wemo_off
turn the plug off,iot_wemo_off
turn off kettle socket,iot_wemo_off
deactivate smart plug socket,iot_wemo_off
please turn off the smart plug socket,iot_wemo_off
turn off plug,iot_wemo_off
turn off the lamp socket,iot_wemo_off
turn off the socket,iot_wemo_off
please turn off the wemo plug socket,iot_wemo_off
turn off smart socket,iot_wemo_off
can you please turn off my wemo plug,iot_wemo_off
outlet off,iot_wemo_off
turn off sockets,iot_wemo_off
turn the wemo off,iot_wemo_off
turn off my wemo socket,iot_wemo_off
turn off the smart socket,iot_wemo_off
shut off the socket,iot_wemo_off
turn off the wemo plug,iot_wemo_off
turn socket off,iot_wemo_off
disable my okug,iot_wemo_off
hello i want to turn off my wemo plug,iot_wemo_off
power off the wemo plug,iot_wemo_off
stop powering the wemo socket,iot_wemo_off
switch off the power,iot_wemo_off
switch off the wemo plug socket,iot_wemo_off
turn off the tv in,iot_wemo_off
switch wemo plug socket off,iot_wemo_off
please turn off the wemo plug,iot_wemo_off
shut down the plug,iot_wemo_off
please mark the wemo socket to off,iot_wemo_off
the wemo plug should be turned off on,iot_wemo_off
turn off the fan,iot_wemo_off
disable smart socket,iot_wemo_off
keep the socket in off condition,iot_wemo_off
turn off my wemo plug,iot_wemo_off
switch off the smart plug socket now,iot_wemo_off
make the smart socket turn off,iot_wemo_off
can you please turn off the wemo plug socket,iot_wemo_off
i want you to turn off the plug socket before the cellphone is charged,iot_wemo_off
turn off the fan in the master bedroom,iot_wemo_off
switch off the plug point,iot_wemo_off
off the plug,iot_wemo_off
shut down sps,iot_wemo_off
turn off the wemo socket in the kitchen,iot_wemo_off
i want the wemo socket off,iot_wemo_off
smart plug socket off please,iot_wemo_off
turn off my wemo plug socket now,iot_wemo_off
turn off the smart plug,iot_wemo_off
can you turn off on the wemo plug socket,iot_wemo_off
shut off my living room plug socket,iot_wemo_off
off all type of active devices,iot_wemo_off
turn off my smart plug socket,iot_wemo_off
turn off smart plug socket,iot_wemo_off
switch off wemo,iot_wemo_off
turn off on wemo outlet,iot_wemo_off
socket off,iot_wemo_off
cut wemo power please,iot_wemo_off
will you please turn off the smart plug,iot_wemo_off
turn wemo plug socket off,iot_wemo_off
if idle then turn off else turn on,iot_wemo_off
can you turn off wemo plug socket,iot_wemo_off
turn off on the socket,iot_wemo_off
turn off wemo socket,iot_wemo_off
turn off my wemo plug socket,iot_wemo_off
turn off wemo plug in game room,iot_wemo_off
Switch off the smart socket,iot_wemo_off
can you turn off the smart socket,iot_wemo_off
turn off socket,iot_wemo_off
mute your android phone when you arrive at work,iot_wemo_off
turn off wemo,iot_wemo_off
switch off the wemo plug,iot_wemo_off
turn on wemo plug in game room,iot_wemo_on
i'd like you to turn turn on the tv,iot_wemo_on
turn wemo on,iot_wemo_on
turn on the plug socket one,iot_wemo_on
switch on the wemo plug,iot_wemo_on
turn on plug,iot_wemo_on
switch on the plug,iot_wemo_on
wemo plug socket turn on,iot_wemo_on
turn on socket,iot_wemo_on
start the smart plug,iot_wemo_on
turn on living room radio,iot_wemo_on
turn on the wemo plug socket to plug in my dongle,iot_wemo_on
turn on kitchen light,iot_wemo_on
please switch on my wemo plug socket,iot_wemo_on
turn on the wemo,iot_wemo_on
start the laundry,iot_wemo_on
turn on the smart plug,iot_wemo_on
turn on the smart charger,iot_wemo_on
please turn on my door lock,iot_wemo_on
turn on the socket,iot_wemo_on
could you please turn on the plug,iot_wemo_on
make the socket available for me,iot_wemo_on
turn my smart plug socket on,iot_wemo_on
turn on wemo,iot_wemo_on
turn wemo plug socket on,iot_wemo_on
wemo socket on,iot_wemo_on
turn on the geyser,iot_wemo_on
turn on my plug,iot_wemo_on
power up the plug socket one,iot_wemo_on
on the plug,iot_wemo_on
turn on new smart socket,iot_wemo_on
turn my bathroom plug socket on,iot_wemo_on
activate the wemo plug socket,iot_wemo_on
please turn on wemo socket,iot_wemo_on
can you turn on the wemo plug socket,iot_wemo_on
please turn on my smart plug socket,iot_wemo_on
turn on the wemo plug,iot_wemo_on
turn my plug on,iot_wemo_on
i need to turn on the plug in my office for my computer,iot_wemo_on
start the oven,iot_wemo_on
on mobile charger plug,iot_wemo_on
enable smart socket,iot_wemo_on
turn on when plugged in else turn off,iot_wemo_on
times clapping sound times,iot_wemo_on
turn the smart plug on,iot_wemo_on
turn on the tv socket when i arrive home,iot_wemo_on
enable my plug,iot_wemo_on
turn on my son's room plug socket on off,iot_wemo_on
please turn on the wemo plug socket,iot_wemo_on
turn on the light socket,iot_wemo_on
switch on smart plug,iot_wemo_on
outlet on,iot_wemo_on
turn on this socket,iot_wemo_on
turn on the rice cooker socket,iot_wemo_on
turn on the wemo plug socket,iot_wemo_on
turn on my wemo socket,iot_wemo_on
enable wemo,iot_wemo_on
power on wemo,iot_wemo_on
turn on switch of wemo socket,iot_wemo_on
please turn on the smart socket,iot_wemo_on
turn on smart socket in dining room,iot_wemo_on
make the wemo plug socket turned on,iot_wemo_on
power yourself on,iot_wemo_on
add a tab to the shopping list,lists_createoradd
show a new list,lists_createoradd
add grocery shopping to my to do list,lists_createoradd
update my list with shoes,lists_createoradd
include this,lists_createoradd
add sugar to my shopping list,lists_createoradd
add every girl life by evelyn mayer to the must read list,lists_createoradd
add oil change to my to do list,lists_createoradd
this item should be added to the list,lists_createoradd
a new list to be created by tomorrow,lists_createoradd
we need milk,lists_createoradd
can you please create a list for me,lists_createoradd
add butter to the list,lists_createoradd
open my notes,lists_createoradd
i think i ran out of this can you add it to my list,lists_createoradd
can you create new list for me,lists_createoradd
can you create a new list,lists_createoradd
i need oranges added to my grocery list,lists_createoradd
add a item,lists_createoradd
Add pick up kids from school to my to do list for today,lists_createoradd
add pencil to school supplies list,lists_createoradd
i would like to start a new list,lists_createoradd
remember to put carrots in there,lists_createoradd
add rice on the list,lists_createoradd
add a wrist watch to the shopping list,lists_createoradd
new item for list,lists_createoradd
please update list with new item,lists_createoradd
create new list for baby names,lists_createoradd
create appointment to list,lists_createoradd
i want to have a new playlist of songs,lists_createoradd
add apples to shopping list,lists_createoradd
i need you to put walk the dog on my list to do,lists_createoradd
remind me to order more soap,lists_createoradd
Put milk on my shopping list,lists_createoradd
make a new list,lists_createoradd
could you create a new list for me,lists_createoradd
fresh list,lists_createoradd
add chives to my shopping list,lists_createoradd
add this one also,lists_createoradd
add ketchup to the list,lists_createoradd
bring up a new shopping list,lists_createoradd
add eggs to my grocery list,lists_createoradd
add shopping to my to do list,lists_createoradd
please make a list of thing i have to shop tomorrow,lists_createoradd
add eggs to the list,lists_createoradd
add mop to hardware store list,lists_createoradd
make a grocery list please,lists_createoradd
start a new shopping list,lists_createoradd
please update my grocery list with one gallon of two percent milk,lists_createoradd
create a new list for me please,lists_createoradd
add wash jeans to laundry list,lists_createoradd
add toothpaste to my shopping list,lists_createoradd
add eggs to my grocery's shopping list,lists_createoradd
produce a new register,lists_createoradd
list new,lists_createoradd
is there room on my grocery list for an extra item,lists_createoradd
add paper towels to the grocery list,lists_createoradd
i need to make a grocery list,lists_createoradd
make new list,lists_createoradd
create vacation list,lists_createoradd
add a movie name to the wish list,lists_createoradd
grocery list add eggs,lists_createoradd
i want to know could an extra item be added to my grocery list,lists_createoradd
create a new list called grocery store please,lists_createoradd
my new work schedule list,lists_createoradd
new list,lists_createoradd
new scenario time or calendar to new list,lists_createoradd
i want to start a new list,lists_createoradd
create a new list please,lists_createoradd
i want to make next week's to do list,lists_createoradd
i need to make a list of bills that are due,lists_createoradd
hey put carrots on that,lists_createoradd
add a new list,lists_createoradd
i want to make this week's shopping list,lists_createoradd
include an item to a list,lists_createoradd
please add oranges to my grocery list,lists_createoradd
please add deodorant to my shopping list,lists_createoradd
start creating a new list,lists_createoradd
create a new list for school supplies,lists_createoradd
make a new list for school supplies,lists_createoradd
i need to put together a todo list for work,lists_createoradd
make me a new checklist,lists_createoradd
add something to my list,lists_createoradd
please add an item in my calendar,lists_createoradd
please create a new list,lists_createoradd
put pencil on a new grocery list,lists_createoradd
please add sugar to my grocery list,lists_createoradd
create a playlist,lists_createoradd
add bob to my list of contacts,lists_createoradd
make list,lists_createoradd
on my grocery list please add oranges,lists_createoradd
please add new item to list,lists_createoradd
start a grocery list,lists_createoradd
update work out list with new items,lists_createoradd
create a new list by tomorrow,lists_createoradd
create a list of jewels to be bought,lists_createoradd
please find all name start with alphabetic of g and create a list,lists_createoradd
open up a new list,lists_createoradd
add the item to a list,lists_createoradd
make a things to do list,lists_createoradd
add grocery to list,lists_createoradd
bring up the grocery list and add,lists_createoradd
please add list of friends to invite for the party,lists_createoradd
add the item to the list,lists_createoradd
can you add cups to my grocery list,lists_createoradd
add this to a list,lists_createoradd
create list,lists_createoradd
please find all name start with alphabetic of a and create a list,lists_createoradd
i want to start a new list of power tools on sale at true value,lists_createoradd
edit list,lists_createoradd
put hamburger on my grocery list,lists_createoradd
create packing checklist,lists_createoradd
start a list,lists_createoradd
can you add gloria to my list of clients,lists_createoradd
add broccoli to my grocery list,lists_createoradd
can you create a new list in the playlist,lists_createoradd
add new item,lists_createoradd
please create a new list for me,lists_createoradd
begin a new list,lists_createoradd
hey i need you to make a list of cricket players of indian team who played for the international team in two thousand and fourteen,lists_createoradd
create a new list,lists_createoradd
re add eggs to the list,lists_createoradd
add car service to my list of things to do today,lists_createoradd
make a new list for me,lists_createoradd
open grocery list and add milk,lists_createoradd
add ashley to the wedding invite list,lists_createoradd
start me a new list,lists_createoradd
include this item,lists_createoradd
my new health check up new list,lists_createoradd
create a new list of my due bills,lists_createoradd
add eggs to list,lists_createoradd
make a list of camera photos,lists_createoradd
i need more milk,lists_createoradd
add the post office to my list of errands for Saturday,lists_createoradd
add paav bhaji in menu card,lists_createoradd
add coffee to the grocery list,lists_createoradd
buying of groceries new list,lists_createoradd
add milk to grocery list,lists_createoradd
add detergent to the list of things i need to buy,lists_createoradd
add new items in the remainder list,lists_createoradd
help me start my kitchen list,lists_createoradd
please add list of things to buy for party,lists_createoradd
pick up dry cleaning tomorrow,lists_createoradd
create a list for the following,lists_createoradd
add new item to list,lists_createoradd
prepare a new list,lists_createoradd
set list,lists_createoradd
select the item,lists_createoradd
create a list for today's tasks,lists_createoradd
add grocery shopping to today's to do list,lists_createoradd
make a list of numbers for me,lists_createoradd
add new songs to playlist,lists_createoradd
new list please,lists_createoradd
please create a list of due payment those who not received more then ten months,lists_createoradd
add to my groceries,lists_createoradd
add spent five dollars in my expenses list,lists_createoradd
make a list about selena gomez concert schedule,lists_createoradd
start a list of dog names,lists_createoradd
i finished my to do list,lists_query
list the items on my shopping list,lists_query
what are all my lists,lists_query
display my list,lists_query
what kind of lists do i have saved,lists_query
to do list for today please,lists_query
any sport event is on my list,lists_query
tell me the list about,lists_query
how many lists are open,lists_query
get me to my friends list,lists_query
tell me what is next on my query,lists_query
tell me my list names,lists_query
tell me what's on my holiday list,lists_query
what is on this specific list,lists_query
read out the list,lists_query
what is my grocery list,lists_query
open my list,lists_query
what are the current lists i have,lists_query
count the number of food items on the list,lists_query
what are my lists so far,lists_query
can you tell me what the items on my grocery list are,lists_query
make a list of all the clothing range available on ralph and lauren,lists_query
can you please tell me what i have on my list,lists_query
can you find my lists,lists_query
what is available in your stock of lists,lists_query
do i have anything on the list,lists_query
pull up the shopping list,lists_query
can you read me my lists,lists_query
list items on my work list,lists_query
what is on my rap playlist,lists_query
what does the list contain,lists_query
what are the list of things i need to buy today,lists_query
what do i need to get done today,lists_query
whats on my shopping list,lists_query
whats on your list right now,lists_query
what's next on the list,lists_query
tell me what is on my list,lists_query
let me hear my list,lists_query
i do have a to do list for today don't i,lists_query
how many eggs are on my grocery list,lists_query
open the list,lists_query
give me lists,lists_query
what else do i have on the list,lists_query
give me the list of the top five safest cars to buy,lists_query
what's in my list of tasks,lists_query
list things on my list,lists_query
what's on the grocery list,lists_query
give me the shopping list,lists_query
what are listed,lists_query
will you please show me my lists,lists_query
did i make a shopping list,lists_query
read the list,lists_query
check my list,lists_query
evaluate today's schedule,lists_query
list entry,lists_query
anything else left on the list,lists_query
what are the jobs to be done today,lists_query
recite the schedules of the list,lists_query
please read me my current lists,lists_query
read list for me please,lists_query
check item five on my to do list,lists_query
what are my available lists,lists_query
what all lists are available,lists_query
can you tell me whats on my shopping list,lists_query
did i add milk to the shopping list,lists_query
what lists do i have,lists_query
name the lists available,lists_query
find list in my pda,lists_query
read available lists,lists_query
do i have anything on my to do list,lists_query
what's the next thing on my list of appointments,lists_query
what's on my list,lists_query
tell me items that are on my shopping list,lists_query
what items did i plan to buy,lists_query
tell me the name of my lists,lists_query
what items are on my shopping list,lists_query
provide what is there on the list,lists_query
what do i have on my shopping list,lists_query
what is on my playlist of movies on the the dvr,lists_query
what do i need to pick up at the grocery store,lists_query
let me know the list,lists_query
tell me what is in your list,lists_query
show me my lists,lists_query
can you tell me what list i have,lists_query
open note pad,lists_query
what is included in the tour's list,lists_query
tell me about the list,lists_query
speak all items for to day,lists_query
read my grocery list,lists_query
what is on the list for today,lists_query
read my lists to me,lists_query
tell me what is on my grocery list for this week,lists_query
how many events on my list,lists_query
what are the items on my list,lists_query
put on the screen the lists i have available,lists_query
List all the lists on this device,lists_query
what's on my list to do today,lists_query
whats on my list for the time being,lists_query
my party list,lists_query
do i have anything lists made for christmas shopping,lists_query
tell me what lists i currently have,lists_query
what are all my lists please,lists_query
what is on my shopping list,lists_query
read that list back to me please,lists_query
send me the last list uploaded,lists_query
the list contain what,lists_query
my list please,lists_query
pull up list,lists_query
i have my clothes list,lists_query
how many lists do i have,lists_query
please show my list,lists_query
what groups are listed in my contacts,lists_query
is there anything left on my list,lists_query
list my lists please,lists_query
do i have coffee on the grocery list,lists_query
do i have anything outstanding on any lists,lists_query
can i see my work lists,lists_query
check my to do list,lists_query
what's on my todo list,lists_query
what's my to do list for today,lists_query
display available lists,lists_query
how many lists do i have in contacts,lists_query
give me the names of my lists,lists_query
what list do i have,lists_query
tell me what is on the list,lists_query
check out my to do list,lists_query
tell me what's on my shopping list,lists_query
what are the names of the lists that i have created,lists_query
list the lists i have,lists_query
can i have my list,lists_query
do i have anything planned for today,lists_query
what are the titles of the lists in contacts,lists_query
what is my list,lists_query
read me back whats on my shopping list,lists_query
what on my play list,lists_query
describe your list,lists_query
what are the names of all my saved lists,lists_query
what is that on the list,lists_query
what is on this list,lists_query
what to do lists do i have,lists_query
show me what lists are available,lists_query
there are anything in my list,lists_query
what lists available,lists_query
what is on my to do list,lists_query
what's next on my list,lists_query
give me all my lists,lists_query
find the list,lists_query
what lists are in my notebook,lists_query
tell me what lists i have,lists_query
list to do,lists_query
read out my shopping list for today,lists_query
what lists are open,lists_query
what's still on the list,lists_query
could you open my list app and check for groceries please,lists_query
read my list to me,lists_query
please show me the list that i have,lists_query
give me the details on purchase order,lists_query
arrange the list in alphabetical order that are available,lists_query
delete the dog list for me,lists_remove
delete item on list,lists_remove
please delete list titled kickball,lists_remove
remove this list from the others,lists_remove
please delete the last song that played from the playlist,lists_remove
remove my grocery list,lists_remove
take item off list,lists_remove
please tell me how can I remove the item,lists_remove
all food items with the prefix dry should be taken away from the list,lists_remove
remove soccer list from notes,lists_remove
remove lunch with co workers on thursday,lists_remove
move buying eggs item to trash from to do list,lists_remove
delete that item from the list,lists_remove
delete happy dance playlist,lists_remove
this item should be removed from list,lists_remove
i don't want eggs,lists_remove
i want you to remove the item from the list,lists_remove
take milk off my grocery list,lists_remove
delete the item two from the list,lists_remove
remove a list of employees,lists_remove
take off this list,lists_remove
remove that from my list,lists_remove
delete that item from my list,lists_remove
erase previous list,lists_remove
remove grocery list please,lists_remove
delete this list,lists_remove
delete call newspaper from my vacation list,lists_remove
delete bread from shopping list,lists_remove
remove the second row from the list,lists_remove
delete my list of appointments for tomorrow,lists_remove
can you remove my to do list,lists_remove
find my shopping list and delete it,lists_remove
i want to cancel the recording i have on the dvr list for this morning,lists_remove
remove the last item,lists_remove
delete the following list,lists_remove
cancel list,lists_remove
get rid of the wednesday list,lists_remove
show list items,lists_remove
remove item from list,lists_remove
delete shopping list,lists_remove
remove my list of contacts from work,lists_remove
take out the milk from the shopping list,lists_remove
delete list for groceries,lists_remove
remove night night playlist,lists_remove
please delete this item,lists_remove
delete list blank,lists_remove
remove apple from list,lists_remove
reset my locations list,lists_remove
remove my to do list,lists_remove
remove the list of person starting from letter m in my contact list,lists_remove
remove my shopping list,lists_remove
remove apples from my shopping list,lists_remove
kill item,lists_remove
remove last played song,lists_remove
drop it from list,lists_remove
please delete the shopping list,lists_remove
delete an item,lists_remove
remove the guest list i created last week,lists_remove
i have already given mark his gift today please remove him on my christmas gift list,lists_remove
delete the list,lists_remove
cross out bread from shopping list,lists_remove
remove noodles from the list,lists_remove
can you remove remove buying eggs item from my to do list,lists_remove
please remove apples from my grocery list,lists_remove
delete list,lists_remove
please clean my shopping list,lists_remove
remove list of due payment of rajesh,lists_remove
please delete bananas from my shopping list,lists_remove
please delete this file,lists_remove
take that off there,lists_remove
rearrange that off the list,lists_remove
please remove sporty event from list,lists_remove
please remove a list,lists_remove
please remove dallas from my travel itinerary,lists_remove
clear the list,lists_remove
delete my groceries list,lists_remove
please remove the first list,lists_remove
remove grocery list,lists_remove
remove my list of notes from last week,lists_remove
find apple on list and remove,lists_remove
delete last item listed,lists_remove
remove cereal from my shopping list,lists_remove
i'm done with today's to do list,lists_remove
delete the last list,lists_remove
please remove the grocery list from my set of lists,lists_remove
clear list things to do this weekend,lists_remove
delete everything on the menu,lists_remove
remove the grocery list from my active lists,lists_remove
please remove tricep pulldown from my workout list,lists_remove
we're out of paint so take bathroom painting off the list,lists_remove
scratch that one from the list,lists_remove
remove the sms recipient which have initials s,lists_remove
delete mike stein from contacts list,lists_remove
remove milk from my grocery list,lists_remove
eliminate the list kickball but make sure the contacts remain,lists_remove
remove the list please,lists_remove
remove cart list,lists_remove
remove item three,lists_remove
clear this list,lists_remove
remove a list please,lists_remove
delete sherlock holmes from library,lists_remove
i want you to delete my shopping list from last month,lists_remove
delete item four,lists_remove
remove eggs for the shopping list,lists_remove
remove cheese from my list,lists_remove
clear list,lists_remove
get rid of tax list from nineteen ninety,lists_remove
remove the item from list,lists_remove
erase spaghetti from list,lists_remove
please remove the following list,lists_remove
abolish an item from list,lists_remove
erase my grocery list,lists_remove
delete the list created yesterday,lists_remove
remove the santana music list,lists_remove
delete the shopping list,lists_remove
remove vegetables from the list,lists_remove
i need you to remove item s from my list,lists_remove
remove a list of accessories purchase last week,lists_remove
remove event from my list,lists_remove
delete all lists,lists_remove
the list should not contain all food items with the prefix dry,lists_remove
get rid of bananas on the list,lists_remove
delete out item,lists_remove
remove list item,lists_remove
please clear the list,lists_remove
list remove,lists_remove
remove the list,lists_remove
i don't need tesco item any more delete it,lists_remove
delete my shopping list,lists_remove
delete my list,lists_remove
remove events from my list,lists_remove
remove the bank transaction list,lists_remove
erase that item from my list,lists_remove
delete the famous actors list,lists_remove
delete my to do list,lists_remove
clear all from my iphone,lists_remove
throw away my to do list please,lists_remove
remove mike stein from contacts list,lists_remove
trash file one,lists_remove
remove that event from list,lists_remove
find list and remove apple,lists_remove
delete the list please,lists_remove
erase item please from my list,lists_remove
erase the chore list,lists_remove
delete this from list,lists_remove
remove chores from my to do list,lists_remove
delete shopping from my list,lists_remove
please delete the list,lists_remove
go to the list and remove item,lists_remove
delete butterfly clips from my wish list,lists_remove
i don't need the shopping list delete it,lists_remove
get rid of item on the list,lists_remove
delete the last line,lists_remove
remove pepper from my grocery list,lists_remove
remove pencil from stationary,lists_remove
delete the grocery list,lists_remove
save my last playlist,music_likeness
save this song in my great songs category,music_likeness
i love the songs of micheal jackson can you save some songs of jackson for me,music_likeness
i love that song who sings it,music_likeness
make this my favorite,music_likeness
I love the eternal voice of the singer she is my favourite,music_likeness
i like a song sing by arijit singh,music_likeness
the song touches my heart,music_likeness
i like the songs of yeshudas please play it,music_likeness
i like this song,music_likeness
save the information which is provided by aman on this song,music_likeness
the song makes me remember certain memories,music_likeness
the song in background is cool,music_likeness
record the opinion of each individual about this song,music_likeness
please save my opinion about the song that is currently playing,music_likeness
this song is too good,music_likeness
can you save this what a nice song for me,music_likeness
please add this song to my playlist favorites,music_likeness
please note i like jazz and hate disco,music_likeness
save this post about the song that i just listened to,music_likeness
add this song to my favorite list,music_likeness
i like rock music,music_likeness
i like music,music_likeness
please save the remarks i have on this current song,music_likeness
you like the song,music_likeness
i like soft rock music,music_likeness
i like jazz you should know,music_likeness
find lyrics of this song and save it it is very nice song,music_likeness
keep that song for when i need cheering up,music_likeness
the music of this song is very melodious and relaxing,music_likeness
i like senatra songs,music_likeness
this song is my favourite,music_likeness
i'm into music,music_likeness
save this channel on pandora please,music_likeness
my favorite singer is shakira,music_likeness
add this song to my music,music_likeness
give five stars to this song,music_likeness
add that song to my top ten favorites list,music_likeness
slow rock it's ok,music_likeness
that's a good song,music_likeness
isn't it a lovely song please save this for me,music_likeness
put that song in my favourite list,music_likeness
i like jazz,music_likeness
please save this song to my favorites,music_likeness
super song,music_likeness
this song was very good,music_likeness
this is my favorite song,music_likeness
i like classic rock,music_likeness
i like this song that is playing,music_likeness
save this music to my favorites,music_likeness
can save this music in my playlist,music_likeness
save opinion on song,music_likeness
rate this song five stars and save the rating,music_likeness
replay this song i really like it,music_likeness
please keep everything i have on this song,music_likeness
nice music,music_likeness
save chhana mereya song in my playlist,music_likeness
please rate current song as five stars,music_likeness
i like r n b,music_likeness
add that song to my playlist,music_likeness
save my opinion on adele's song,music_likeness
i am the living blues,music_likeness
that song was awesome can you repeat,music_likeness
save the opinion that i just posted to this song,music_likeness
this is a nice song,music_likeness
save this song as a favorite,music_likeness
save this songs genre for me,music_likeness
add this song to my catalogue,music_likeness
remember this music,music_likeness
this is one of the best songs for me,music_likeness
save my song preferences on playlist,music_likeness
compile favorites list according to my song feedback,music_likeness
its peaceful,music_likeness
i enjoy music,music_likeness
i really ska music,music_likeness
this song is amazing is not it,music_likeness
save this song as my favorite,music_likeness
this is a five star song,music_likeness
i want to listen daily to this song,music_likeness
this is a good tune please notate file accordingly,music_likeness
i love hip hop,music_likeness
please save this song,music_likeness
please note on song title good tune,music_likeness
save my music preferences,music_likeness
hey i like music by sigur ros,music_likeness
you have to check out kfi he's the best,music_likeness
i find rap music really enjoyable,music_likeness
add this song to my playlist,music_likeness
i like this song what is it can you please repeat it once,music_likeness
note current song as awesome please,music_likeness
i love anything by elton john,music_likeness
i am forever hip hop,music_likeness
save that song and my opinion,music_likeness
send this song to my favorites,music_likeness
how about you save this music,music_likeness
please save that song,music_likeness
i'm really enjoying this song,music_likeness
save all songs from katy perry,music_likeness
this is a good song put it on repeat,music_likeness
i love the song do you,music_likeness
isn't keith urban wonderful,music_likeness
i love to rock out with my sock out,music_likeness
save my opinion on the currently playing song,music_likeness
i like electronic music,music_likeness
save my spotify preferences,music_likeness
i love this song,music_likeness
my favorite music is rock from the early two thousands,music_likeness
save the last radio stations of the last month,music_likeness
save this song to playlist,music_likeness
great song for the commute,music_likeness
rate this song to the maximum,music_likeness
tag this song with five stars,music_likeness
remember metallica selections for next time,music_likeness
make a note please i like modern alternative rock music,music_likeness
add the song to my favorites,music_likeness
remind me that i like that song,music_likeness
i really enjoy rock and roll,music_likeness
store opinion on song,music_likeness
mark this song as a favorite,music_likeness
download and save song of dangal movie,music_likeness
i love this music can you please save this to my dance playlist and remember that i like it,music_likeness
i want the music to be saved can you do it for me,music_likeness
that song is my favorite,music_likeness
i love zydeco jams,music_likeness
i enjoy listening to this song it really calms me down,music_likeness
i like vocals,music_likeness
save all of my preferences information specific to songs,music_likeness
my all time favorite song is something like this from chainsmokers,music_likeness
remember that this is my favorite music,music_likeness
can you save this song to my favorites,music_likeness
this is the best band ever,music_likeness
what a wonderful song can you save what i just said for me,music_likeness
save my music choices,music_likeness
thumbs up this song,music_likeness
i like songs from,music_likeness
current song rating three stars,music_likeness
Olly save all the songs i have listened to more than once,music_likeness
please add note to this file good tune,music_likeness
kfi is my favorite rapper,music_likeness
i like top forty music,music_likeness
nice lyrics,music_likeness
i love kfi so much he's by far my favorite,music_likeness
please record what i have said about this song,music_likeness
rate five,music_likeness
show me music by that artist,music_query
name the singer,music_query
what's the song title,music_query
which song is currently playing,music_query
what is the name of the artist that created this song,music_query
in classic all music are there ever any singers,music_query
what is the name of this song playing right now,music_query
tell me what is song is playing now,music_query
who's that song by,music_query
explanation of the song,music_query
who sung this,music_query
what is the list about my favorite songs,music_query
is this song ed sheeran,music_query
what is the name of this song,music_query
how do you feel after hearing justin bieber's new album,music_query
other songs by this artist,music_query
what artist is singing that song,music_query
what song do i listen to the most,music_query
what's on the radio right now,music_query
show the playlist,music_query
who sings this,music_query
what music genre do i listen to the most,music_query
tell me the date when this song was recorded,music_query
what's next song on my playlist,music_query
who wrote the song i just wanna dance with you,music_query
what are the lyrics to this song playing,music_query
what music is it,music_query
what music do i prefer,music_query
who is the singer of song,music_query
can you turn down the volume please and tell me what is the title of this song,music_query
who's current music's author,music_query
what song is playing,music_query
who is the singer of this song right now,music_query
what music is being played right now,music_query
show me the name of the song playing right now,music_query
what song is on the radio,music_query
what is the name of the music playing now,music_query
when was this song recorded,music_query
what cd is this song on,music_query
do you know the name of the song that is playing,music_query
tell me starting phrase of this music,music_query
what music do i like,music_query
who wrote the song that is playing,music_query
what music is currently playing,music_query
who covered the song one more cup of coffee,music_query
name the artist who sang hotel california,music_query
what song is currently playing,music_query
olly what songs have i listened to at least ten times,music_query
is it possible for you to provide the likes of my music,music_query
what genre is this song currently playing,music_query
identify song,music_query
what would you call this kind of music that we're listening to,music_query
what music is playing now nine hundred and ninety nine fm,music_query
nine hundred and ninety nine fm is currently playing what music,music_query
listen to this song,music_query
who has covered this song,music_query
is the song by shakira,music_query
tell me my music likes,music_query
who sang the song that is currently playing,music_query
what music do i usually like after work,music_query
which song is this,music_query
show me my playlist,music_query
what's the name of this song,music_query
give me the release date of this song,music_query
what song do i play most,music_query
What's playing,music_query
what is name of the song currently playing,music_query
who is the music director of this song,music_query
what is the name of the lead singer in this band,music_query
when was this song released,music_query
which was that coldplay song i listened to yesterday evening can you play it again,music_query
who is the artist of the song playing now,music_query
is there any rap that doesn't involve sex money and drugs,music_query
what song is playing right now,music_query
what's that the album is current music from,music_query
where is band playing,music_query
what is the current song called,music_query
who is singing that song on now,music_query
what song is playing on windows media player,music_query
find out what song this is and tell me the name,music_query
who's playing this,music_query
do you hear songs of arrahman music,music_query
what genre is most played on my music player,music_query
this song is composed by whom,music_query
i've heard this riff before what song stole this riff it's exactly the same,music_query
whose song is this,music_query
the song playing now is released by which artist,music_query
find me the name of the artist of this music,music_query
what is the title of the song,music_query
what am i listening to,music_query
what music genre do i play most,music_query
what did she just sing,music_query
which film the music comes from what is the name of the music,music_query
who is the song playing by,music_query
who sings this song,music_query
what are the lyrics to the song i will always love you by Dolly parton,music_query
what music do i usually listen to,music_query
what is a good rap album that came out this year,music_query
what genre is this song in,music_query
who sings the song that i am listening to right now,music_query
who is the artist of this song,music_query
tell me the song that is currently playing,music_query
what is the name of this musical group,music_query
what is the name of that song that just went off,music_query
do you know about this lyrics,music_query
what is the song currently playing,music_query
is that the song from spectre,music_query
tell me the artist name,music_query
what type of music do i enjoy,music_query
tell me the name of the song,music_query
do i have any music by lady antebellum,music_query
give me some bowie,music_query
hotel california is sung by whom,music_query
what the singer meant by the title of the song bohemian rhapsody,music_query
tell me the music that is playing,music_query
which song is this one,music_query
when was this song first recorded,music_query
whats the name of the current song,music_query
please show me detail of previous played song,music_query
what kind of music do you think i like,music_query
can you pull up information on the singer of this song,music_query
recommend songs based on my playlist,music_query
give me name and type of this music,music_query
check the current playing music title,music_query
who sing we are the world,music_query
show me the picture of the singer,music_query
was this song in the top twenty,music_query
bring me the title of current music,music_query
is that song from shakira,music_query
from which movie is the song,music_query
when was the song playing now released,music_query
who's playing the oboe on this piece,music_query
what is my most played song,music_query
tell me the name of the composer,music_query
what song am i listening to,music_query
what is the name of that song,music_query
what kind of music am i into,music_query
what year did this song come out,music_query
what is this music called,music_query
what's the name of the piece you are playing,music_query
what song in the theme song for frasier,music_query
what song is playing now,music_query
what genre of music is in my music folder,music_query
what playlist is on shuffle,music_query
email me the lyrics to this song,music_query
what song is this,music_query
what music is playing,music_query
what's my favorite music at the moment,music_query
when is boy band playing,music_query
what is the song name,music_query
what is the track information currently,music_query
who is singing the song i am listening to right now,music_query
tell me who wrote this song,music_query
tell me a play list,music_query
what is the title of this song,music_query
tell me the artist of this song,music_query
which song am i listening to right now,music_query
what genre is this,music_query
enable shuffle,music_settings
please put radio in shuffle,music_settings
please check my playlists for jazz music,music_settings
replay the required of the musics,music_settings
select shuffle all,music_settings
shuffle the current album of songs,music_settings
please add this song to work out playlist,music_settings
please set the equalizer in the party mode,music_settings
lower battery consumption to save setting,music_settings
open music player settings,music_settings
put the last song on repeat,music_settings
repeat the current song,music_settings
turn off shuffle,music_settings
replay the musics,music_settings
repeat the last song,music_settings
turn on repeat,music_settings
please repeat the current song is being played,music_settings
could you please create a pandora channel for adele,music_settings
change song,music_settings
repeat this song three times,music_settings
olly skip song,music_settings
please program volume settings for sixteen when i'm in the room at fourteen for when i've gone to bed,music_settings
please skip to the next song,music_settings
save settings,music_settings
make sure my shuffles are always repeat and always shuffled,music_settings
please use shuffle,music_settings
please check and repeat this song one time more,music_settings
equalize the bass of this music,music_settings
please turn on repeat all,music_settings
shuffle song,music_settings
show current track in music player,music_settings
Please turn off shuffle setting,music_settings
shazam this music,music_settings
make a laundry setting for the volume at twenty,music_settings
put the current song on repeat,music_settings
play only particular singer songs,music_settings
turn shuffle on music player on,music_settings
please proceed to the next available rock song,music_settings
please go to settings of the music player and make the equalizer in the flat sound mode,music_settings
please don't shuffle songs in music player just playing continuously,music_settings
put the playlist on shuffle,music_settings
repeat the last song again,music_settings
music change,music_settings
please skip two songs,music_settings
repeat the song playing now,music_settings
repeat all,music_settings
shuffle the songs in the music library,music_settings
please lower the shuffle rate of hips don't lie,music_settings
please put this playlist on shuffle,music_settings
disable shuffle,music_settings
shuffle music,music_settings
stop after current song,music_settings
turn on spotify shuffle,music_settings
turn on shuffle,music_settings
stop repeating this song,music_settings
move to the next song in the list,music_settings
repeat song number ten from main list,music_settings
olly shuffle playlist,music_settings
olly skip two songs,music_settings
repeat jazz,music_settings
set track twenty eight in music player on repeat,music_settings
repeat song,music_settings
repeat music,music_settings
repeat album,music_settings
repeat the music,music_settings
latest updates,news_query
hey olly tell my today's top news,news_query
is there any new environmental news,news_query
look up news articles about trump,news_query
headline news for texas,news_query
give me the winning numbers to the powerball lottery,news_query
dea guam prescription drug abuse on the rise,news_query
what is the latest news from cbs,news_query
what's going on at the capitol,news_query
please find me the pe most recent news on,news_query
what are the most recent headlines on cnn,news_query
is anything different today about blank,news_query
what's happening today,news_query
what is new in politics today can you filter out trump news though,news_query
what went on in the world today,news_query
how are things in the world,news_query
how is president's trump office proceeding,news_query
show me rediff masala,news_query
keep me updated on the election results,news_query
what are today's headlines,news_query
what is the news today,news_query
what does the analysts say about the new immigration policies,news_query
check the news,news_query
please let me know about topic elections,news_query
show current news from bbc,news_query
tell me the top stories in the news,news_query
open news about bp oil,news_query
get me match highlights,news_query
what is trending,news_query
let me know when you hear about france,news_query
give me the latest on paul ryan,news_query
have there been updates on abortion law,news_query
what is the bbc's latest news,news_query
check for recent news stories on msnbc,news_query
what is latest on the recent events happening right now,news_query
people canceling iowa vacations over congressman's words,news_query
top news,news_query
what is happening with brexit today,news_query
what's happening in world news today,news_query
what and how is india's economy at the moment,news_query
keep me informed about bitcoin price,news_query
what happened last week,news_query
what is the news about terrorist attack in afghanistan,news_query
what news updates are there from news express,news_query
what's happening on bbc news today,news_query
let me know the latest weather news,news_query
what are the news notification,news_query
find me news about trumps speech,news_query
cnn headlines,news_query
tell me about current status of sunderland vs liverpool match,news_query
what's happening in the news,news_query
get latest news report on kidnapping in ny,news_query
can you give me the latest sports news,news_query
what is happening in the world news,news_query
what is new,news_query
has anything happened to mass effect,news_query
please tell me the latest news about politics,news_query
what's the latest on the travel ban,news_query
set notification from world news,news_query
i want to know the latest local news of the city,news_query
tell me about the latest sports news,news_query
get news about new foreign policy,news_query
what is latest news about this world,news_query
tell me about the presidential race,news_query
what's happened in the news recently,news_query
what's the latest news on donald trump,news_query
please tell me the latest news about the election scenario in our state,news_query
whats the latest,news_query
what are the top stories on cnn,news_query
give me international news,news_query
what is the latest news on sprint,news_query
what are they saying about donald trump on this topic,news_query
usa today headlines,news_query
i would like to know the latest from nbc news,news_query
find the this week's news about emigration legislation in the us please,news_query
political news of importance for the day,news_query
what happened yesterday on samurai jack,news_query
what's the latest news about us election,news_query
latest updates on syrian civil war,news_query
i need sport's news,news_query
get me the latest news of world,news_query
what is happening in the world today,news_query
keep me up to date on the election news,news_query
access latest news,news_query
which teams are playing today in the premier league,news_query
let me know if anything happens on that subject,news_query
show latest news about migration,news_query
the current news,news_query
please tell me the news,news_query
give me the headlines from sky news,news_query
is there any new news on trump,news_query
give me the latest updates,news_query
pull up my cnn app and read it to me,news_query
can you tell me a latest news,news_query
google search the topic,news_query
can the latest news be pulled up on the latest weather forecast for the week,news_query
how is the news in ireland,news_query
what is the latest on donald trump,news_query
update me on the standing rock protest,news_query
new policies,news_query
please advise what the current news is on fox news,news_query
latest news update,news_query
what's happening with the hurricane in the gulf,news_query
The latest climate and weather news,news_query
cnn,news_query
what's the news in politics,news_query
celeb news,news_query
what's the news in politics on cnn,news_query
what's the news from source,news_query
pull up the headlines please,news_query
entertainment news,news_query
olly schedule a news update for tomorrow morning at seven am,news_query
i want to see the news,news_query
tell me the latest news from bbc sports,news_query
how about the latest news,news_query
what are the results of the election,news_query
cnn world news,news_query
get me the latest on current events going on in the world,news_query
what's going around in the world these days,news_query
give me the morning news,news_query
economic affairs,news_query
provide wall street journal news,news_query
what's happening in news express,news_query
give me the news on donald trump,news_query
whats happening in football today,news_query
what is currently breaking news,news_query
are there any status updates on cnn news facebook page,news_query
newest world news,news_query
any local news stories for my home city,news_query
please provide world hot news,news_query
current news cnn,news_query
show me the latest news from the un,news_query
read me the front page of the new york times,news_query
please tell me some international news,news_query
will trump visit russia anytime soon,news_query
did the yankees win last night,news_query
give me election updates,news_query
notification regarding the new iphone release update,news_query
get news from bbc,news_query
iphone,news_query
give me the news,news_query
i want to read yahoo news,news_query
headlines from dhaka tribune,news_query
what is the headline from today's morning local news,news_query
get me the latest news in new york,news_query
what are the news stories on the cnn website,news_query
latest news,news_query
what is trending in tech today,news_query
give me the headline news,news_query
get me fresh news,news_query
please share up to the minute details on sprint,news_query
any recent news about north korea,news_query
tell the latest news about the trump,news_query
tell me updates,news_query
is india win today cricket match,news_query
automobiles,news_query
is snap doing good after the ipo,news_query
can you search trump,news_query
progress from the last paused point of my audio book,play_audiobook
go back to animal farm,play_audiobook
play next episode of harry potter by j. k. rowling,play_audiobook
resume the two towers,play_audiobook
start playing again,play_audiobook
resume lord of the rings,play_audiobook
resume the reading of the french lesson,play_audiobook
can you put on the giver,play_audiobook
read that back,play_audiobook
start audio playback of twilight again,play_audiobook
i want to finally read the mars trilogy,play_audiobook
pick up we left off on battle royale,play_audiobook
i would like to listen to my audiobook,play_audiobook
lets have a break for five minutes,play_audiobook
resume the two towers audiobook,play_audiobook
can you play my favorite audio book of king kong,play_audiobook
i want to listen to treasure island by robert louis stevenson,play_audiobook
resume pride and prejudice,play_audiobook
play the game of thrones audio book from the last chapter i was on,play_audiobook
play the book which i heard on some particular day,play_audiobook
stop play,play_audiobook
get me resume of newest release audio book,play_audiobook
keep playing secret garden,play_audiobook
can you pause and rewind the audio then resume,play_audiobook
play the last played audiobook,play_audiobook
start reading that alan partridge book,play_audiobook
play magic run after thirty min,play_audiobook
resume play on my most recent audiobook selection,play_audiobook
start reading fifty shades of grey from chapter four,play_audiobook
start chapter five of physics for future presidents,play_audiobook
continue pride and prejudice,play_audiobook
resume audio,play_audiobook
read some more of the daisy goodwin book for me,play_audiobook
can you play my latest audio book,play_audiobook
open harrypotter audiobook and play from last played,play_audiobook
play audiobook of planets,play_audiobook
resume my audiobook from the beginning of the last chapter i started,play_audiobook
resume the last played audiobook,play_audiobook
open book,play_audiobook
i need a break start it after five minutes,play_audiobook
resume playback,play_audiobook
pick up wuthering heights where we left off,play_audiobook
audio start,play_audiobook
please restart the handmaid's tale,play_audiobook
book swan resume,play_audiobook
resume play of american gods,play_audiobook
play pride and prejudice,play_audiobook
play the twilight book,play_audiobook
play me a random audio book that has to do with love,play_audiobook
can you put on the chuck palhunik audio book,play_audiobook
i want you to fast forward the audio then resume,play_audiobook
resume the playback of zanes se chronicles,play_audiobook
hold,play_audiobook
start over the book legacy,play_audiobook
resume playing the miniaturist,play_audiobook
open the davinci code where i left off,play_audiobook
open the books and play brains book from chap nine,play_audiobook
start from last time on my audio book,play_audiobook
i would like to continue my audiobook,play_audiobook
resuming playing my current audio book,play_audiobook
pause the book,play_audiobook
resume the audiobook i listened to last,play_audiobook
play the client by john grisham,play_audiobook
play audiobook snow white,play_audiobook
resume the playback of a child called it,play_audiobook
continue audiobook playback,play_audiobook
resume audiobook please,play_audiobook
read me some more deadly death killers,play_audiobook
play fault in our stars on audible,play_audiobook
start my bible study book again,play_audiobook
play audio,play_audiobook
open audible and continue playing the book that i was listening to,play_audiobook
continue playing where I left off,play_audiobook
start chapter seven of alma,play_audiobook
continue from where we left off in divergent,play_audiobook
please continue reading the hunger games,play_audiobook
play seven habits of effective people,play_audiobook
play my bookmarked audiobook,play_audiobook
play audiobook,play_audiobook
continue with my audiobook please,play_audiobook
play it after five minutes,play_audiobook
start audiobook again,play_audiobook
resume harry potter from the place i have stopped listening to last time,play_audiobook
please pause this audio book now,play_audiobook
put on the god of small things,play_audiobook
continue playing my book of vitamins,play_audiobook
list me the audiobooks i have already listened to,play_audiobook
resume mind reading book,play_audiobook
resume harry potter book five,play_audiobook
resume audiobook,play_audiobook
resume last played audiobook,play_audiobook
resume inkheart,play_audiobook
play this audiobook,play_audiobook
play audiobook where we left off,play_audiobook
open the two towers,play_audiobook
play the davinci code,play_audiobook
please play back some important points summary,play_audiobook
start my audio book from where i left off,play_audiobook
play the circle,play_audiobook
play audiobook of jacob,play_audiobook
can you continue audiobook the circle,play_audiobook
please continue reading audiobook,play_audiobook
base on my audiobook collection get me recommendation related audio book i should listen get and play me the resume,play_audiobook
i want to listen to be more chill by ned vizzini,play_audiobook
please play recently paused audio,play_audiobook
play biography of jackie kennedy,play_audiobook
play recently added audiobook,play_audiobook
can you play hunt for red october,play_audiobook
play the scarlet letter,play_audiobook
start reading book,play_audiobook
resume joes book from where i left off last time,play_audiobook
play my book,play_audiobook
lets listen to hunt for read october,play_audiobook
restart the audiobook heaven is for real,play_audiobook
restart bill nye book,play_audiobook
play the time machine by h g wells,play_audiobook
continue playing my audiobook,play_audiobook
please resume this playback in audiobook,play_audiobook
read the audiobook of war of the roses,play_audiobook
play the program where i left off yesterday,play_audiobook
play book,play_audiobook
i want to play the audiobook good grief,play_audiobook
begin again book swan,play_audiobook
keep playing war and peace,play_audiobook
please play this playback on audiobook,play_audiobook
resume audio book history of rome,play_audiobook
get me resume of best seller audio book this month,play_audiobook
play me harry potter from the place i last stopped listening on,play_audiobook
resume playing the current audiobook,play_audiobook
i want to hear the book written by the mother of the shooter at columbine,play_audiobook
play wuthering heights from where i left off,play_audiobook
i would like to start this new audiobook,play_audiobook
playback tom clancy splinter cell,play_audiobook
open davinci code audiobook,play_audiobook
can you pause the audio,play_audiobook
please open audible app and resume play,play_audiobook
start dune from where i left off,play_audiobook
please repeat the last sentence from that book,play_audiobook
resume harry potter book one,play_audiobook
restart american gods,play_audiobook
start play johns audiobook,play_audiobook
resume audio playback of twilight,play_audiobook
please continue playing odd thomas by dean koontz,play_audiobook
stop audiobook,play_audiobook
pause the audiobook,play_audiobook
i want to start war and peace where i left off,play_audiobook
look for this playback in audiobook and play for me,play_audiobook
play the jungle book,play_audiobook
play this audiobook for me,play_audiobook
resume playing you are joking mr feynman,play_audiobook
play the god of small things,play_audiobook
play the two towers,play_audiobook
find me an audio book version of ready player one and play it for me,play_audiobook
begin playing the audiobook beauty and the beast,play_audiobook
play the audiobook swan from first,play_audiobook
resume audiobook playback,play_audiobook
we are going to play poker together,play_game
can you take a role of enemy in the game of coc,play_game
run game,play_game
open parcheese game for you and i,play_game
let's roll the dice,play_game
can you do name that tune,play_game
play the latest games,play_game
start up bejeweled,play_game
let's play our favourite football match on tv,play_game
play this game with me,play_game
find game,play_game
list the games you can play with me,play_game
can you play monopoly with me,play_game
play flappy bird,play_game
i need to play sims,play_game
turn on flappy bird,play_game
let's play space invaders,play_game
start words with friends,play_game
i challenge you to a game of tic tac toe,play_game
please open blokus game i would like to play with you,play_game
Please play this game,play_game
open tic tac toe,play_game
open games,play_game
play gta vice city game,play_game
please play football with me,play_game
play chess,play_game
play for me the game cricket,play_game
play scrabble with me,play_game
play me a game of tic tac toe,play_game
let's play fmod,play_game
lets play,play_game
please begin clash of clans,play_game
open chess app and begin game,play_game
do a tournament with me in candy crush,play_game
shall we play a game,play_game
open up tetris,play_game
please play trivial pursuit with me,play_game
let's play chess,play_game
i feel like playing chess can you play that,play_game
open temple run game,play_game
open chess play against me,play_game
play football with me,play_game
play papa pear saga,play_game
play tic tac toe with me,play_game
play subway surfers with me,play_game
lets play chess together,play_game
play game,play_game
can you play tic tac toe,play_game
play a game of contra as a second player,play_game
play a game of chess with me,play_game
please play my cricket game,play_game
Lets play tic tac toe,play_game
mario,play_game
start angry bird,play_game
want to play a game of trivia,play_game
want to play a game,play_game
i want to play a game,play_game
let's play space invaders together,play_game
play for me the game star wars,play_game
my games to play in my computers,play_game
i want to play a trivia game,play_game
can you play a game with me,play_game
Play my favorite game by name naughty dog,play_game
play candy crush,play_game
play football match for myself now,play_game
start game temple runner,play_game
let's play tic tac toe,play_game
please open chess game i would like to play with you,play_game
open subway surfers,play_game
search for the correct game,play_game
i want to play poker with you,play_game
load up ghost recon wildlands,play_game
let's play a game together,play_game
play ping pong,play_game
open chess game,play_game
open saga,play_game
i want you to play this game for me,play_game
i challenge you to a game,play_game
lets play battleship,play_game
let's play global thermonuclear war,play_game
start a game and play with me,play_game
start the poker game,play_game
let's play some pong,play_game
please play clash of clans,play_game
lets play tic tac toe,play_game
i want to play a game with you,play_game
please choose a game that you can play with me,play_game
please open and play chess with me,play_game
could you play poker with me,play_game
play poker with me,play_game
video games,play_game
load a fun game that i can play with you,play_game
play for me the game harry potter and the chamber of secrets,play_game
let's play a game of truth or dare,play_game
lets go nazi hunting,play_game
launch super mario,play_game
play cricket,play_game
get the duet game,play_game
play game with me,play_game
play real racing three game,play_game
play super mario brothers game with me,play_game
start a match of chess,play_game
let's play a game of chess,play_game
play chess with me please,play_game
would you like to play a game,play_game
play solitaire with me,play_game
i'm thinking of a number one to ten,play_game
let's play you'll be the keeper and never change position,play_game
start a competitive crossword for us,play_game
would you like to play a game with me,play_game
let's play nine ball against me adapt with my skill level always let me win,play_game
could you harvest the crops in farmvile,play_game
please open go fish game and play it with me,play_game
open fishdom game,play_game
open minestart game from previous played level,play_game
open up angry birds,play_game
i want to play fifa seventeen,play_game
lets play pinball,play_game
I'd like to play UNO with you,play_game
play uno together,play_game
want to play a game with me,play_game
play candy crush with me,play_game
let's play never have i ever,play_game
can you find animal crossing,play_game
i would like to play tetris,play_game
start spider,play_game
puzzles and games app,play_game
please open snooker game i would like to play with you,play_game
how about playing a game of guess the word i'm thinking of,play_game
play keno,play_game
play games,play_game
do you want to play,play_game
play scabble with me,play_game
play for me the game candy crush,play_game
angry bird play,play_game
turn on console,play_game
give a hand to this game,play_game
let's play a game,play_game
i want to play blackjack,play_game
games,play_game
start the league of legends game,play_game
how about a nice game of chess,play_game
play fmod,play_game
play i spy with me,play_game
co play game monopoly,play_game
start candy crush,play_game
will play chess,play_game
please run this game,play_game
start play fifa seventeen,play_game
play snake with me,play_game
let us play millionaires,play_game
play racing,play_game
create a playing teams and play with them,play_game
let's play a game of trivia,play_game
let's play checkers,play_game
play golf,play_game
i wish i could play video games together,play_game
try to play old nineties classic music,play_music
play new rihanna song,play_music
turn on some music,play_music
can you play my favorite music,play_music
play party songs,play_music
please play the song games by disturbed,play_music
i want to listen arijit singh song once again,play_music
play my first favorite song on loop,play_music
Play best friends by yelawolf,play_music
start music,play_music
turn on my michael jackson playlist,play_music
play any song of arijit singh,play_music
hey play the songs from my playlist named good tunes,play_music
play melody songs,play_music
start play,play_music
start the satellite music feed,play_music
play anything by cat stevens and i'll be happy,play_music
take me to music player,play_music
play the romantic songs,play_music
play music for me,play_music
please play michael jackson album,play_music
play jack johnson playlist music,play_music
find songs from my big band playlist,play_music
play for me hip hop music,play_music
play the last song from my most recent playlist,play_music
i want to listen to rock,play_music
i want to listen jazz,play_music
i want to hear surfin usa,play_music
play for me the music by the beatles,play_music
google find and play florida georgia line the one with nelly,play_music
play songs by adele,play_music
play the bjork album i've heard the least,play_music
get sia's cheap thrills ready to play next,play_music
best rap music,play_music
show me the best podcast of folk songs having good rating and play it,play_music
play my most played songs,play_music
play from favorites song,play_music
play music by taylor swift,play_music
reshuffle and play music,play_music
set a classic music,play_music
play led zeppelin houses of the holy,play_music
please play the beatles ps i love you,play_music
play me some melody song,play_music
let's hear some indie rock okay,play_music
play jazz from jennifer's latest album,play_music
time to hear me some blake shelton,play_music
play the song for me,play_music
i want to hear my favorite jazz music genre,play_music
queue up ymca,play_music
open songs by prince,play_music
please play help,play_music
i want to hear purple haze,play_music
hips dont lie thats the song i would like you to play for me,play_music
pull up my party playlist,play_music
play green day,play_music
run indian folk song,play_music
i would like to hear heathens by twenty one pilots,play_music
i want to hear tum hi ho next,play_music
play thinking out loud next,play_music
play hopsin from my latest playlist,play_music
i want to listen to soft rock,play_music
i would like to hear some rap music,play_music
initiate celine dion music,play_music
start playing my song list,play_music
i want to hear chopin now,play_music
let's play workout playlist,play_music
play all songs by metallica on shuffle,play_music
play what live,play_music
could you play you don't bring me flowers,play_music
i want to dance to the tune of raghu dixit,play_music
please play some jazz music,play_music
please play songs i've purchased and favorited,play_music
i'dl like to hear any classical except for bach or schubert,play_music
play my motivational playlist,play_music
let me hear some bluegrass music,play_music
play new songs by barenaked ladies,play_music
play music from good playlist,play_music
can you play rfi,play_music
play foke,play_music
play music true love,play_music
play the electronic playlist,play_music
play a party music list,play_music
initiate the music on the electronic playlist,play_music
repeat this list in random order,play_music
put classic rock on,play_music
let me hear some music,play_music
play me all jazz music,play_music
play all the latest pop songs,play_music
please play for me elvis presley song again,play_music
play music,play_music
i want to hear play that funky music,play_music
play happy playlist next,play_music
play music from workout playlist,play_music
please play me a song from my favourite list,play_music
play me an upbeat song through your speakers,play_music
coordinate all pop song genres,play_music
play my country playlist,play_music
Song next please,play_music
time to workout,play_music
play the latest song adele,play_music
play from smashing pumpkins,play_music
please play only sad song in music player,play_music
play country music,play_music
play the song title,play_music
play let me love you by ariana grande,play_music
i want to hear sleeptime playlist next,play_music
play some boy band music,play_music
next i want to hear shinedown,play_music
hi google play me playlist wacky in my gaana application,play_music
find jazz music on my playlist,play_music
play for me the music by madonna,play_music
play one more time,play_music
play all by the beatles,play_music
put the song sung by shreya at the top,play_music
hey play me a popular country song,play_music
play music in library,play_music
play neil sedaka,play_music
i want to hear radio head please,play_music
play the billboard top ten,play_music
play my preferred song,play_music
play lady by kenny roger,play_music
select and play only christian rock from one thousand nine hundred and ninety upwards,play_music
play be warned by tech n9ne,play_music
open spotify and play list five,play_music
download the latest folk songs having rating of four star or above and play all without shuffle,play_music
play hurt by johnny cash next,play_music
kenny roger's lady play,play_music
open my amazon music app and play my playlist,play_music
please resume my music,play_music
play my favorite music,play_music
play old fashioned christmas music,play_music
play my midnight love playlist,play_music
play music that are classical only,play_music
play the barney theme song,play_music
play lady now,play_music
play the veldt by,play_music
play chopin,play_music
play only songs by the beatles please,play_music
i want to listen to classical music,play_music
please play the song joy to the world,play_music
play purple haze,play_music
play song aces high,play_music
i'd love to hear any song that i've given five stars by serge gainsbourg,play_music
play song over the rainbow,play_music
jazz could be choice for me,play_music
play what i am by edie brickel,play_music
play r and b,play_music
go to youtube and play me the best wedding songs collection,play_music
play music from where you left off,play_music
would you play some music please,play_music
please play workout playlist,play_music
play maroon five playlist,play_music
play the song get happy by ella fitzgeral,play_music
play closer music track,play_music
play my morning playlist,play_music
play jingle bells,play_music
make my collection mostly pop with a good bit of psychedelia,play_music
play the next episode of drunks and dragons please,play_podcasts
play the latest seahawks podcast,play_podcasts
can i see the previous episode,play_podcasts
skip this podcast,play_podcasts
please play next episode,play_podcasts
aib podcast on kashmirstart it,play_podcasts
i want to hear the latest podcast episode of s town,play_podcasts
please go to next date,play_podcasts
can you please play the next episode of food stuff,play_podcasts
jump to the next podcast,play_podcasts
what are todays top podcasts,play_podcasts
skip to next nyt podcast,play_podcasts
what is my most played podcast,play_podcasts
play my latest podcast,play_podcasts
can you start my saved podcast,play_podcasts
continue onto the next podcast,play_podcasts
go to next episode,play_podcasts
skip,play_podcasts
start podcast from my favorites list,play_podcasts
start next episode playing,play_podcasts
show me the top rated podcasts,play_podcasts
find me a podcast on wrestling,play_podcasts
can you backward an episode in the podcast,play_podcasts
move to next episode,play_podcasts
start podcast mlb daily,play_podcasts
start podcasts on nfl,play_podcasts
i want to hear this podcast,play_podcasts
skip to next podcast,play_podcasts
can you play the next podcast,play_podcasts
play the next episode of the BBC tech podcast,play_podcasts
please play forward episode in quantico,play_podcasts
vitaly channel,play_podcasts
podcast play,play_podcasts
play the previous podcast,play_podcasts
please play the newest podcast,play_podcasts
podcast next episode,play_podcasts
play rohan sharma podcast for me,play_podcasts
play the newest morning show podcast,play_podcasts
i want to hear yesterday's podcast from my favorite channel,play_podcasts
resume series podcast,play_podcasts
start playing podcast about books,play_podcasts
play the next episode of a podcast,play_podcasts
play the seventh episode of the morning after,play_podcasts
will you please play the next episode of podcast,play_podcasts
play my video game news podcast starting where i left off,play_podcasts
play last reason podcast,play_podcasts
move to next section,play_podcasts
forward to four twenty,play_podcasts
start my favourite podcast,play_podcasts
play the next podcast episode,play_podcasts
will you please play a podcast,play_podcasts
next podcast,play_podcasts
go to the podcast and play the next episode in friends,play_podcasts
start playing my most recent podcast,play_podcasts
play the most current episode of levin,play_podcasts
ted talks,play_podcasts
start my most recently played podcast,play_podcasts
rewind button,play_podcasts
please play james altucher's podcast,play_podcasts
play me john's podcast,play_podcasts
next one please,play_podcasts
play most recent podcast upload,play_podcasts
go to the next episode in this podcast,play_podcasts
move forward ten minutes in this podcast,play_podcasts
play anything new from my podcast subscriptions,play_podcasts
replay my last played podcast,play_podcasts
move to the next episode of hipsterhood,play_podcasts
show me the newest podcasts,play_podcasts
please play a podcast,play_podcasts
skip to next,play_podcasts
start podcast,play_podcasts
please go to the next episode of the podcast,play_podcasts
start the gilmore guys,play_podcasts
play the most recent podcast for this american life,play_podcasts
start the podcast i was last listening to,play_podcasts
please play next episode of bbc history podcast,play_podcasts
play current episode,play_podcasts
plays the podcast from the beginning,play_podcasts
can you find the dave ramsey podcast that aired earlier today,play_podcasts
hey play my favourite podcast from list,play_podcasts
play the next episode of radiolab,play_podcasts
please play podcasts on science,play_podcasts
play my favourite podcast,play_podcasts
play the next recording,play_podcasts
back one episode,play_podcasts
please continue with the next podcast episode,play_podcasts
play stuff you should know,play_podcasts
please play the next episode,play_podcasts
play that podcast i was listening to yesterday,play_podcasts
play latest reason podcast,play_podcasts
start playlist for podcast,play_podcasts
go back,play_podcasts
start the podcast over that i started last night,play_podcasts
play me the bbc radio podcast,play_podcasts
play compassionate cook episode twenty three,play_podcasts
i want to listen to the podcast of the super bowl this past year,play_podcasts
play today's podcast from the mi,play_podcasts
i'd like to continue to the next episode,play_podcasts
please play the next episode in the podcast,play_podcasts
start playing my most played podcast,play_podcasts
next episode please,play_podcasts
let me listen to the latest lovett or leave it podcast,play_podcasts
play the serial podcast,play_podcasts
go to favourite list,play_podcasts
jump to next podcast,play_podcasts
play next on podcast,play_podcasts
skip to the next episode of this podcast,play_podcasts
show me the previous episode,play_podcasts
rewind the episode of podcast,play_podcasts
play me some podcasts about getting rich quick,play_podcasts
play the last next episode,play_podcasts
forward this one,play_podcasts
i want you to play the podcast,play_podcasts
play episode two of the intern,play_podcasts
skip forward,play_podcasts
play the podcast named ringcast,play_podcasts
find the serial podcast and play it,play_podcasts
play me a podcast,play_podcasts
play musician play list,play_podcasts
next episode in podcast,play_podcasts
go to beginning of previous episode,play_podcasts
npr ted talks,play_podcasts
next episode of nyt podcast,play_podcasts
play this podcast,play_podcasts
next podcast play,play_podcasts
move on to the next podcast episode,play_podcasts
go back to the last episode in this podcast,play_podcasts
play me the latest podcast about online surveys,play_podcasts
play newest reason podcast,play_podcasts
play podcast episode new,play_podcasts
open podcast player,play_podcasts
list and play all theory podcasts under ten min,play_podcasts
play next episode on podcast,play_podcasts
i want to see the previous episode,play_podcasts
move forward to the next episode,play_podcasts
please start joe rogan podcast please,play_podcasts
please check episode number thirty nine,play_podcasts
search for podcasts that cover men's issues,play_podcasts
can you forward an episode in the podcast,play_podcasts
play episode ten in the podcast,play_podcasts
play heavyweight podcast,play_podcasts
skip to the next podcast,play_podcasts
go to the third episode of this podcast,play_podcasts
please start my podcast,play_podcasts
i would like to listen to this mornings mike and mike podcast,play_podcasts
rewind to four twelve,play_podcasts
play a podcast about latest yoga videos,play_podcasts
favourite podcast,play_podcasts
i want to see the next podcast available,play_podcasts
start playing ringcast,play_podcasts
i am ready to hear the next episode of podcast,play_podcasts
can you pull up the dave ramsey podcast that aired on monday,play_podcasts
play the next episode of this series,play_podcasts
play next doctor who episode,play_podcasts
next episode in the podcast please,play_podcasts
play podcast one,play_podcasts
play the bob and tom show,play_radio
play bbc radio one,play_radio
play my favorite station,play_radio
i would like to listen to this programme on radio,play_radio
turn program on xmtune,play_radio
please play program on xmtune,play_radio
play an fm,play_radio
play random radio station,play_radio
play npr through my living room stereo,play_radio
change channel to one hundred and three,play_radio
play me news radio channel,play_radio
tune into the joe rogan show in ten minutes,play_radio
play radio ninety five point five,play_radio
turn on a country music station,play_radio
start my playlist on i heart radio,play_radio
tune in some radio,play_radio
play any pop fm channel,play_radio
radio please,play_radio
play radio,play_radio
i need you to find a good channels to listen to,play_radio
could you please help me in listening to the radio,play_radio
turn on my pandora radio,play_radio
put the radio on,play_radio
open radia,play_radio
play new radio channel,play_radio
turn on one oh seven point five,play_radio
can you turn msnbc on in the car,play_radio
open pandora app,play_radio
i want to hear program one on lastfm,play_radio
go to sirius and play the hip hop channel,play_radio
play program on xmtune please,play_radio
i want to listen to the new sam harris episode,play_radio
can you start fm eight hundred and ninety radio channel,play_radio
play radio mirchi for me,play_radio
play old,play_radio
i would like to listen to howard stern on ninety seven point nine fm,play_radio
play news in fm,play_radio
switch on radio mango,play_radio
play the last radio channel,play_radio
play am,play_radio
tune into ninety nine point five fm,play_radio
play the kansas city hip hop station,play_radio
i need ninety nine point five please,play_radio
play my usher radio station,play_radio
play football news from radio one,play_radio
play the local r. n. b. radio station,play_radio
play the urban radio station,play_radio
could you please play the fm station which plays pop songs,play_radio
can you start ryan seacrest,play_radio
search and play a radio station with news,play_radio
start playing fm ninety six point five when it is one pm,play_radio
start the radio,play_radio
turn it to frequency nine hundred and ninety seven,play_radio
would you please turn on the am radio,play_radio
can you turn on pandora,play_radio
play bbc radio,play_radio
give me a classical radio station,play_radio
play for me american idol show,play_radio
start radio and go to frequency on nine hundred and forty three,play_radio
please start the radio,play_radio
turn on radio,play_radio
find me the local npr station,play_radio
play music now from radio plus,play_radio
please play the local latin music channel on the radio,play_radio
i want to listen to one oh one point one the whiz,play_radio
play the radio band with sports commentary,play_radio
play hoizer radio station from my pandora app,play_radio
open radio frequency ninety nine point five,play_radio
i want to listen to the bob and tom show,play_radio
play yesterday's hot ninety seven morning show,play_radio
i want to hear the radio,play_radio
turn on wfrn ninety nine point one,play_radio
go to radio,play_radio
start bbc radio,play_radio
open radio,play_radio
play a news radio station,play_radio
play the miami heat and warriors game,play_radio
hey olly turn the radio on,play_radio
get me some radio music from kamp fm,play_radio
i need you to start fm eight hundred and ninety radio channel,play_radio
find the best rock station near my location and turn it on,play_radio
get radio,play_radio
play the radio station one hundred and one point nine,play_radio
tune in to my favorite radio station please,play_radio
play the college baseball game,play_radio
play howard stern on sirius,play_radio
open fm,play_radio
play npr on this station,play_radio
can you please turn on npr where i am,play_radio
play the radio station rock one hundred and eight,play_radio
play radio one,play_radio
hey olly play the radio,play_radio
open sirius app and play the classical channel,play_radio
activate radio and tune into nine hundred and eighty nine,play_radio
look for a radio station called rhythm on the frequency one,play_radio
eight hundred and eighty nine fm please,play_radio
play rush limbaugh on ninety seven fm,play_radio
find radio,play_radio
play by favorite radio station,play_radio
i want to listen some music play a radio station,play_radio
i want to listen to the radio,play_radio
start the radio now,play_radio
play hot ninety seven,play_radio
channel seventy two point five,play_radio
i'd like to listen to ninety nine point five,play_radio
let's have the radio on,play_radio
can you find the the preacher joe show on gospel radio,play_radio
play radio station,play_radio
ally please play pandora radio,play_radio
put the news on bbc,play_radio
please find the radio station currently playing howard stern,play_radio
go to the station fm ninety six point five,play_radio
play radio disney,play_radio
i want you to go to hot one hundred and five on the radio,play_radio
play tunes,play_radio
on the radio it is time for good music,play_radio
radio one thousand and twenty seven,play_radio
play the breakfast club,play_radio
play netflix on my ps four,play_radio
play station gx in the radio,play_radio
please tune in to fm ninety five,play_radio
radio play nine hundred and eighty nine please,play_radio
lets hear it from fm ninety six point five,play_radio
open pandora play rock station,play_radio
start radio,play_radio
the radio should play only on nine hundred and ninety nine fm,play_radio
play all the programs pertaining to rock songs on the radio,play_radio
please turn on radio on seven am,play_radio
start radio play,play_radio
i want to hear this radio station now,play_radio
play the jazz station,play_radio
i'd like to listen to my favorite morning show in the car on the way to work please,play_radio
play my favorite radio station,play_radio
broadcast the health show from the kitchen,play_radio
switch on the radio and play hello fm station,play_radio
please play the radio,play_radio
can you put on the next i heart music radio show,play_radio
please start fm eight hundred and ninety radio channel,play_radio
start radio station one oh seven point five fm,play_radio
start pandora,play_radio
play billybob show on bbc radio four,play_radio
can you play acoustic music with no commercials,play_radio
scan the radio for howard stern,play_radio
play miley cyrus radio,play_radio
tune to pandora,play_radio
let's hear ninety two point one,play_radio
please open my fm radio and play nine hundred and eighty seven,play_radio
i want to hear this week's midweek motorsport,play_radio
play for me american idol on television,play_radio
play the radio for me,play_radio
play a pop station on the radio,play_radio
play the radio music band,play_radio
play the health show on the television in the living room,play_radio
open pandora and play top hits,play_radio
i want to listen to today's hits,play_radio
open the radio app,play_radio
play any country music station,play_radio
what is the exchange rate for pounds and u. s. d.,qa_currency
display exchange rate of euro to indian rupee,qa_currency
how much is one u. s. d. in inr,qa_currency
how many yen for each dollar,qa_currency
what is the dollar price in inr,qa_currency
how much is the dollar worth compared to the euro,qa_currency
convert one euros to us dollars,qa_currency
from dollar to euro,qa_currency
how many pesos can i get for a dollar right now,qa_currency
i need the exchange rate for the us dollar and the euro,qa_currency
tell me the exchange rate for the yen,qa_currency
money exchange,qa_currency
how much is fifty us dollars with in china,qa_currency
how many rupies are in a dollar,qa_currency
what is the difference between the rate of the american dollar and the pound,qa_currency
u. s. d. to yen,qa_currency
given me the exchange rates between u. s. d. and cad,qa_currency
what's the exchange rate between the us dollar and the euro,qa_currency
what is the exchange rate for dollars to pounds,qa_currency
new exchange rate,qa_currency
what is the exchange rate between the dollar and the euro currently,qa_currency
what is the exchange rate of euro today to dirham,qa_currency
exchanges rates any problems,qa_currency
how much is ten u. s. d. to cad,qa_currency
give me the exchange rate between united states dollar and japanese yen,qa_currency
what's the current exchange rate for the euro against u. s. d.,qa_currency
what's the exchange rate between czk and euro,qa_currency
please give me detail one dollars equals rs,qa_currency
forex rate of euro to u. s. d.,qa_currency
what's the pound to dollar exchange rate,qa_currency
tell me the current dollar ratio for the us and canada,qa_currency
give me the exchange rate between japanese yen and the australian dollar,qa_currency
what is the currency conversion charges applicable,qa_currency
is a peso worth more than a dollar,qa_currency
how much is a g. b. p. in u. s. d.,qa_currency
is euro the best currency to trade,qa_currency
how much is the us dollar versus the pound,qa_currency
how much philippine peso do i need to make fifty dollars,qa_currency
convert five s. d. to rials,qa_currency
exchange rate between dollar and mexican peso,qa_currency
how many pounds would i get for dollars,qa_currency
how does the dollar compare to the pound,qa_currency
what is one dollar in euros,qa_currency
how much is an euro worth,qa_currency
which bank will give better rate for currencies i have,qa_currency
what is the current exchange rate from u. s. d. to rupies,qa_currency
how many dollars is in pounds,qa_currency
euro to u. s. d.,qa_currency
how many dollars are in a euro,qa_currency
given me the exchange rates between u. s. d. and inr,qa_currency
show conversion rate of u. s. d. and euro,qa_currency
foreign exchange rates,qa_currency
what is the exchange rate between us and canada,qa_currency
conversion between dollars and pounds,qa_currency
what's the exchange between u. s. d. and cad,qa_currency
please give me detail of one yen equals dollar,qa_currency
how much is the euro versus the canadian dollar,qa_currency
is the pound up or down against the dollar,qa_currency
exchange euro to dollar,qa_currency
what's the dollar's exchange rate with the euro,qa_currency
what is the equivalent of one inr in zimbabwe dollars,qa_currency
what is the rate for g. b. p. to u. s. d.,qa_currency
what is the exchange rate of euro and dollar,qa_currency
what is dollars in pesos,qa_currency
what is us dollar today,qa_currency
exchange rates,qa_currency
what's the exchange rates,qa_currency
what is the exchange rate between u. s. d. and inr,qa_currency
give me the exchange rate between united states dollar and indian rupee,qa_currency
i would like my to tell me the trend on foreign exchange rates,qa_currency
please check exchange rates,qa_currency
what is the exchange rate of u. s. d. to cdn,qa_currency
tell me the exchange rate of ten dollar to euro,qa_currency
what is the exchange rate between the us dollar and the aus dollar,qa_currency
please check the exchange rates of the us dollar vs the euro,qa_currency
what is the current rate of euro to us dollars,qa_currency
show u. s. d. currency value of euro,qa_currency
how much is the euro worth versus us dollar,qa_currency
how many dollars can i get for one yen,qa_currency
show me the exchange rate between czk and dollar,qa_currency
how many euro in u. s. d.,qa_currency
if i have a dablune how many dollars is that,qa_currency
what is the exchange rate between u. s. d. and cad,qa_currency
what is the exchange rate of us dollar today for rupee,qa_currency
what is the current exchange rate between the dollar and the euro,qa_currency
dollar rate,qa_currency
how much is us dollar against rupee,qa_currency
what the conversion rate from yen to us dollars,qa_currency
what is a canadian dollar worth in the us,qa_currency
convert one pound to us dollar,qa_currency
how much is indian rupee going against us dollar,qa_currency
what is the exchange between dollar and british pound,qa_currency
what is the us dollar equivalent of one euro,qa_currency
Show me popular exchange rates,qa_currency
how much is twenty argentinian pesos in pounds,qa_currency
tell me the exchange rate of rupee for dollar,qa_currency
rate u. s. d. to g. b. p.,qa_currency
how much is five dollars worth in euros,qa_currency
u. s. d. position now,qa_currency
what is the current exchange rate of euro to dollar,qa_currency
what is the exchange rate as of today,qa_currency
what's the rate between pesos and yen,qa_currency
what is the yen us dollar exchange rate,qa_currency
what is the current exchange rate between dollars and euros,qa_currency
convert one us dollar to british pound,qa_currency
exchange u. s. d. to g. b. p.,qa_currency
dollar rate at present,qa_currency
which currency is greater the us dollar or yen,qa_currency
exchange rate of yan with dollar,qa_currency
what is the exchange rate between u. s. d. and euro,qa_currency
currency conversion of u. s. d. and eur,qa_currency
siri what is one american dollar in japanese yen,qa_currency
check currencies,qa_currency
what would be the exchange rate of currency in japan,qa_currency
how much is ten euros in dollars,qa_currency
how much is one dollar in pounds,qa_currency
exchange rates between dollar and euro,qa_currency
canadian us exchange rate,qa_currency
convert one dollars to rupees,qa_currency
what is the price of euro to u. s. d.,qa_currency
is the exchange rate changed from yesterday,qa_currency
exchange rates of inr and u. s. d.,qa_currency
find me the exchange rate between dollars and bitcoin,qa_currency
currency exchange,qa_currency
what is a peso worth in dollars,qa_currency
look up the exchange rate between dollars and bitcoin,qa_currency
how many bots are in a dollar,qa_currency
how many american dollars are in a euro,qa_currency
siri what is dollars in yen,qa_currency
show exchange rate of u. s. d. and inr,qa_currency
how many pesos to an american dollar,qa_currency
current currency rate,qa_currency
what's euro u. s. d. right now,qa_currency
what is the current value of yen in american money,qa_currency
what is the us dollar euro exchange rate,qa_currency
how much is twenty two usd in euros,qa_currency
what is the exchange rate for the english pound and us dollar,qa_currency
how much is two thousand five hundred philippine pesos in dollars,qa_currency
how many dollars is twelve pesos,qa_currency
how much is one american dollars worth in england,qa_currency
what is price of dollar,qa_currency
please let me know the exchange rate between indian rupees and us,qa_currency
currency to currency rate,qa_currency
what is the exchange rate of rupee for dollar,qa_currency
what is the us dollar and euro exchange rate,qa_currency
let me know about the exchange rate of rupee to dirham,qa_currency
exchange rate for converting ten dollar to euro,qa_currency
what is six hundred euros in u. s. d.,qa_currency
what is the dollar exchange rate,qa_currency
what is the dollar against the pound,qa_currency
please show me the exchange rate between the dollar and the yen,qa_currency
could you please tell me what is the rate for pound to u. s. d.,qa_currency
how many euro will i get for ten dollars,qa_currency
give me the exchange rate between united states dollar and canadian dollar,qa_currency
what is the exchange rate between us dollars and bitcoin,qa_currency
how much money is one dollars worth in denmark,qa_currency
give me the definition of the word fondle,qa_definition
sanctimonious definition,qa_definition
what does a sea lion look like,qa_definition
define a phrase blue sky research,qa_definition
define oscillate,qa_definition
do you know the definition of school,qa_definition
tell me what the word organism means,qa_definition
can you describe to me what a pineapple looks like,qa_definition
describe joe for me please,qa_definition
give me the definition of carion,qa_definition
please describe about microwave,qa_definition
define loquaciousness,qa_definition
what is the definition of inchoate,qa_definition
what is a chair,qa_definition
what is the meaning of this word,qa_definition
please tell me what is the definition of cylinder,qa_definition
can you define conservative politics,qa_definition
describe a romantic love,qa_definition
what does a geranium look like,qa_definition
what does this stitch long sleeved shirt look like,qa_definition
definition of velocity,qa_definition
can you tell me what an chaise is,qa_definition
show meaning of clarion,qa_definition
give me the description of a smartphone circuit,qa_definition
describe a chart,qa_definition
define what's a goalkeeper,qa_definition
what is google,qa_definition
define cpu,qa_definition
could you describe that object please,qa_definition
give me the definition of the word armor,qa_definition
tell me about medieval war engines,qa_definition
hey what is the definition of recipe,qa_definition
the definition of life,qa_definition
what is the definition of forensic,qa_definition
what does settle mean,qa_definition
give me the definition of school,qa_definition
Define perpetual,qa_definition
tell me what a freeway is,qa_definition
what does apple of my eye mean,qa_definition
siri what does survey mean,qa_definition
where can i use this word,qa_definition
what is the meaning of the word home,qa_definition
what's the meaning of rumplestiltskin,qa_definition
define elaborate,qa_definition
what is a sphere,qa_definition
can you tell me what the white house is,qa_definition
what does pesto mean,qa_definition
explain photosynthesis,qa_definition
look up a lamp,qa_definition
get me new definition,qa_definition
what is the definition of a probiotic,qa_definition
how would you describe a ball,qa_definition
look up the definition to ambulance,qa_definition
could you please tell me the meaning for the item laptop,qa_definition
siri what does obstacle mean,qa_definition
how is a typhoon defined,qa_definition
describe what a poltergeist is,qa_definition
what does obsessed mean,qa_definition
what is a shoal,qa_definition
how would you describe the internet,qa_definition
give me a description of iron fist on netflix,qa_definition
tell me about it,qa_definition
what is piramid,qa_definition
how does the desk look,qa_definition
describe the computer to me,qa_definition
define love without invoking the term love,qa_definition
i would like to know the meaning of word,qa_definition
what are the definitions of orange,qa_definition
definition for object name,qa_definition
what is the definition of problematic,qa_definition
please search for this word,qa_definition
describe blanket,qa_definition
pontificate definition,qa_definition
define the word novel,qa_definition
what is laptop,qa_definition
describe a fifty inch smart tv,qa_definition
what does the word labyrinth mean,qa_definition
what does it mean to be overbearing,qa_definition
describe the statue of liberty,qa_definition
define swerving,qa_definition
what is computer,qa_definition
what is hurricane,qa_definition
tell me all about hurricane,qa_definition
what does speaker mean,qa_definition
look up word,qa_definition
what is the definition of session,qa_definition
describe a workhouse for me,qa_definition
describe rock sand,qa_definition
describe london for me please,qa_definition
what defines a triangle,qa_definition
give me the definition of arrow,qa_definition
what is rock sand,qa_definition
what is telekenesis,qa_definition
siri what is the definition of ziggurat,qa_definition
what is this thing,qa_definition
please describe a car,qa_definition
i need to get the definition of a word massive,qa_definition
origin of word,qa_definition
give me the specs on the bugatti veyron,qa_definition
whats the definition of indignation,qa_definition
please describe an elephant to me,qa_definition
what does potato mean,qa_definition
what is this,qa_definition
give me the description of a mobile battery functioning,qa_definition
what is a banana,qa_definition
what is marketing,qa_definition
hey what is the definition of survey,qa_definition
define god,qa_definition
how does a cheetah look,qa_definition
find me a description of morel mushrooms,qa_definition
what does snafu mean,qa_definition
mobile device explanation,qa_definition
please search for dining tables,qa_definition
how would you describe the sun,qa_definition
give details of rock sand,qa_definition
meaning of enthusiastic,qa_definition
what does pda mean,qa_definition
what does triumph mean,qa_definition
tell me about the sports stadium,qa_definition
look up the word snafu,qa_definition
can i get the definition to ambulance,qa_definition
object identifier,qa_definition
description of iphone seven,qa_definition
what is the definition of this,qa_definition
what does happy mean,qa_definition
what does a beech tree look like,qa_definition
can you define this word,qa_definition
how does merriam webster define ultra,qa_definition
describe a tomatillo,qa_definition
give description of statue of liberty,qa_definition
give me the definition of formidable,qa_definition
blanket definition,qa_definition
tell me about rock,qa_definition
search this object's definition,qa_definition
define alarm,qa_definition
what is the nuclear triad,qa_definition
describe texture,qa_definition
what does pro bono mean,qa_definition
what does a soccer ball look like,qa_definition
what an umbrella means,qa_definition
define organism,qa_definition
what does the word hypocrisy mean,qa_definition
describe the empire state building,qa_definition
what is the meaning of the word sanctimonious,qa_definition
how would the volkswagen golf car look like,qa_definition
define and describe an ultraviolet ray,qa_definition
how would you describe a tennis ball,qa_definition
what does joke mean,qa_definition
what i can do with laptop,qa_definition
how do you describe a capabara,qa_definition
tell me what a workhouse is,qa_definition
what is the definition of god,qa_definition
what does a baguette look like,qa_definition
look up the meaning of logic,qa_definition
describe to me what a ball looks like,qa_definition
what does session mean,qa_definition
hey what does incite mean,qa_definition
Explain object,qa_definition
define session,qa_definition
how many legs does a dog have,qa_factoid
who was the first president of united states,qa_factoid
where is place,qa_factoid
what's the capital of tanzania,qa_factoid
search for pink's youtube channel,qa_factoid
how many sides are on a pentagon,qa_factoid
calculate a close integral of exponential function from zero to five,qa_factoid
what is the age of britney spears,qa_factoid
where is the hottest place on earth,qa_factoid
where is morocco located,qa_factoid
what is the total number of oceans in the world,qa_factoid
birth date for movie star keanu reeves,qa_factoid
how is the spouse of obama,qa_factoid
what are the climatic conditions in that area,qa_factoid
what is the capital of china,qa_factoid
how hot are summers in gibraltar,qa_factoid
what johncena do,qa_factoid
how old is clint eastwood,qa_factoid
where is the hottest desert located,qa_factoid
how high is pikes peak,qa_factoid
how far above sea level is denver,qa_factoid
show various plants in earth,qa_factoid
is brad pitt married,qa_factoid
what part of the world is the safest,qa_factoid
how tall is frank goggins,qa_factoid
can you really see russia from alaska,qa_factoid
where is los angeles,qa_factoid
tell me about sean connery,qa_factoid
can turkeys fly,qa_factoid
show me the demographic growth rate of switzerland in the last ten years,qa_factoid
where do most celebrities hang out,qa_factoid
wikipedia page about sean connery,qa_factoid
what are the coordinates of everest,qa_factoid
what country was einstein from,qa_factoid
when did mount saint helens last erupt,qa_factoid
what is the size of the united states,qa_factoid
how many calories are in a serving of grapes,qa_factoid
who was john dillinger,qa_factoid
how is iron made,qa_factoid
is black sea real,qa_factoid
when is madonna's birthday,qa_factoid
when did beyonce and jay z get married,qa_factoid
where is stonehenge,qa_factoid
how far away is the sun,qa_factoid
look up the number of people living in miami florida,qa_factoid
how many mega pixel is listed in the description of the canon,qa_factoid
when is stassi schroedder's birthday,qa_factoid
how old is brad pitt,qa_factoid
what was the first car made,qa_factoid
how long was bryan cranston on breaking bad,qa_factoid
where did rama go on his final journey,qa_factoid
was einstein married,qa_factoid
rowan atkinson info,qa_factoid
how many countries are in europe,qa_factoid
Where is miami,qa_factoid
what is the highest mountain in the world,qa_factoid
what is the deepest point on earth,qa_factoid
how many oscars does morgan freeman have,qa_factoid
what awards did erica grebe win last night,qa_factoid
tell me about donald trump,qa_factoid
get more information on geographic information about this place,qa_factoid
what is hair made up of,qa_factoid
how many people live in los angeles,qa_factoid
how old are kim kardashian's children,qa_factoid
is it true the gym is seven miles away,qa_factoid
where is steven spielberg living,qa_factoid
info of rowan atkinson,qa_factoid
tell me who the thirty second president is,qa_factoid
who is the president of america,qa_factoid
what is the geographic info of a pop singer rahman,qa_factoid
where was steve jobs born,qa_factoid
how many countries are in the european union,qa_factoid
what is the population of florida,qa_factoid
how old is christie brinkley,qa_factoid
how many species of bees are there in the united states,qa_factoid
when was frank sinatra born,qa_factoid
how old is barack obaba,qa_factoid
what did kim kardashian wear to london fashion week,qa_factoid
Show geographic location of pyramids,qa_factoid
when was Dolly parton born,qa_factoid
where is russia located,qa_factoid
which are well reviewed movies by emma watson,qa_factoid
where do the rocky mountains start,qa_factoid
how many songs did michael jackson write,qa_factoid
for how many years was abraham lincoln president of united states,qa_factoid
how many kilograms is two hundred and ten pounds,qa_factoid
could you please confirm if leonardo is married,qa_factoid
how many bones does a human body have,qa_factoid
largest animal,qa_factoid
longest river in the world,qa_factoid
find twitter handle of tom cruise,qa_factoid
how old is tom hanks,qa_factoid
how old is rihanna,qa_factoid
tell me when obama was born,qa_factoid
how is jennifer garner's career doing,qa_factoid
where is the statue of liberty located,qa_factoid
how much of the earth is made up of water,qa_factoid
how many rivers are there in europe,qa_factoid
when is sunset,qa_factoid
what creates buttermilk,qa_factoid
how old was elvis when he died,qa_factoid
how big is russia,qa_factoid
does pink have a new baby,qa_factoid
look up information on mount rushmore,qa_factoid
just let me know the population of india,qa_factoid
please give height of lindsey lohan,qa_factoid
how big is the tower of london,qa_factoid
what is sean connery's birthday,qa_factoid
how many hook ups had richard feynman,qa_factoid
who was in the beatles,qa_factoid
how old is cher,qa_factoid
where was marlon brando born,qa_factoid
what is the length of amazon river,qa_factoid
is the largest ocean in the world the pacific,qa_factoid
tell me about alexander the great,qa_factoid
what was the date when the plum street temple in cincinnati ohio was built,qa_factoid
who built the prado museum,qa_factoid
how old is kim kardashian,qa_factoid
please tell me about our country latitude and longitude,qa_factoid
where is yellowstone park,qa_factoid
when is president's day,qa_factoid
michael jackson family background,qa_factoid
what is clint eastwood doing these days,qa_factoid
what country has the most population,qa_factoid
what is glass made of,qa_factoid
where jackie chan currently live,qa_factoid
how tall is roraima mount,qa_factoid
what is elvis favorite ride,qa_factoid
find me the perfect girlfriend,qa_factoid
what is the plot of the most recent will smith movie,qa_factoid
how many kids jackie chan does have,qa_factoid
tell me about neal adams,qa_factoid
give me a geographic fact about vilnius,qa_factoid
what is the temperature right now in new york,qa_factoid
area of north america,qa_factoid
when was born abraham lincoln,qa_factoid
did angelina jolie leave brad pitt,qa_factoid
is yemen closer to japan or india,qa_factoid
why did bob dylan earn a nobel peace prize,qa_factoid
how old is betty white,qa_factoid
is adele going to go on tour,qa_factoid
actually what is the life style of sahara desert,qa_factoid
what color is the sky,qa_factoid
how far is france from miami,qa_factoid
how far is parana river,qa_factoid
when's mark lanegan's next album out,qa_factoid
what's bob scrote's net worth,qa_factoid
what movies is kevin spacey in,qa_factoid
how smooth is marble floor,qa_factoid
how many cups in a quart,qa_factoid
tell me why relationships are so hard,qa_factoid
when is the next lakers game,qa_factoid
what size is a sperm whale,qa_factoid
how big is the grand canyon,qa_factoid
when was justin bieber born,qa_factoid
what is the temperature in indianapolis indiana,qa_factoid
what is the linear equation,qa_maths
tell me sum of five and six,qa_maths
how much money will i make for the week if i make dollars per hour and work twenty hours,qa_maths
solution for eighty one divided by nine,qa_maths
what is ten divided by five,qa_maths
show me the answer for this problem two hundred and forty six plus six hundred and fifty four,qa_maths
what is the square root of ninety seven,qa_maths
what is the square root of thirty four,qa_maths
seven times seven,qa_maths
what is five minus one,qa_maths
tell me if five hundred and forty is subtracted seven time by twenty eight,qa_maths
what is the square root of thirty six,qa_maths
what is the square of 4,qa_maths
four plus five equals nine,qa_maths
whats ten percent off forty dollars,qa_maths
what is twenty four times twenty four,qa_maths
divide seventy six in two parts,qa_maths
what is three times seven,qa_maths
find me square root of forty nine,qa_maths
what is fifty five minus two,qa_maths
how much is twelve divided by four,qa_maths
how many miles in five kilometers,qa_maths
can you help me find the answer to this question,qa_maths
what is the square root of forty two,qa_maths
what is the answer to that question,qa_maths
how do i get the answer to two plus two,qa_maths
what is twelve divided by four,qa_maths
can you take five and divide it by three,qa_maths
is the answer of five plus two seven,qa_maths
how much is one hundred and thirty six plus three hundred and eighty seven,qa_maths
whats was the value of x if x plus two equals five,qa_maths
what is the answer to two plus two,qa_maths
answer the equation eight times seven,qa_maths
subtract sixty from two hundred and forty four,qa_maths
what's two plus two,qa_maths
add five plus eighteen minus four please,qa_maths
what is ten times ten,qa_maths
tell me what the product of eighteen and thirty one is,qa_maths
what is twelve times eight,qa_maths
what does one plus,qa_maths
what is the root of 16,qa_maths
solve this equation one plus one,qa_maths
what is the answer to two times three,qa_maths
what's three plus three hundred and fifty five,qa_maths
calculate two multiplied by two,qa_maths
how do you solve three two,qa_maths
tell what is the value of sin thirty,qa_maths
what's the sum of the two numbers four and six,qa_maths
ten percentages of hundred,qa_maths
convert ten miles to kilometers,qa_maths
what is the square root of nine,qa_maths
how many pounds do sixty kg make,qa_maths
what is six minus four,qa_maths
are you solve my math,qa_maths
find the sum of thirteen and fourteen,qa_maths
i need to figure out this percentage,qa_maths
answer for three times four,qa_maths
what is zero divided by zero,qa_maths
if i have fifty dollars and spend twenty four how many dollars will i have left,qa_maths
tell me the answer for two plus two,qa_maths
what is twenty percent of one hundred and fifty,qa_maths
what is the result of one hundred minus fifty,qa_maths
what is the answer to dollars minus dollars,qa_maths
what is the sum of fifteen ninety nine dollars and six sixty five dollars,qa_maths
could you calculate five plus five,qa_maths
how much is remaining after subtracting four from eight,qa_maths
what is nine time ten,qa_maths
what does two plus two equal,qa_maths
resolve this thirty twelve,qa_maths
what is the total of 500 and 23,qa_maths
how many three are available in twenty seven,qa_maths
what's thirteen plus fourteen,qa_maths
what is four plus five,qa_maths
what is two times two,qa_maths
what is two plus two,qa_maths
what is the factorial of x,qa_maths
what is the remainder when five hundred and twenty one is divided by three,qa_maths
multiply one thousand by twelve,qa_maths
what is six times sixty eight,qa_maths
how to calculate trigonametry,qa_maths
how many cm make one foot,qa_maths
what is fourteen divided by two,qa_maths
if a pencil cost four dollars and a book ten dollars cost how much i should pay if i buy two pencil and three book,qa_maths
what is the answer to two by two,qa_maths
what is three hundred and four plus one,qa_maths
one plus two equal,qa_maths
what's one plus one,qa_maths
what is twenty three times fifty two,qa_maths
what is two hundred divided by ten,qa_maths
what is one hundred and twenty three times one hundred and twenty three,qa_maths
i've got dollars for the month how much can i spend every day this month,qa_maths
what is three plus four,qa_maths
do you know math,qa_maths
please add one plus one,qa_maths
what is eighty seven minus fourteen,qa_maths
what is four plus four,qa_maths
how do i subtract four from two,qa_maths
tell me what one plus one is,qa_maths
what do you get when you multiply sixteen by nine,qa_maths
what is twenty four times six,qa_maths
what's one divided by plus two divided by cup,qa_maths
answer this mathematical question,qa_maths
what is the answer to one times two,qa_maths
please solve this math,qa_maths
what is the square root of one hundred and forty eight thousand five hundred and eighty seven,qa_maths
what is six divided by two,qa_maths
what is the root of six hundred and twenty five,qa_maths
do you know how to answer this math question,qa_maths
what's the answer to one plus one,qa_maths
let's do math,qa_maths
tell me the simple interest of seven with interest in two year,qa_maths
i want to know the result of twenty is to two,qa_maths
what is the result of two by two,qa_maths
what is two plus four,qa_maths
sum of five and two,qa_maths
calculate two plus 29,qa_maths
can you do nine plus two,qa_maths
twenty minus ten,qa_maths
tell me formula for area of circle,qa_maths
divide one thousand five hundred by one hundred and sixty,qa_maths
how many times does fifty go into one million,qa_maths
can you tell me what twenty five percent of two thousand one hundred is,qa_maths
figure out what percentage thirty is of one hundred and sixty three,qa_maths
convert one kilo to pound,qa_maths
is chase doing good,qa_stock
please tell me news related to the stock market,qa_stock
how are the top ten stocks at the moment,qa_stock
current price of google please,qa_stock
how expensive is google stock,qa_stock
give me the opening stock price of infosys technologies today,qa_stock
what is the sensex and nifty points for today,qa_stock
show me share price of facebook,qa_stock
what is the highest microsoft stock price today,qa_stock
what is a stock price of tata,qa_stock
have stocks gone up or down today for walmart,qa_stock
what is the google stock at,qa_stock
stock exchange rates,qa_stock
how many shares of apple can i get for,qa_stock
give me today's market trends for panasonic,qa_stock
what are the chances of the stock market closing below the two hundred moving average in the next fourteen days,qa_stock
give me the stock price of apple,qa_stock
when does iphone stock usually drop,qa_stock
give me the stock price for tommy hilfiger,qa_stock
give me the opening stock price of apple,qa_stock
how much is starbuck's stock these days,qa_stock
can you tell me the price of google stock,qa_stock
what's the latest on stock market,qa_stock
what happened to the dow jones today,qa_stock
give me the stock price of intel,qa_stock
notify me of the latest news on the stock market,qa_stock
tell me summary forecast microsoft stock forecast to thirty days ahead,qa_stock
what is the stock price of sensex right now,qa_stock
tell me the stock rate of hyundai,qa_stock
amazon stock price,qa_stock
is the stocks which i have invested are increasing,qa_stock
show stock value of goog,qa_stock
whats the dow jones at today,qa_stock
honda stock price,qa_stock
what is the difference between yesterday's and today's stock prices for walmart,qa_stock
how much was airtel sold for sometime back,qa_stock
look up stock prices for my mutual funds and account,qa_stock
whats the stock price of apple,qa_stock
fb stocks,qa_stock
what is the price of apple stock today,qa_stock
how high is the s n. p,qa_stock
what is the current stock price of rolls royce,qa_stock
what is apple's stock,qa_stock
what did the s n. p close out at,qa_stock
what is the netflix stock price,qa_stock
how much rate will be calculated,qa_stock
has my stock increased in value,qa_stock
how much has hp stock gone up,qa_stock
today's closing price for google,qa_stock
please check this companies stock,qa_stock
what is starbuck's stock worth,qa_stock
how much does the fb stock cost,qa_stock
stock prices of rolls royce,qa_stock
show me the stock prices of target today,qa_stock
facebook current stock rate,qa_stock
what is i. b. m.'s stock worth,qa_stock
how have megatel shares done last week,qa_stock
show stock of goog,qa_stock
what's the change in best buy stick,qa_stock
what did apple stock close at yesterday,qa_stock
how are my stocks doing today,qa_stock
what's the stock of apple,qa_stock
what is the stock value of google,qa_stock
have bing's stocks dropped,qa_stock
will it be good to buy nike stock today,qa_stock
stock up or down for walgreens,qa_stock
what is the price for marvel,qa_stock
how's the stock for exxon mobil doing today,qa_stock
what is the current stock rate of facebook,qa_stock
what is the stock price of nike today,qa_stock
did apple stocks go up or down,qa_stock
tell me the latest stock of pepsi,qa_stock
what are the stock prices,qa_stock
please find out the share price of i. b. m. in nasdaq,qa_stock
how much would it cost to buy a share of target,qa_stock
what's the closing price of apple,qa_stock
what are the current stock prices for google,qa_stock
please tell me when i can become rich if i invested in dow stocks today and what will be the return after five years,qa_stock
what is apple's current stock price,qa_stock
tell me lexmark's current stock price,qa_stock
show me share price of tata,qa_stock
where is dell standing in stock market right now,qa_stock
stock market,qa_stock
how much does stock cost in walmart,qa_stock
can you find and tell me the prices of facebook stock,qa_stock
is warren buffet is investing in my listed stocks,qa_stock
how much is amazon stock,qa_stock
what's my stock fluctuations,qa_stock
what is the daily price of johnson and johnson stock,qa_stock
display stock price for lexmark international,qa_stock
stock price for apple,qa_stock
what is the value of the yen right now,qa_stock
google stock symbol,qa_stock
tell me about the stock for shell,qa_stock
what is the stock price of amazon,qa_stock
google stock price,qa_stock
could you give me the exact rate for dow nifty futures,qa_stock
how effective will be to buy nike stock,qa_stock
tell me which mutual funds have maximum yearly returns,qa_stock
update me on stock price of this company stock,qa_stock
give me the opening stock price of sony,qa_stock
show me share price of amazon,qa_stock
detail for stock price,qa_stock
how much is apple stock worth,qa_stock
check stock prices on this,qa_stock
have i made loss in which stocks,qa_stock
find stock price for name,qa_stock
what is today's close of goog,qa_stock
what is the stock price for lexmark,qa_stock
can i have stock rate list of ola and uber,qa_stock
open stock price for name,qa_stock
how is the exchange rate for microsoft,qa_stock
what is the stock price of hdfc,qa_stock
tell me about price of stock for innova,qa_stock
tell me amd stock prices,qa_stock
refer the stock price of hdfc,qa_stock
what apple trading at,qa_stock
what is motorola going for today,qa_stock
give the stock price details of motorolla,qa_stock
list the latest apple stock prices,qa_stock
what is the price of starbuck's stock,qa_stock
current stock price intel,qa_stock
how's microsoft's stock,qa_stock
how are stocks for google,qa_stock
how much would it cost to buy stock in apple,qa_stock
stock price fb,qa_stock
stock details,qa_stock
is i. b. m. up today,qa_stock
turn on notification for all news on the stock market,qa_stock
what is apple's stock price,qa_stock
is now a good time to sell some euros,qa_stock
were the stocks rising or declining,qa_stock
show me the stock price for google,qa_stock
i would like to receive updates about the stock market every day,qa_stock
please indicate the opening price of fra stock,qa_stock
how strong is the dollar compared to the peso,qa_stock
did the price of walmart stock go up or down,qa_stock
what is amazon worth,qa_stock
stock google find out,qa_stock
how is the stock going in general,qa_stock
what's the closing price of abc,qa_stock
what is the lowest microsoft stock price today,qa_stock
tell me which stocks were the biggest gainers in stock market nasdaq today,qa_stock
let me know about the stock rate of a microsoft,qa_stock
what's new with the stock market,qa_stock
what's the stock price of this item,qa_stock
let me know up and down in stock price of this company stock,qa_stock
what is the price of amd on the stock market,qa_stock
stock,qa_stock
what was the stock price for google yesterday,qa_stock
open td ameritrade,qa_stock
what is terranova stock going for,qa_stock
tvs stock price,qa_stock
what's the price of ge right now,qa_stock
whats the current price of mcdonalds stock,qa_stock
send me the stock market updates for today,qa_stock
what are amd stock prices,qa_stock
show me all the events happening in milan,recommendation_events
what are some local events,recommendation_events
can you tell me some fun things to do in kentucky,recommendation_events
is there anything to do tonight,recommendation_events
what is happening in the area,recommendation_events
whats happening around my town,recommendation_events
inform about latest scheduled events near my location,recommendation_events
what are the events conducted in new york,recommendation_events
show todays events in new york,recommendation_events
what events are scheduled for this weekend in me area,recommendation_events
is there a sporting event tomorrow in chicago,recommendation_events
is there anything happening nearby,recommendation_events
what can i do in berlin,recommendation_events
what are all the event in area,recommendation_events
tell me about activities in my area this weekend,recommendation_events
what baseball games are scheduled for this week in tulsa,recommendation_events
events in city,recommendation_events
events in the local area,recommendation_events
is there any carnival taking place in our area,recommendation_events
will there be a farmers market in the area this weekend,recommendation_events
events today,recommendation_events
which event should i attend in my area,recommendation_events
what are the local events,recommendation_events
is there any events are in the local area,recommendation_events
show me nearby musical events,recommendation_events
what's some upcoming events i might want to go to,recommendation_events
are there any crafts fairs happening in this area,recommendation_events
what is happening in me area,recommendation_events
this weekend what events are going on in seattle,recommendation_events
tell me the local events,recommendation_events
searching for recent happenings on the particular dates,recommendation_events
what can i do for fun under dollars around me,recommendation_events
please search for events in my location,recommendation_events
please check on the rock concerts scheduled this weekend,recommendation_events
search for any upcoming book fairs during next week in washington dc,recommendation_events
are there any good social events happening in my area,recommendation_events
are there any special events in my town,recommendation_events
tell me about things to do in london,recommendation_events
info of the upcoming events,recommendation_events
local area events,recommendation_events
is there anything happening in town this weekend,recommendation_events
what is tomorrows events,recommendation_events
are there any interesting events around this area,recommendation_events
inform about best circus near me,recommendation_events
latest event in new york city,recommendation_events
are there dog shows going on near new york city,recommendation_events
is there a food festival in the area,recommendation_events
is there any event around,recommendation_events
what do they have going on at young circle this week,recommendation_events
what events are happening near me,recommendation_events
show local events,recommendation_events
what is there to do in new york city,recommendation_events
searching on holidays in my location,recommendation_events
what is happening in town tonight,recommendation_events
can you find me a street fair in the neighborhood,recommendation_events
any events this weekend in pondichery,recommendation_events
what's the next event at the library,recommendation_events
can you tell me what kind of show can i go tonight in miami,recommendation_events
what events are happening today,recommendation_events
get local events,recommendation_events
what's happening near me this week,recommendation_events
list saturday night events near current location,recommendation_events
show me upcoming events in chicago,recommendation_events
what exhibits or shows are scheduled at the metropolitan theater,recommendation_events
recommend a blue grass band event within twenty miles of manchester ma this week,recommendation_events
badminton,recommendation_events
what kind of musical events are happening around here this week,recommendation_events
events upcoming,recommendation_events
i would be happy if you update me the events going on our area,recommendation_events
what's happening here,recommendation_events
list local ongoing exhibitions,recommendation_events
local show,recommendation_events
what movie can i watch tonight on the theater here in boston,recommendation_events
list events nearby new york,recommendation_events
what is going on in me area today,recommendation_events
please show me a list of entertainment options in my area,recommendation_events
what happens on the fourth of july,recommendation_events
things to do in my area,recommendation_events
what bands are playing in town this weekend,recommendation_events
where is the event venue,recommendation_events
what events are going on around my place,recommendation_events
what kind of free activities can i do locally this week,recommendation_events
list events in ny,recommendation_events
what is going on around me,recommendation_events
what plays are showing at the theatre,recommendation_events
what should i do this weekend,recommendation_events
tell me all local events,recommendation_events
any activity in the area,recommendation_events
i want to know what are happening now in me area,recommendation_events
what's going on around the neighborhood,recommendation_events
what's happening in my town,recommendation_events
whats happening in ny,recommendation_events
what events are going in my town this week,recommendation_events
show local events near me,recommendation_events
any specific event in washington,recommendation_events
what events are going on in the area,recommendation_events
what is going on today in biloxi,recommendation_events
running competitions on the west side,recommendation_events
what events are in me area,recommendation_events
to which event can i go in milan now,recommendation_events
what gun shows are in tulsa,recommendation_events
Show current local events,recommendation_events
today's local events,recommendation_events
is there anything special going on nearby,recommendation_events
can you tell me about any local events coming up,recommendation_events
which book fair events are taking place next week in washington dc,recommendation_events
any festivals in town at this time or in the coming week,recommendation_events
what's around tonight,recommendation_events
any local activities you can recommend in my area,recommendation_events
please show me best run program in jodhpur,recommendation_events
show todays events in ny,recommendation_events
are there any events going on nearby,recommendation_events
what is happening now,recommendation_events
what is open late in la,recommendation_events
when does panama city mall open,recommendation_events
show me concerts in sacramento,recommendation_events
are there any events happening this weekend,recommendation_events
anything unique to do in the city today,recommendation_events
what can i do in charlotte,recommendation_events
what's going on around here this weekend,recommendation_events
please search for local events,recommendation_events
show me events in sacramento,recommendation_events
tell me all events for today in my city,recommendation_events
are there any events coming up,recommendation_events
what bands are playing close by,recommendation_events
what is happening near me,recommendation_events
show me where i can find a hamburger,recommendation_events
what are the events taking place in new york today,recommendation_events
which pubs participate in the jazz festival,recommendation_events
what activities are taking place in my area,recommendation_events
can you recommend some dog's how events going on in our city,recommendation_events
any free events in la today,recommendation_events
what's interesting around here,recommendation_events
where should i go this weekend,recommendation_events
what's going on tonight in sacramento,recommendation_events
are there any events going on in milan,recommendation_events
find the events,recommendation_events
could you suggest some fun in new york,recommendation_events
Show latest events around new york,recommendation_events
show me upcoming events in the quad cities,recommendation_events
are there any events happening in town,recommendation_events
do i need to undertake any particular activity during my stay at the yellowstone national park,recommendation_events
tell me all the current events in my hometown,recommendation_events
any cultural events in california,recommendation_events
are there any events going on close by,recommendation_events
what are the local concerts tonight,recommendation_events
where should i go for dinner in san francisco tonight,recommendation_events
what is happening tomorrow,recommendation_events
what type of event,recommendation_events
fun things to do today,recommendation_events
show me events nearby,recommendation_events
refer local current events,recommendation_events
show me upcoming events in this area,recommendation_events
what events are happening in los angeles,recommendation_events
what is planned for today in my local area,recommendation_events
what is going on around here,recommendation_events
what's happening around me,recommendation_events
whats the best place to eat near here,recommendation_locations
whats around,recommendation_locations
show shops around second street,recommendation_locations
what's the best chicken place near me,recommendation_locations
where is the best pizza on sixth street,recommendation_locations
find a shop that sells beer,recommendation_locations
what stores have clearance,recommendation_locations
please look up local restaurants that are open now,recommendation_locations
what pubs are close to me,recommendation_locations
what is a good lave to eat near me,recommendation_locations
i need to know where to get chicken wings in benton ar,recommendation_locations
can you find me a furniture store near me,recommendation_locations
whats a good place to eat around midtown new york,recommendation_locations
are there any shopping centers nearby,recommendation_locations
where is a good wine bar near me,recommendation_locations
i want to find some chinese food what is near me,recommendation_locations
where is a theatre in my area,recommendation_locations
near by grocery,recommendation_locations
what mexican food is around me,recommendation_locations
tell me where i can go shopping in this area,recommendation_locations
where is the closest sweet frog,recommendation_locations
near by super market,recommendation_locations
best bar in local area,recommendation_locations
locate local pizza shops,recommendation_locations
what restaurants around here have good reviews,recommendation_locations
show me thai food near me,recommendation_locations
where can i get something to eat by the art museum,recommendation_locations
list all the nearby shops,recommendation_locations
recommend a restaurant with medium expense,recommendation_locations
find me the oldest hotel in washington dc,recommendation_locations
how many grocery stores are located in my neighborhood,recommendation_locations
give me all ice cream shops within two miles,recommendation_locations
where is the nearest atm machine,recommendation_locations
nearest restaurants available at this time,recommendation_locations
where i can find a bakery,recommendation_locations
where is the nearest pub in the city,recommendation_locations
are there any veg restaurants in phoenix,recommendation_locations
tea shop,recommendation_locations
list the shops near me,recommendation_locations
recommend me some shops to shopping in angel,recommendation_locations
where's the best and most affordable place to stay in san diego,recommendation_locations
where is a walking trail near me,recommendation_locations
will the fast food shop at the corner open today,recommendation_locations
where is a good place to eat cheap pakistani food,recommendation_locations
where is the nearest olive garden,recommendation_locations
What's close by for dinner,recommendation_locations
which is the best place to visit in this month,recommendation_locations
have any suggestions for local italian food,recommendation_locations
search for nearby chinese restaurants,recommendation_locations
find shoe shopping near my home,recommendation_locations
find me a bar in cleveland open until two am,recommendation_locations
markets near by,recommendation_locations
what's around me,recommendation_locations
give me the name of all the shops in my area,recommendation_locations
can you find a nice restaurant downtown,recommendation_locations
i'm looking for some dress shows can you find clothing stores within one mile,recommendation_locations
can you tell me the cheapest place to get ground beef,recommendation_locations
where can i shop as a local tourist,recommendation_locations
what is the best italian restaurant around here,recommendation_locations
what are some good restaurants near by,recommendation_locations
find a grocery store in town that carries creamed pickled herring,recommendation_locations
get me a local restaurant,recommendation_locations
locate nearby dining places,recommendation_locations
what are the best italian restaurants in los angeles,recommendation_locations
please look up clothing stores near me,recommendation_locations
find tacos near my home,recommendation_locations
tell me my choices for a good steak restaurant near here,recommendation_locations
which store's got the cheapest three pound beef rump,recommendation_locations
what is the best shop restaurant around angel,recommendation_locations
which is the nearest restaurants available,recommendation_locations
mobile shop,recommendation_locations
what's the most popular curry place in town,recommendation_locations
tell me pizza restaurants close by,recommendation_locations
i would like to know the best rating pubs in the local area,recommendation_locations
can you tell me a good place to eat,recommendation_locations
where to buy cannon cameras,recommendation_locations
please list the best clothing shops near me,recommendation_locations
hey olly tell me what shops i am near,recommendation_locations
what shops are round here,recommendation_locations
list shops in douglasville ga,recommendation_locations
ask a restaurant in me area,recommendation_locations
find me the smallest coffee shop in new orleans,recommendation_locations
give the list of theaters in the vicinity,recommendation_locations
what are the vietnamese restaurants in the area,recommendation_locations
what's the best pizza shop nearby,recommendation_locations
when does olive garden close today,recommendation_locations
best restaurant in local area,recommendation_locations
where a good restaurant,recommendation_locations
where can i shop around here,recommendation_locations
any good bike shops in oxford,recommendation_locations
tell me what is the nicest place to go,recommendation_locations
is there any grocery nearby,recommendation_locations
show me all the shops that i can find in milan,recommendation_locations
find local shops,recommendation_locations
help me locate a shop that sells clothes for classy ladies,recommendation_locations
what train companies are near me,recommendation_locations
i need a good shop,recommendation_locations
which shops can i find in milan,recommendation_locations
please find the most popular store in the area,recommendation_locations
i need a place that will deliver pizza to me in benton ar,recommendation_locations
wine shop,recommendation_locations
can you tell me about expensive sushi restaurants in west philadelphia,recommendation_locations
where is the nearest smoke shop,recommendation_locations
i want to know the best super market in this local area,recommendation_locations
i need some sushi what's closest,recommendation_locations
what bars are around me,recommendation_locations
what's the best italian restaurant in atlanta,recommendation_locations
where is the closest bar,recommendation_locations
please list shops within one miles from me,recommendation_locations
where is a great pub,recommendation_locations
where should i go for mexican food in me area,recommendation_locations
recommend pub in eighth and monte diablo,recommendation_locations
what pubs are close,recommendation_locations
name stores within ten mile radius with music,recommendation_locations
what restaurants are open near me,recommendation_locations
where can i go shopping in this area,recommendation_locations
where can i find a good taco truck in los angles,recommendation_locations
what is a good place for cruise,recommendation_locations
where do people shop for clothes here,recommendation_locations
can you recommend a cheap restaurant in this area,recommendation_locations
make a reservation for two at olive garden,recommendation_locations
show me some vegan restaurants close by,recommendation_locations
show me reviews of my nearest location food court,recommendation_locations
are there any grocery stores nearby,recommendation_locations
show me some food court nearest to my location,recommendation_locations
can you recommend good stores in this area,recommendation_locations
are there any good pizza places around here,recommendation_locations
what is the best mexican restaurant in seattle,recommendation_locations
list all the shops that are located in milan,recommendation_locations
i'm looking for a bar do you know a good one,recommendation_locations
where is the closest kroger,recommendation_locations
i wish to go for cheap shopping is there any dollars shop nearby,recommendation_locations
display nearby places,recommendation_locations
recommend me a restaurant in west chester,recommendation_locations
any farm markets around with local products,recommendation_locations
where can i get organic wheat,recommendation_locations
local shops,recommendation_locations
where is the nearest italian restaurant,recommendation_locations
where can i get shawarma in this area,recommendation_locations
tell me a nice chinese restaurant,recommendation_locations
is there a well rated pizza place between fourteenth and eighteenth streets,recommendation_locations
i want to take karate classes where are local karate studios,recommendation_locations
is there any salon in babaji nagar,recommendation_locations
what restaurant is open after midnight,recommendation_locations
what clothes store would you recommend here,recommendation_locations
please recommend a restaurant in seattle,recommendation_locations
where is a good place to eat in seattle,recommendation_locations
what pubs are near the metro station,recommendation_locations
where is the pharmacy in leavenworth,recommendation_locations
locate me the amazon restaurants,recommendation_locations
find gluten free bakery near me,recommendation_locations
which restaurant is there in shivaji nagar,recommendation_locations
best reviews restaurant in south sacramento,recommendation_locations
search for local shops,recommendation_locations
where are italian restaurants in me area,recommendation_locations
what clothing shops are close to my current location,recommendation_locations
nearest walmart location,recommendation_locations
which rom com movie can i watch in theatres around new york,recommendation_movies
what movies are playing at theatres near me,recommendation_movies
show me theatre where pirates of caribbean is playing,recommendation_movies
what new movies are good,recommendation_movies
what is the biggest blockbuster this week,recommendation_movies
find an oscar nominee movie,recommendation_movies
recommend a movie which is released last Friday,recommendation_movies
training day,recommendation_movies
is swat a good movie,recommendation_movies
how is the new movie swat,recommendation_movies
what time does thor start,recommendation_movies
logan,recommendation_movies
what movies are playing at carmike cinemas,recommendation_movies
give me a movie for tonight,recommendation_movies
what movies are playing near me,recommendation_movies
recommend a movie playing in me area,recommendation_movies
recommend a movie with justin bieber,recommendation_movies
recommend a romantic comedy in me area,recommendation_movies
what are movies that are playing near me with high reviews,recommendation_movies
movie times tonight,recommendation_movies
can you tell me what movie has the best reviews,recommendation_movies
what are the show times for logan at the nearby theatre,recommendation_movies
what is a good iranian film from two thousand and sixteen,recommendation_movies
what movies are playing nearby,recommendation_movies
what new movies are played in cinemas this week,recommendation_movies
what movie theatres are in stephenville,recommendation_movies
what is the best movie to watch with a glass of wine,recommendation_movies
what do you suggest that i watch this weekend,recommendation_movies
what film should i watch,recommendation_movies
movies with good reviews,recommendation_movies
what's a good movie that's out right now,recommendation_movies
fast and the furious,recommendation_movies
what are good movies playing now,recommendation_movies
show me best in class theatre,recommendation_movies
what movies are being shown at the regal cinema,recommendation_movies
whats a new sci fi movie,recommendation_movies
suggest movies and songs that i would like but that aren't necessarily like ones i've already said i like,recommendation_movies
can you recommend some movies to watch in theater near me,recommendation_movies
what movies are playing this week,recommendation_movies
what is the latest action movie running in theaters,recommendation_movies
tell me the movie with best imdb ratings going on in theatres near me,recommendation_movies
movies with good rotten tomato ratings,recommendation_movies
what are the current movies playing in me area,recommendation_movies
should i watch this movie,recommendation_movies
what's playing at brea plaza five,recommendation_movies
kung fu panda three,recommendation_movies
when is trolls playing,recommendation_movies
what movies are playing tonight at nine pm at the amc nine,recommendation_movies
what movies are going around me,recommendation_movies
please check on the movies playing in theaters nearby,recommendation_movies
what movies are out this week,recommendation_movies
what are the show times of logan,recommendation_movies
what movie should i see,recommendation_movies
what are the new movies releasing,recommendation_movies
what's playing in the roosendaal cinema,recommendation_movies
confirm a movie ticket at glory theater,recommendation_movies
what movies are playing right now,recommendation_movies
what is playing at amc twenty,recommendation_movies
latest movie releases,recommendation_movies
what are new drama movies opening this weekend,recommendation_movies
what is the nearest theatre that plays the new vin diesel movie,recommendation_movies
what movie should i watch today,recommendation_movies
what's worth watching,recommendation_movies
what's a movie in theaters that doesn't suck,recommendation_movies
theaters near to me,recommendation_movies
look up movies near me,recommendation_movies
check for all the movie theater prices and availability for a newly released movie in my location,recommendation_movies
local theater screening which movie,recommendation_movies
what movies is out there in the local cinema,recommendation_movies
tell me movies playing in oceanside tonight,recommendation_movies
top ten movies,recommendation_movies
what should i watch today,recommendation_movies
ocean eleven,recommendation_movies
do you have any suggestion action movies,recommendation_movies
can you suggest a good drama for me to watch,recommendation_movies
are there any good movies running in nearby theaters,recommendation_movies
i need a good chick flick any thoughts,recommendation_movies
what movie are playing near me,recommendation_movies
what movie should i go see,recommendation_movies
what highly rated movies are playing this weekend,recommendation_movies
deadpool,recommendation_movies
can you tell me which movie is going on in the nearby multiplex,recommendation_movies
inform me about the most popular rom com movie playing now in theatres across new york,recommendation_movies
is logan a good movie to watch,recommendation_movies
show me movie times,recommendation_movies
Show times for nearest theater,recommendation_movies
name a rom com movie playing in and around new york theatres,recommendation_movies
two thousand and seventeen movies,recommendation_movies
what movie do you recommend tonight,recommendation_movies
what movies are showing in cinema today,recommendation_movies
announce a comment in facebook,social_post
write a tweet telling macy's that they should be shutting down instead of jcpenney,social_post
send a tweet to tmobile for rude employees,social_post
tweet my complaint and mention this costumer service,social_post
please tweet waited sixty five minutes for a table at tgi fridays never going back,social_post
two thumbs down @companyname,social_post
please tweet for me about the bad service rended by the taj restaurant,social_post
heading to gym please post to facebook,social_post
change my status to chillin,social_post
open twitter and add complaint on doctor patel's feed,social_post
tweet a complaint to local municipality,social_post
tweet to mcdonalds saying that i found a hair in their burger,social_post
have a moan at easyjet,social_post
go to social media and post the following status,social_post
tweet complaint to american eagle customer service,social_post
tweet this tweet coffee was too hot and at this company costa coffee,social_post
please post happy birthday usa on my newsfeed,social_post
bring up facebook and wish a happy birthday to the country usa,social_post
tweet british airways that my last flight from chicago to london was delayed,social_post
send report to consumer service,social_post
take me to the huffington post website,social_post
start complaint to walmart,social_post
let wendy's know i hate them,social_post
tweet my current location,social_post
customer service from microsoft never called me back,social_post
fraud in weighing products,social_post
post the following as a status on facebook,social_post
complain about walmart service,social_post
tweet bad day at starbucks,social_post
post this on my facebook,social_post
place family phone on instagram,social_post
post a facebook status engaged,social_post
i would like to make a post on times twitter,social_post
complaint on service provider on my twitter,social_post
tweet starbucks and say that the customer service is awful,social_post
tweet a complaint to comcast,social_post
tweet kohls about the cleanliness of their store,social_post
open hershey twitter,social_post
please tell kmart they sent the wrong item,social_post
please write up a compliant,social_post
hi olly post my last clicked photo on facebook with title marry christmas,social_post
tweet @wendys that i don't like their product,social_post
tell apple in a tweet that their batteries don't hold enough charge,social_post
send tweet to wallmart,social_post
tweet a complaint,social_post
tweet paula deen's restaurant that the line is always too long,social_post
tweet for me the complaint about drainage choke up,social_post
tweet error log to samsung,social_post
please submit status to facebook,social_post
tweet at united airlines i'm angry you lost my bags,social_post
use facebook to post,social_post
listening song of arijit singh post it on my facebook account,social_post
bring up a complaint form,social_post
write a tweet to burger king expressing my disapproval,social_post
this is a tweet for comcast if i have my internet and phone service from you and it goes out how can i contact you,social_post
tweet my complaint to @consumer service,social_post
post this to my facebook lol,social_post
tweet freedom pop customer service i am dissatisfied,social_post
i have a complaint,social_post
tweet I'm complaining about to consumer service,social_post
pull up the complaint website for starbucks,social_post
tweet complaint to consumer service,social_post
can you upload my latest selfie in my instagram,social_post
send tweet to united airlines i'm angry you lost my bags,social_post
please tweet the following complaint,social_post
i want to see the twitter handler of samsung,social_post
tweet a disgusted face about mcdonalds,social_post
tweet insight cable's customer service and tell them i have been waiting on hold for thirty minutes,social_post
post to facebook at the spa yay with a smiley face emoticon,social_post
tweet @bobburgers they screwed up my order and i had to wait an extra hour,social_post
post to facebook I'm home,social_post
send a complaint to my boss,social_post
tweet my complaint on targets customer service,social_post
tweet to consumer service that they should strive to be more accommodating,social_post
send this message to @microsoft on twitter,social_post
please tweet the following to radisson hotels customer service,social_post
tweet complaint to sony consumer service,social_post
tweet the president and tell him he's doing a horrible job,social_post
send a snotty tweet to bbc,social_post
please send a complaint about my horrible experience with a company,social_post
write this complaint to comcasts customer service twitter,social_post
tweet complaint to amazon products,social_post
tweet a complaint to apple about my iphone seven,social_post
tweet @phohouse your server was rude #badpho,social_post
i need to submit a complaint,social_post
open twitter type my complaint and post to @consumer service,social_post
send a tweet to kroger about being overcharged for groceries,social_post
send twitter to mattel that they need to stop making toys in china,social_post
post a tweet as follows very bad follow up by abc company not satisfied in my account,social_post
it would be nice if you post status for me,social_post
send a tweet to kroger about spoiled milk,social_post
bring up twitter to target customer service,social_post
tell company their service is bad,social_post
please send a complaint to someone,social_post
tell comcast their customer service is slow,social_post
tweet consumer service that i am very disappointed with my recent interaction,social_post
write a tweet to this company,social_post
post complaint about service a,social_post
let national grid know the power is out again,social_post
@nikesupport i need some assistance regarding some shoes i bought last week,social_post
hello my item which i bought from some one has gone out of order,social_post
please post so bored to facebook,social_post
send tweet via message to cardinal cafe and tell them their customer service is outstanding,social_post
send a tweet about my complaint on my truck to consumer digest,social_post
post that i am going to woodland shoe store,social_post
can you contact samsung and say my washer is on fire,social_post
post a facebook status update,social_post
send a tweet to amazon customer service that the package was delivered late,social_post
customer service complaint tweet the following,social_post
send a tweet to safeway about water in my gas,social_post
send a tweet,social_post
please negative response tweet on daikin service,social_post
tweet at koc your waiting time sucks,social_post
tweet real donald trump that angela merkel will not shake his hand anymore,social_post
tweet consumer service that the goods are of low quality,social_post
post to twitter got a hectic day ahead,social_post
tweet complaint,social_post
tweet the current temperature,social_post
post this pic to facebook,social_post
tweet my complaint about my truck to consumer digest,social_post
tweet to amazon about late delivery of my tv,social_post
please tweet a complaint about slow service at applebee's,social_post
please post this picture on facebook,social_post
complain for cheating,social_post
hello can you give the contact details for a particular service centre,social_post
post i am happy to facebook,social_post
put this on my facebook,social_post
what is the customer service feedback,social_post
can you tweet lif about their app crashing,social_post
tweet verizon customer service,social_post
post the following status to facebook,social_post
tweet a complaint to amazon about late shipment,social_post
tweet a complaint to kohl's customer service,social_post
siri open twitter tweet @potus sucks,social_post
tweet complaint to dominoes,social_post
send a tweet to national grid,social_post
send a tweet to company,social_post
i would like to place a call to amazon customer service,social_post
post a complaint via twitter to cvs pharmacy,social_post
i would want you to tweet for me at india consumer complaints forum regarding the late delivery of gas cylinder,social_post
customer service complaint,social_post
send a tweet to esurance to say i hate you,social_post
hello google post my current status on twitter mentioning a great trip to paris with friends and family,social_post
post a new status on facebook saying that i am enjoying the nice weather,social_post
please create a new tweet,social_post
send a tweet to meijer tell them that they have the worst customer service,social_post
can you put this on facebook,social_post
post to twitter trump is such an ass,social_post
tweet a complaint to old navy website,social_post
tweet on the bad service,social_post
please say the following on facebook,social_post
tweet consumer service,social_post
tweet to the customer service account of starbucks,social_post
write a tweet of complaint about my tv to samsung,social_post
can you send a tweet to lif saying that their app crashed,social_post
tweet consumer complaint,social_post
snapchat,social_post
please add complaint about the service in tweet to olive garden,social_post
complaint to dept for food quality,social_post
show me my husbands facebook posts today,social_query
please read my facebook feed,social_query
may i know what is trending in twitter,social_query
what new posts are on my page,social_query
is everyone on my facebook list watching the game,social_query
can you tell me what happened to my social media,social_query
i haven't checked my facebook yet are there any updates from my close friends,social_query
tell me what's new,social_query
do i have any private messages on any social media,social_query
facebook,social_query
any new facebook posts from amy,social_query
what are the big news stories on twitter,social_query
what posts have i missed from my friends,social_query
check my social networks,social_query
facebook info,social_query
what does my facebook feed look like,social_query
let me know if linda posts anything on my facebook today,social_query
who has written to me or mentioned me in social media,social_query
get me latest updates from facebook,social_query
what's new on facebook,social_query
who has responded to my business within the last twenty four hours,social_query
do i have any new tweets,social_query
is anyone likes my latest photo,social_query
tell me the exact count of followers on my twitter handle as of today,social_query
what time is bina going live with her sale on facebook,social_query
may i know what is trending in facebook,social_query
did my friend rohit posted something on facebook,social_query
what friends were in popular places the last day,social_query
is anything trending on social media today,social_query
let me know if i get a new personal message from martha on facebook today,social_query
hey olly inform me about latest picture updated by priya chopra on instagram,social_query
tell me my friends most recent update,social_query
please scan my social media and tell me what's happening,social_query
how many likes i have got on my eggless cake post on youtube,social_query
check my facebook notification,social_query
has anyone follow me today on twitter today,social_query
what is going on right now on twitter,social_query
give me details of my twitter handle profile including the total number of followers,social_query
brief me about my news feed stories,social_query
check my twitter notification,social_query
please tell me latest video going viral on twitter for topic narendra modi,social_query
tell me what's happening on social media,social_query
did renee just post to my facebook feed,social_query
show me my latest social media activity,social_query
Has @realdonaldtrump posted anything new on twitter,social_query
have i received any mentions on twitter,social_query
read me the last tweet from the washington post,social_query
are there any news regarding our president on facebook today,social_query
what is happening on facebook,social_query
who's birthdays are today on facebook,social_query
is there anything important happening on social media,social_query
instagram,social_query
read to me the last messages in my feed,social_query
has john replied to my facebook post,social_query
do i have new likes,social_query
what trending on twitter,social_query
what's hot social media topics,social_query
give me my facebook update every three hours,social_query
please check my facebook account,social_query
are there any new snapchats,social_query
did mark post anything new on facebook,social_query
please check the news on social media,social_query
show me latest notifications,social_query
how many people are following me on twitter now,social_query
latest instagram posts,social_query
what's going on facebook,social_query
give me my social media update,social_query
have i got new content in my twitter feed,social_query
can anyone tell me what's you guys discussing,social_query
trending social media,social_query
latest news feed from facebook,social_query
is there anything new on snapchat,social_query
what are the latest tweets from the new york times,social_query
is there anything exciting on twitter today,social_query
has mary posted anything to facebook today,social_query
in every three hours give me my facebook update,social_query
is my friend rohit online on facebook,social_query
how many likes did i get today,social_query
give me some funny facebook posts,social_query
is there any new vegan news on facebook,social_query
what was the latest post,social_query
what are today's highlights from facebook,social_query
has sarah posted anything today,social_query
what notifications do i have in social media,social_query
any new interests from linda,social_query
please update me on my social media accounts,social_query
is there any post from my friend mike in facebook,social_query
how many likes does my last instagram photo have,social_query
was there any articles on shark attacks on snapchat yesterday,social_query
open facebook messenger,social_query
social media updates,social_query
how many likes does my status from yesterday have,social_query
please inform me of any new status updates,social_query
do i have any new messages in twitter instagram or facebook,social_query
can you please update me on the latest tweets from my feed,social_query
has anyone commented on my status,social_query
anything new on insta,social_query
has anyone tagged me in a photo on facebook,social_query
please give me the latest feed updates,social_query
who recently posted on social media,social_query
hows twitter,social_query
do i have any new friend requests,social_query
social media,social_query
has wendy posted on facebook,social_query
what did happen today,social_query
can i see my facebook feed,social_query
check my last post on instagram,social_query
find me new comments from my facebook,social_query
tell me whats on the web,social_query
are there any updates on facebook,social_query
new updates,social_query
what are the latest photos on my instagram account,social_query
can you show me the popular posts from facebook today,social_query
what's trending on social media,social_query
tell me what's trending on twitter,social_query
are there any new snaps on snapchat,social_query
what is the latest from my feed,social_query
do i have any new facebook notifications,social_query
what is trending on twitter,social_query
show me my social media notifications,social_query
check how many likes did i got on my most recent post,social_query
check facebook and twitter and tell me if anything interesting is happening,social_query
what are trending topics on twitter right now,social_query
check my facebook for notifications,social_query
social info,social_query
what's new on my facebook account,social_query
what was the last thing my mom said,social_query
what's happening on social media right now,social_query
whats online,social_query
let me know what maria has put on her facebook over the weekend,social_query
what's the latest in my social media,social_query
myspace,social_query
did anybody post on facebook today,social_query
hi what is the hot topic in facebook,social_query
please let me know what's happening to my social media,social_query
my facebook update in every three hour should be available,social_query
what's new on social media,social_query
new friends request details,social_query
is trump tweeting today,social_query
what's going on on fb,social_query
i heard ale just got married can you please show me the wedding pictures on their instagram,social_query
what's new in facebook,social_query
live show reminders,social_query
what did jeff post on the yard sale page,social_query
what's happening in my social media,social_query
did tracy update her facebook status today,social_query
has derek logged into facebook today,social_query
show me a list of places where my relatives have been based on their photos,social_query
check instagram,social_query
hi what kind of pictures you uploaded in pinterest,social_query
order me some chipotle,takeaway_order
could you please help me to order some sushi from deliveroo,takeaway_order
order chinese food,takeaway_order
show me chinese food near me,takeaway_order
ordering food,takeaway_order
checkout top restaurant near me and order shahi panner,takeaway_order
find and order handi paneer in pavitra,takeaway_order
order food,takeaway_order
order a ham and cheese sandwich from subway,takeaway_order
can you look up chinese takeout near here,takeaway_order
any low priced delicacies,takeaway_order
how much does general tsos chicken cost at peking garden,takeaway_order
order one pizza from pizza hut,takeaway_order
how about some pizza tonight can you please order a pepperoni large,takeaway_order
order six chicken tacos from chipotle,takeaway_order
i want to eat some spicy thing,takeaway_order
places with pizza delivery near me,takeaway_order
make an order for noodles one pack make it as takeaway order,takeaway_order
order general t'so eggroll to go,takeaway_order
order pizza for delivery,takeaway_order
call pizza hut and order a large pan pizza with ham and mushrooms,takeaway_order
open takeout menus,takeaway_order
please call the golden fork and tell them to deliver one portion of the fish risotto,takeaway_order
order me a cheese burger from tommy's burgers,takeaway_order
call eastwind and order lomaine to go,takeaway_order
i am in need of some pizza what's the closest place that delivers,takeaway_order
order two hamburgers for me,takeaway_order
please put in an order from red thai fpr this evening,takeaway_order
order pizza,takeaway_order
place a takeaway order for a cheeseburger and fries from burger king,takeaway_order
closest chipotle,takeaway_order
call peking garden,takeaway_order
order chinese for delivery,takeaway_order
order from dominos,takeaway_order
place order for usual burritto at chipolte,takeaway_order
i want to order some takeout food,takeaway_order
get us spaghetti from pizza hut,takeaway_order
what mexican restaurants are there nearby for takeout,takeaway_order
can you order me a pizza today from dominos,takeaway_order
i want to eat something will you order food for me,takeaway_order
place an order for two pizzas from dominoes,takeaway_order
i want to order some food,takeaway_order
from wangs kitchen restaurant home delivery for a chicken manchow soup,takeaway_order
i want to order a takeaway from papa john's,takeaway_order
call domino's pizza,takeaway_order
id like to put in an order for some chinese food with hunan wok,takeaway_order
start a takeaway order for me,takeaway_order
find and order domino pizza at nearest store of domino,takeaway_order
order ribs for dinner,takeaway_order
order a large pan pizza with ham and mushrooms from pizza hut,takeaway_order
find the nearest olive garden that has take out service,takeaway_order
any good fast food items,takeaway_order
can you order me some buffalo chicken pizza,takeaway_order
order a pizza,takeaway_order
what places can i order takeout from near by,takeaway_order
give me options for indian carryout under dollars,takeaway_order
i want to order some takeaway food,takeaway_order
i want to order some chinese food tonight what's delivering to me,takeaway_order
call china wok,takeaway_order
hey order two wings with french fries from the chinese food store,takeaway_order
i am so hungry and tired and i think i might order some food now,takeaway_order
order a large plain pizza from mimo's for me,takeaway_order
order a pizza with sausage from domino's,takeaway_order
call and order pizza for delivery,takeaway_order
checkout subway food centre near me and order tandoori roti,takeaway_order
please order take from jason's deli,takeaway_order
can you direct me to the menu for the highest rated chinese carryout near me,takeaway_order
place an order for a pepperoni pizza at papa johns,takeaway_order
when i get home can you please order a pizza,takeaway_order
i want to order chinese takeout,takeaway_order
get me takeaway food,takeaway_order
order spaghetti from spaghetti warehouse to bring home,takeaway_order
place an order for a combo platter from china buffet,takeaway_order
can i order takeaway from spanish place,takeaway_order
confirm the order and send me the confirmation,takeaway_order
order me a large ham and olive pizza from dominos,takeaway_order
please order my favorite dish from my favorite restaurant,takeaway_order
i want to order a pizza from michael's pizza,takeaway_order
i want to eat two pita gyros please and some diet coke,takeaway_order
what are the offers in uber eats,takeaway_order
hi i want to order fried chick with white sauce,takeaway_order
hey order a side of hot wings with my previous order,takeaway_order
put an order in for two pizzas from dominoes,takeaway_order
order chinese from china spring wonton soup and a small beef and broccoli,takeaway_order
i am really craving for chinese food right now please let me order take out,takeaway_order
places to order takeaway food,takeaway_order
order me postmates of mcdonald,takeaway_order
can you order me takeout,takeaway_order
call the nearest thai restaurant with delivery,takeaway_order
pull up peking garden online,takeaway_order
order two pizzas from dominoes,takeaway_order
order takeout pizza from domino's for seven pm,takeaway_order
grubhub order,takeaway_order
can i order takeaway dinner from byron's,takeaway_order
order takeout,takeaway_order
get me some food,takeaway_order
order a twelve piece honey mustard wing combo with seasonimg altnon the fries and a sprite as the drink,takeaway_order
is is taco o'clock yet,takeaway_order
i would like to order some takeout,takeaway_order
schedule pizza takeout for seven pm,takeaway_order
i would like to have a sushi can you order me a lunch,takeaway_order
find hotel order food name,takeaway_order
what is the best pizza near me that delivers,takeaway_order
please order me pizza and wings from papa johns now,takeaway_order
i need two pizzas stat,takeaway_order
find and order rasgulla of janta sweet home pvt ltd,takeaway_order
call the closest mexican restaurant,takeaway_order
it's time for junk food,takeaway_order
checkout domino centre near me and order cheese pizza,takeaway_order
get large pizza with pepperoni,takeaway_order
order the best priced general tofu in nyack,takeaway_order
order me chinese food,takeaway_order
order a meal from a nice restaurant,takeaway_order
open grubhub,takeaway_order
order a medium pizza with pepperoni and bacon on its,takeaway_order
order two medium cheese and one medium pepperoni pizza from dominoes,takeaway_order
show me nearby takeout restaurants,takeaway_order
please order me some takeout,takeaway_order
can you please order me some mcdonalds,takeaway_order
tell the golden fork that i want their fish risotto delivered,takeaway_order
could you order sushi for tonight dinner,takeaway_order
i'm hungry show me some takeaway food,takeaway_order
i feel like having soup for lunch order from wangs kitchen restaurant a chicken manchow soup,takeaway_order
yo order take out from jason's deli on sixth ave,takeaway_order
order a takeaway,takeaway_order
call pf chang's to order me egg foo young,takeaway_order
any fast food meal offers,takeaway_order
order mcdonalds,takeaway_order
have pho send three egg rolls,takeaway_order
contact pizza hut and order a large pizza with ham and mushrooms,takeaway_order
i want two burgers and one coke order it fast,takeaway_order
order the usual from turiellos pizza,takeaway_order
hey i'd like you to order burger,takeaway_order
order some takeaway food,takeaway_order
find food and order,takeaway_order
noodles one pack make it as takeaway,takeaway_order
order me a byron from deliveroo,takeaway_order
order two cheeseburgers from wings n. ale on university drive,takeaway_order
show me delivery near me,takeaway_order
order me the fish risotto from the golden fork,takeaway_order
can i order take out food at this time,takeaway_order
place a take out order at olive garden,takeaway_order
i'm in the mood to order takeaway,takeaway_order
search for pizza nearby,takeaway_order
call the nearest pizza place that offers buffalo pizza,takeaway_order
find restaurant order food name,takeaway_order
schedule a delivery from food at the nearby takeaway diner,takeaway_order
order a takeaway sandwich and soup from the italian's,takeaway_order
can you please order some food for me,takeaway_order
order a large pepperoni pizza from dominos to go,takeaway_order
give me the best pizza deals offered today,takeaway_order
hey order me some take out from jason's deli,takeaway_order
hey call the nearest chinese restaurant for a takeaway,takeaway_order
open the grubhub app so i can order take out,takeaway_order
can you order me some pizza,takeaway_order
order some fried chicken from church's chicken via grubhub,takeaway_order
free home delivery,takeaway_order
call pizza hut and find out if my order is ready,takeaway_query
find a pizza restaurant open until noon,takeaway_query
does my favourite pizza place available for takeaway,takeaway_query
does pf changs do takeout,takeaway_query
find my thai takeaways around grassmarket,takeaway_query
look to see if luigi's has takeaway,takeaway_query
does john's pizza have takeaway,takeaway_query
can i get takeout from pf changs,takeaway_query
where is an olive garden that does takeaway,takeaway_query
how much time it will take to prepare the order,takeaway_query
when i will get the delivery,takeaway_query
when is my takeaway going to get here,takeaway_query
when will my food be ready,takeaway_query
does restaurant have takeaway,takeaway_query
can i get delivery from this restaurant,takeaway_query
what is the status of my order,takeaway_query
when do i need to leave to pick up my order,takeaway_query
prepare the order as soon as possible,takeaway_query
is my order ready for pick up now,takeaway_query
restaurant delivery update,takeaway_query
does paradise has takeaway,takeaway_query
when my takeaway order will arrive,takeaway_query
when can i pick up my order,takeaway_query
how long until my takeaway,takeaway_query
what time is my domino's order expected to arrive,takeaway_query
can i get an order delivered from romero's,takeaway_query
please check if paradise does takeaway,takeaway_query
check to see if pizza hut has my order on the way,takeaway_query
does dominos deliver,takeaway_query
when did i place my order and what was the projected time it would take,takeaway_query
ask if deliver,takeaway_query
is my order ready,takeaway_query
whats up with my takeaway,takeaway_query
does fongs have delivery,takeaway_query
how many minutes do i need to wait to pick up my food from china on the go,takeaway_query
check the status of my order,takeaway_query
does the nearby chinese restaurant do delivery,takeaway_query
find my food,takeaway_query
does the nearby pizza hut deliver in my area,takeaway_query
can i get the food to go,takeaway_query
what is the phone number for the nearest location of church's chicken,takeaway_query
will arby's offer takeaway,takeaway_query
does this restaurant only do carryout,takeaway_query
call the restaurant to see if the delivery is on the way,takeaway_query
look up whether or not charley's steakhouse delivers,takeaway_query
when will by order from taco bell be delivered,takeaway_query
what is happening to my order,takeaway_query
can i get takeaway from arby's,takeaway_query
domino's delivery status,takeaway_query
please find out of charley's steakhouse delivers,takeaway_query
tell me which catering packages are available,takeaway_query
hey does that restaurant have takeout,takeaway_query
is the restaurant having delivery facility,takeaway_query
tell me when taco bell can deliver my dinner,takeaway_query
most rated delivery options for chinese food,takeaway_query
is gus's a take out place,takeaway_query
does lechateau have delivery service or only takeaway,takeaway_query
can i take food home here,takeaway_query
can i get takeaway from pings,takeaway_query
does charley's steakhouse deliver,takeaway_query
does the nearby dominos have delivery,takeaway_query
does that restaurant allow take out orders,takeaway_query
tell me if taco bell delivers,takeaway_query
find if takeaway possible in restaurant pizzahouse,takeaway_query
what happened to my pizza order it has been an hour since i ordered,takeaway_query
maximum kilometer to delivery,takeaway_query
what time can i pick up my food,takeaway_query
where is the closest spot to order food for pickup,takeaway_query
does it offer pick up,takeaway_query
does peking garden deliver,takeaway_query
what is the status of last take away order,takeaway_query
when is my food going to be here,takeaway_query
i want some curry to go any recommendations,takeaway_query
does the restaurant have delivery,takeaway_query
will the pizza be here soon,takeaway_query
is fongs dine in only,takeaway_query
does the restaurant have carryout,takeaway_query
whats with my dinner order,takeaway_query
status for the pizza delivery from pizza hut,takeaway_query
do they have takeout,takeaway_query
please could you tell me if george's geek restaurant can i order takeaway from there,takeaway_query
where can i order takeout,takeaway_query
does shibaru sushi deliver,takeaway_query
does pizza hut have delivery,takeaway_query
does chinese deliver,takeaway_query
does fridays do takeaway,takeaway_query
does arby's do takeaway,takeaway_query
does pf changs accept takeout orders,takeaway_query
is there takeaway at donut junction,takeaway_query
any restaurant in the beautiful,takeaway_query
will the restaurant deliver the order,takeaway_query
find out if the restaurant does takeaway orders,takeaway_query
when is taco bell going to arrive,takeaway_query
do you serve for home delivery,takeaway_query
can it takeaway from ammi biryani,takeaway_query
which restaurants offer take out food,takeaway_query
what is the status on my latest order,takeaway_query
tell me the soup of the day at panera bread restaurant,takeaway_query
does that restaurant deliver,takeaway_query
current status of take out order,takeaway_query
take out available louies,takeaway_query
where is my food,takeaway_query
is dinner ready yet,takeaway_query
how is my order,takeaway_query
does ming ten do take out,takeaway_query
tell me if the olive garden allows takeaway,takeaway_query
how long until my order is ready,takeaway_query
is there takeaway at papa john's,takeaway_query
does brick grill deliver,takeaway_query
will they deliver to me,takeaway_query
can i get delivery from here,takeaway_query
hey does open sesame do take out,takeaway_query
does pizza hut have my order ready,takeaway_query
find out if the olive garden will let me do takeaway,takeaway_query
how long until my order arrives,takeaway_query
remember i've ordered a cake for tonight's birthday party let me know the status please,takeaway_query
is the last order is ready,takeaway_query
does mr pizza deliver,takeaway_query
does this restaurant deliver,takeaway_query
i've cancelled the order placed at mcd did it go through,takeaway_query
is michael's a takeaway or delivery restaurant,takeaway_query
last take away order,takeaway_query
can i carry out with this restaurant,takeaway_query
are there any takeaways around here,takeaway_query
is there a takeout menu at the restaurant,takeaway_query
how much longer until my pizza will be here,takeaway_query
hello i would like to know whether you provide home delivery services,takeaway_query
tell me all the takeaways nearby and i want to order food,takeaway_query
takeaway status,takeaway_query
does vocelli's do takeaway,takeaway_query
could you please recommend a mexican restaurant for take out,takeaway_query
does olive garden have take out,takeaway_query
what is the status on my takeout,takeaway_query
when is my order ready,takeaway_query
does restaurant royale deliver takeaway,takeaway_query
where is my pizza from domino's at,takeaway_query
can i pick up my large order at pizza hut,takeaway_query
does restaurant has home delivery,takeaway_query
do they deliver,takeaway_query
hows the food order going,takeaway_query
does dominos has a delivery option,takeaway_query
what asian restaurants nearby offer to go food,takeaway_query
check the status of my pizza hut order please,takeaway_query
when will my chinese food be delivered,takeaway_query
does fongs do carry out,takeaway_query
status of take away,takeaway_query
is mr pizza on skip the dishes,takeaway_query
does peking garden take orders over the phone,takeaway_query
does this place do takeaway,takeaway_query
can i order olive garden to go,takeaway_query
check on the delivery of my current order,takeaway_query
check the dish price and all,takeaway_query
reviews of the restaurants,takeaway_query
domino's has takeaway right,takeaway_query
where can i get a shot of tequila and some to go mexican food,takeaway_query
does that restaurant allow call in orders,takeaway_query
what time will i arrive in austin tx,transport_query
what time is the train passing by,transport_query
what time does the train to iowa leave,transport_query
when is my train coming,transport_query
directions to sainsburys,transport_query
when does the train from kansas city to iowa leave,transport_query
what time does the train leave for chicago,transport_query
what times may i travel to location a,transport_query
route to melbourne,transport_query
how long to get downtown,transport_query
direct me towards nearest railway station,transport_query
how long does it take to get the train from rome to paris,transport_query
whats the best way to france,transport_query
i want to go to bank of america give me directions,transport_query
how do i get from my house to the target along I forty,transport_query
what is the amount for train ticket booking,transport_query
when is the next train to london,transport_query
what time does the first train depart from chicago,transport_query
what are the train times today,transport_query
how far is walmart from here,transport_query
is the four hundred and thirty pm train running late,transport_query
i would like to know the train timings to bournemouth tomorrow,transport_query
show me the shortest route towards nearest train station,transport_query
next train to dc,transport_query
running train status to vienna,transport_query
could you list out the list of trains heading to chester the day after,transport_query
how long does it take to get there,transport_query
how do i get to brighton,transport_query
can you reserve a ticket to grand rapids by train,transport_query
can you get me train ticket prices please,transport_query
where is the closest train depot,transport_query
what time does the train arrive in sacremento,transport_query
please send me info on how to go about purchasing a train ticket to new york,transport_query
i want to go to mcdo,transport_query
show trains and time to ny,transport_query
how much for a train ticket,transport_query
give me directions for the place,transport_query
train departure,transport_query
is there a connecting train from london to paris and what time,transport_query
search cost for amtrak luxury to los angeles,transport_query
when is the next train to glasgow from aberdeen,transport_query
can you please let me know the next four scheduled trains to chicago,transport_query
what is the time train coming from sacramento,transport_query
visit metronorth dot com to help me purchase train tickets,transport_query
tell me today's direction,transport_query
can you get me a train ticket to nyc,transport_query
show directions to pondy,transport_query
search earliest trains to brooklyn ny weekends and holidays,transport_query
are there any available train tickets to reserve,transport_query
what is the cheapest ticket available next week for a round trip three day trip to iceland,transport_query
i need the arrival time for new york train,transport_query
train to athens how to,transport_query
what time is the train to san francisco due,transport_query
go to agha station,transport_query
how do i get to the mall,transport_query
what time does the train arrive at edinburgh,transport_query
how do i get from where i'm at to universal in orlando florida,transport_query
train times location,transport_query
tell me how to get from here to the chimes in covington,transport_query
please tell em the list of trains to chicago via california,transport_query
search for trains leaving tonight for london,transport_query
what is time of indianapolis express,transport_query
how long is it from dalls to san antonio by train,transport_query
tell me the trains from california to new jersey after eleven pm,transport_query
what are the train times between eight am and ten am at east chicago station going west on sunday,transport_query
what is the departure time for the next train leaving new york city,transport_query
give me train times from station to location,transport_query
what times do the trains run between here and the met,transport_query
how can i go from boston to new york by train,transport_query
is the train time to a location long,transport_query
what is the fastest way to get to starbucks,transport_query
can you see if there any trains going to,transport_query
what time does the train departs lagos,transport_query
how long is the walk from nyack to valley cottage,transport_query
calculate the travel time if i go to orlando by train,transport_query
find a train going from prague to brno,transport_query
price of train ticket from delhi to mumbai,transport_query
please give me directions to a park near me,transport_query
what are the prices to get to chicago on a train book the cheapest one,transport_query
what time does the train to place leave,transport_query
can i get the directions to the nearest bar,transport_query
when is the next train to b street,transport_query
when is the next train leaving for austin,transport_query
show me today train time of kalka at jodhpur,transport_query
is there a train from philadelphia to new york city at noon,transport_query
what is the time of the morning train headed to chicago,transport_query
where is the closest mexican restaurant,transport_query
what trips are available from new york city to poughkeepsie,transport_query
how long i can go to dundee,transport_query
how do i get to poughkeepsie from new york city,transport_query
fix the driving route from here to grant market,transport_query
directions to nearest apple store,transport_query
how do i get to the grocery store,transport_query
check time of kalka train from jodhpur station on monday,transport_query
how often does the train arrive and depart from penn station,transport_query
take me to tnagar,transport_query
how much is a train ticket to san fransisco,transport_query
when indianapolis express will reach indiana,transport_query
can you give me train times for ann arbor,transport_query
how much is a round trip train ticket to go to new york,transport_query
directions to virginia beach va,transport_query
give me the driving directions from faripir to gurpur,transport_query
when is the next train to philadelphia,transport_query
i need directions to lowes in mount h nj,transport_query
when does the next train to work leave,transport_query
what time does the train depart from downtown los angeles to santa barbara,transport_query
you need to find an alternate route to my destination,transport_query
what time is the last train headed to chicago,transport_query
what is the route to the closest mcdonalds,transport_query
what is the most convenient hour to catch a train to york on Saturday,transport_query
map out a route from here to abita brew pub,transport_query
directions to mcdo,transport_query
can you find me a train ticket to montauk,transport_query
can i have timing of keral express,transport_query
please list the available rain trips to location a,transport_query
what street do i take to get to downtown,transport_query
how do i get to starbucks,transport_query
when is the next train to new york,transport_query
what time does the train from new york come in,transport_query
find me a train ticket for the next trip to washington dc,transport_query
how to get somewhere,transport_query
how long does it take for the train to get to orlando,transport_query
where is the nearest train to me,transport_query
what is the estimated travel time for the train ride to orlando,transport_query
tell me the time when punjab mail will reach gwalior,transport_query
tell me the direction to miami from chicago,transport_query
tell me the exact arrival time of train from newcastle to edinburgh,transport_query
whats the travel time from here to dallas by train,transport_query
give me directions to get from here to crescent city brewhouse in new orleans,transport_query
what are the train times from san francisco to new york,transport_query
siri find train tickets to nc,transport_query
show me today all train times of next two hours at jodhpur to pali,transport_query
find me the distance and direction by train to rccg in ikoyi lagos,transport_query
give the shortest route to the airport,transport_query
train times to new york,transport_query
can i get a train ticket to chicago for next saturday around noon,transport_query
show me today all train times of next two hours at jodhpur to jaisalmer,transport_query
what is the timing of bagmati express,transport_query
i'd like a train ticket to this location,transport_query
train schedule,transport_query
i would like to know the route the train will go to get to miami,transport_query
what are departure arrival times for this train,transport_query
get me the local train timing to destination cstm,transport_query
how far is orlando from my house,transport_query
give me the train time,transport_query
directions to the target on I forty,transport_query
train times to glasgow,transport_query
when does the last train from work leave,transport_query
how long until we get to chicago,transport_query
get me train times to location from station,transport_query
how far is it from tokyo to dallas,transport_query
how do i book a train ticket online,transport_query
is there any train plying from pune to mumbai tonight,transport_query
give me the list of available train tickets from edinburgh to leeds,transport_query
when is the next septa train to philadelphia,transport_query
get me directions to meijer,transport_query
can you look up train ticket prices for me,transport_query
call a taxi for me,transport_taxi
find the nearest taxi,transport_taxi
please book a taxi for me,transport_taxi
book a taxi uber,transport_taxi
book ola cab for now,transport_taxi
open uber app and book me a car for pick up at the airport,transport_taxi
book taxi to new york city,transport_taxi
find transportation to rome,transport_taxi
call a taxi company,transport_taxi
find a taxi to book,transport_taxi
get me the number for local taxi service,transport_taxi
find a taxi service close to me,transport_taxi
i need a ride home,transport_taxi
call city cab to airport,transport_taxi
call a taxi for me to where i am currently located,transport_taxi
i am going to chinatown in half an hour book an uber for me,transport_taxi
hail taxi,transport_taxi
book a taxi to the airport,transport_taxi
open the uber app and get me a car please,transport_taxi
catcha a ride,transport_taxi
could you please have uber be at my house in fifteen minutes,transport_taxi
send golden taxi to pick me up as soon as possible,transport_taxi
please reserve the next taxi a nine am,transport_taxi
book an uber to the nearest mall in the next half hour,transport_taxi
call me a taxi,transport_taxi
find a taxi to go home,transport_taxi
i need a taxi to take me to the airport please,transport_taxi
call an uberpool to get me at long island bar,transport_taxi
i need a taxi uber,transport_taxi
call me an uber to the movie theater,transport_taxi
call a car for me,transport_taxi
open uber and book a car for twelve o'clock,transport_taxi
i need a taxi at eight tomorrow morning to take me to work,transport_taxi
i need to book a taxi,transport_taxi
set up uber,transport_taxi
need a taxi for my travel,transport_taxi
book my nearest available taxi,transport_taxi
where is the closest uber,transport_taxi
call a uber in thirty minutes,transport_taxi
get city cab here to airport,transport_taxi
book a rental cab of uber,transport_taxi
uber please,transport_taxi
can you call an uber for me,transport_taxi
find a taxi for me,transport_taxi
book a taxi at my home address for right now,transport_taxi
book a taxi for me,transport_taxi
book uber taxi for my travel,transport_taxi
book ola for airport today evening,transport_taxi
taxi uber,transport_taxi
book a local cab,transport_taxi
can you book an uber for me,transport_taxi
send a taxi to come pick me up from my location,transport_taxi
call me a cab,transport_taxi
check in a taxi for booking,transport_taxi
book me a taxi for one pm,transport_taxi
make a taxi booking in uber,transport_taxi
help me find transportation to the mall of america,transport_taxi
get me a uber,transport_taxi
could you please book a cab for me in uber from la to ny today,transport_taxi
please call a taxi to arrive at four hundred and take me to the manor theater,transport_taxi
uber me to the airport,transport_taxi
get me a car,transport_taxi
i need a taxi to go home,transport_taxi
call golden taxi to pick me up at seven pm today,transport_taxi
find me a ride to the mall of america please,transport_taxi
i need a cab in thirty minutes,transport_taxi
i need a taxi in thirty minutes,transport_taxi
could you please book me a taxi going to location,transport_taxi
book an uber to pick me up now,transport_taxi
please book me a taxi uber,transport_taxi
book me a ride,transport_taxi
what is the number of the closest taxi company,transport_taxi
call rta and book a taxi for three o'clock in the morning,transport_taxi
book a taxi to go to the movies at one,transport_taxi
need a taxi tomorrow at eight in the morning,transport_taxi
book a cab to office for me,transport_taxi
could you please hire me a taxi to go to the opera tonight,transport_taxi
open uber,transport_taxi
book an outstation cab of ola,transport_taxi
call me a cab to the train station,transport_taxi
find me a taxi,transport_taxi
book an uber from my location to the theatre,transport_taxi
book me a taxi to leith in half an hour,transport_taxi
find an uber on twenty ninth,transport_taxi
schedule city cab from home to airport at eight am,transport_taxi
can i get a taxi to come to my house in an hour,transport_taxi
book a taxi to the airport for tomorrow morning,transport_taxi
book uber for tonight at seven pm,transport_taxi
get me a taxi,transport_taxi
get me an uber,transport_taxi
find the nearest uber,transport_taxi
i need a uber to my current location,transport_taxi
please book a taxi in uber for me to go to the airport today,transport_taxi
find me an uber,transport_taxi
reserve the closest uber,transport_taxi
can you get me a taxi home,transport_taxi
call me a taxi to the airport at five am,transport_taxi
i need a ride in an hour,transport_taxi
look for a taxi to go home,transport_taxi
can you book me a taxi,transport_taxi
please book a taxi for me to go to the railway station,transport_taxi
schedule taxi pickup for monday at noon,transport_taxi
please send a taxi to my house,transport_taxi
call an uber now,transport_taxi
request a taxi from udrive service,transport_taxi
find a ride to the bar,transport_taxi
i need a taxi for tomorrow at seven pm to the arena,transport_taxi
call me an uber for right now,transport_taxi
book a cab which have cheapest price,transport_taxi
please book the next taxi,transport_taxi
schedule me a taxi for after my thursday meeting,transport_taxi
can i get an uber home from the fox downtown as soon as possible,transport_taxi
send an uber to me right now,transport_taxi
book taxi for now,transport_taxi
reserve a taxi,transport_taxi
book me a cab,transport_taxi
book an uber for one hour from now,transport_taxi
taxi now,transport_taxi
set up a taxi for eleven am tomorrow,transport_taxi
i need a taxi to pick me up at the house and take me downtown,transport_taxi
google uber,transport_taxi
book an uber to los angeles cinemas in one hour,transport_taxi
call a taxi to pick me up right now,transport_taxi
book me an uber ride to go home,transport_taxi
book a taxi for pickup at my current location in one hour's time,transport_taxi
can you call a taxi,transport_taxi
book an outstation cab for tomorrow,transport_taxi
book me golden taxi for today at five pm,transport_taxi
can you book an uber tomorrow,transport_taxi
flag me an uber for ten pm tonight,transport_taxi
book for me an uber taxi to bardonia,transport_taxi
check all cab companies and get a time booked for three pm,transport_taxi
call a taxi for me to arrive tonight at five,transport_taxi
arrange a taxi,transport_taxi
get me a taxi to take me to the airport on friday at five thirty am,transport_taxi
book me a cab going to location,transport_taxi
i need to get to location call a cab,transport_taxi
get me an uber please,transport_taxi
lets get a taxi,transport_taxi
request an uber now,transport_taxi
book uber from my home,transport_taxi
book me an uber please,transport_taxi
can you book an uber after i left for office,transport_taxi
i need a ride to the airport,transport_taxi
book a taxi to airport for me in the evening,transport_taxi
book me a train ticket in any train to bombay for tomorrow,transport_ticket
i need the current dart rail schedule from west irving station to north lake college,transport_ticket
schedule a journey to las vegas by train,transport_ticket
book a train ticket to boston tomorrow,transport_ticket
reserve a seat for me on the train march twentieth,transport_ticket
confirm a travel ticket to german,transport_ticket
i want a train ticket,transport_ticket
please book a train ticket from jodhpur to jaisalmer on sunday,transport_ticket
book a train ticket for one one way for this tuesday at nine am,transport_ticket
get me a seat on the next train going to new york,transport_ticket
order a train ticket to boston,transport_ticket
show me train tickets,transport_ticket
book a train ticket for me,transport_ticket
book a train for twenty two march at twelve pm,transport_ticket
book ticket to depart in the morning,transport_ticket
secure train passage for me on july three,transport_ticket
i want a train ticket to oregon,transport_ticket
i want to book rajdhani train ticket from mumbai to ahmadabad,transport_ticket
please book train ticket to new york,transport_ticket
book me the cheapest train ticket to new york,transport_ticket
best ticket price air plane to chester on the twenty first,transport_ticket
book a ticket for today in irctc site for the stored information,transport_ticket
i need a train ticket to rome book ticket,transport_ticket
help me book a train ticket,transport_ticket
i need the times for the south bound train on allison rd,transport_ticket
i want a train ticket to edinburgh,transport_ticket
could you make a train ticket for me,transport_ticket
train ticket,transport_ticket
book me a train ticket to new york city on the third i don't care what time,transport_ticket
travel book a train ticket,transport_ticket
book me a return trip from edinburgh to london by train,transport_ticket
book train best deal,transport_ticket
book a train ticket to new york,transport_ticket
find me the cheapest train ticket to spain,transport_ticket
book a train ticket to city leeds,transport_ticket
book a train ticket from canada to las vegas,transport_ticket
book me a train ride,transport_ticket
book a train for me,transport_ticket
order a train ticket to los angeles,transport_ticket
get a me a train ticket to milwaukee from chicago on sunday morning,transport_ticket
i need to book a train ticket from mumbai to goa,transport_ticket
please purchase me a train ticket to atlanta,transport_ticket
i need a train ticket traveling to new york in may,transport_ticket
hey i want to get trains to manchester on Wednesday,transport_ticket
ticket for delhi,transport_ticket
find a non stop train to seattle,transport_ticket
find train ticket,transport_ticket
can you book me a train ticket to bombay for tomorrow in any train,transport_ticket
i want a train ticket from boston to new york,transport_ticket
look for train tickets to edinburgh tomorrow,transport_ticket
i need a train ticket to,transport_ticket
book for me a train ticket to washingdon dc,transport_ticket
book a train ticket for an eight am ride to charleston west virginia,transport_ticket
confirm a railway reservation ticket to california,transport_ticket
i want to book a train ticket,transport_ticket
book train to london,transport_ticket
please book train ticket from mumbai to sangli for tomorrow morning,transport_ticket
order a train ticket to los angeles now,transport_ticket
ticket for bombay,transport_ticket
book me a single train ticket travelling to new york city leaving after nine am,transport_ticket
i need a ticket for a train ride to atlanta,transport_ticket
i need to get a ticket via train to orlando from hwood,transport_ticket
find me a cheap train ticket for miamy,transport_ticket
buy me a ticket to boston,transport_ticket
set up a train ticket for next week Friday,transport_ticket
book a ticket for me on a train to get to boston tomorrow what is available,transport_ticket
please train,transport_ticket
please book a ticket form jaipur to mumbai on tuesday,transport_ticket
i need a gold class ticket on train number five using my credit card,transport_ticket
search for two tickets on tuesday's train to paris,transport_ticket
i need to book rajdhani train ticket from mumbai to ahmedabad,transport_ticket
can you book a train ticket for me under dollars,transport_ticket
bring me ticket of train to city leeds,transport_ticket
can you book me a train ticket to boston for next tuesday,transport_ticket
book for me a train ticket to new york,transport_ticket
book a train ticket on the five hundred and two in fifteen minutes,transport_ticket
buy train ticket,transport_ticket
i want you to book a train ticket for me,transport_ticket
book next ny train ticket,transport_ticket
get me a train ticket to go to,transport_ticket
can you book train ticket from mumbai to sangli for tomorrow morning,transport_ticket
can you please book a train ticket for next saturday to boston,transport_ticket
book my chair class ac train ticket from manhattan to new york,transport_ticket
book a ticket for the evening train line,transport_ticket
can you book a train ticket,transport_ticket
book me a train ticket for saturday,transport_ticket
go to www dot metronorth dot com for train tickets,transport_ticket
read the ticket for tesla,transport_ticket
buy a train ticket to cleveland for april fourteenth,transport_ticket
book a rajdhani train ticket from mumbai to ahmedabad,transport_ticket
book me a train ticket to atlanta please,transport_ticket
book a train ticket for friday april fourteenth for boston,transport_ticket
book me a train ride covering five destinations to see in new york,transport_ticket
i need to leave on the five pm train to rockville,transport_ticket
book me a train ticket at earliest time tomorrow,transport_ticket
repurchase last train ticket to phillyx,transport_ticket
book a ticket to paris on eurostar at five pm this Friday,transport_ticket
buy me a ticket to take the train to atlanta,transport_ticket
buy me today train ticket to city leeds,transport_ticket
book a train ticket with a berth seat to lucknow for next week,transport_ticket
open train ticket app,transport_ticket
book me a train for the next available train,transport_ticket
book a first class ticket in the next train to miami,transport_ticket
i need you to book a train ticket that leaves at two pm,transport_ticket
book a train ticket to mumbai for tomorrow,transport_ticket
train ticket please,transport_ticket
reserve a train ticket for me today to des moines,transport_ticket
book my first class ac train ticket from new york to san francisco,transport_ticket
could you please cancel my train ticket,transport_ticket
book a train ticket from washington dc to savannah georgia,transport_ticket
book train ticket to new york,transport_ticket
tell me about the cheapest flight fares to nj today,transport_ticket
book a train ticket from here to charleston west virginia at eight am today,transport_ticket
please go to amtrak dot com to purchase tickets,transport_ticket
find me train tickets,transport_ticket
find me the earliest train ticket departing friday morning to miami,transport_ticket
book a train ticket to arrive in cambridge by eight thirty pm today,transport_ticket
book a train ticket from orlando to chicago,transport_ticket
buy a train ticket for one week from now from new york to las vegas nevada,transport_ticket
can you check train schedule to berkeley,transport_ticket
get train ticket,transport_ticket
id like to get on the next train that will be departing indianapolis headed to chicago,transport_ticket
buy me a train ticket,transport_ticket
i need to get to bristol Friday night can you book me a ticket please,transport_ticket
can you book a train ticket for my father,transport_ticket
i want the cheapest train ticket to new york,transport_ticket
can i get a train ticket to,transport_ticket
buy an acela train ticket on thursday,transport_ticket
can you reserve a train ticket for this day,transport_ticket
buy train tickets from delhi to mumbai for twenty third march,transport_ticket
train tickets for two people from delhi to mumbai,transport_ticket
buy a train ticket from lakeland florida to new york,transport_ticket
Hello book train ticket from mumbai to sangli for tomorrow morning,transport_ticket
book a train ticket from los angeles to chicago that goes via miami,transport_ticket
i need to go to dundee at five am on sunday by train,transport_ticket
book a train tickets for me,transport_ticket
book me a train ticket for this afternoon to chicago,transport_ticket
find me a train ticket next monday to new york city,transport_ticket
i want to buy a train ticket tomorrow for boston to new york,transport_ticket
book a ride from new york to orlando covering ten places to see,transport_ticket
i need to book a train ticket to la,transport_ticket
fetch me two train tickets for the earliest train to paris,transport_ticket
transportation ticket booking train,transport_ticket
reserve a ticket to go to destination by train,transport_ticket
book a train ticket from baltimore maryland to new york new york,transport_ticket
book a train ticket from mumbai to goa,transport_ticket
i want a train ticket from los angeles to phoenix,transport_ticket
google can you book me a ticket on the train for tomorrow,transport_ticket
search for a train ticket to newcastle,transport_ticket
book train ticket to ny,transport_ticket
please book the five pm train to rockville,transport_ticket
get me a ticket to boston,transport_ticket
can you book a train ticket for my mother,transport_ticket
get me a train ticket from mumbai to goa,transport_ticket
please order one train ticket to los angeles,transport_ticket
i need to go to lyon book a train ticket,transport_ticket
order travel ticket,transport_ticket
is there any stopped traffic on route eighty today,transport_traffic
traffic alert,transport_traffic
what is the traffic now,transport_traffic
how is the traffic now,transport_traffic
will traffic be good when i leave in five minutes,transport_traffic
how bad is traffic this morning,transport_traffic
is the traffic bad enough that i should leave early,transport_traffic
show traffic,transport_traffic
is it bumper to bumper,transport_traffic
is the road in some particular area wide or narrow,transport_traffic
do you have a traffic update,transport_traffic
give me current information about traffic at central park road,transport_traffic
how is the traffic on I twenty five,transport_traffic
are there any accidents on harvard,transport_traffic
is traffic light,transport_traffic
are there any accidents today,transport_traffic
should i go through the valley or on the ten to get to westwood,transport_traffic
what is the traffic today,transport_traffic
am i gonna hit traffic,transport_traffic
is traffic heavy,transport_traffic
how heavy is traffic on interstate twenty,transport_traffic
how is the traffic at the moment,transport_traffic
is traffic to work clear,transport_traffic
is there any traffic to work,transport_traffic
is the traffic smooth right now,transport_traffic
how long will it take me to drive to work today,transport_traffic
how is the traffic in florida,transport_traffic
just let me know about current traffic in carmen drive,transport_traffic
where should i avoid this morning,transport_traffic
how's the traffic,transport_traffic
system pull any traffic news for my commute,transport_traffic
please update me the traffic status,transport_traffic
whats the traffic like near ypsilanti,transport_traffic
what's the traffic situation from kamycka to dejvicka,transport_traffic
can i make back home without a traffic jam,transport_traffic
how bad is the traffic on sunset boulevard,transport_traffic
i would like to know the traffic condition,transport_traffic
what is the traffic condition of florida,transport_traffic
traffic please,transport_traffic
how is the traffic on harvard,transport_traffic
how long will it take to get home,transport_traffic
what is the condition of traffic from work to home,transport_traffic
is there any traffic downtown right now,transport_traffic
how is the traffic around city center,transport_traffic
what is the traffic this morning,transport_traffic
tell me about city traffic,transport_traffic
how is the traffic in broadway street,transport_traffic
please check the traffic to the home,transport_traffic
is the road a free way or a toll road,transport_traffic
are there any traffic delays,transport_traffic
is there is a high traffic,transport_traffic
what traffic is there on the route to the pittsburgh airport,transport_traffic
what is traffic,transport_traffic
please let me know about current traffic in carmen drive,transport_traffic
tell me current situation of traffic near central park road,transport_traffic
how long to get to work,transport_traffic
how is the traffic right now,transport_traffic
latest news on traffic at my current location,transport_traffic
what is the traffic like right now,transport_traffic
how is my commute,transport_traffic
how is the traffic today,transport_traffic
id like to know if there are any accidents on the route that i am taking,transport_traffic
show traffic in ohio,transport_traffic
what is traffic like,transport_traffic
what is the traffic like today,transport_traffic
how long will it take me to get to the west side,transport_traffic
traffic status please,transport_traffic
road traffic,transport_traffic
are there any roadblocks,transport_traffic
is there any construction on route sixty six,transport_traffic
fast road to get home,transport_traffic
traffic congestion issues,transport_traffic
current traffic conditions,transport_traffic
are there any delays in traffic today,transport_traffic
give me the update on traffic at new york,transport_traffic
how is the traffic,transport_traffic
let me know about current traffic in carmen drive,transport_traffic
what is the latest traffic report for miami,transport_traffic
what does the traffic look like headed to la,transport_traffic
how congested is the traffic on my way to work,transport_traffic
how is traffic over the donner summit now,transport_traffic
is there traffic right now in maiden lane,transport_traffic
how's are the roads looking right now,transport_traffic
what is traffic like right now,transport_traffic
what amount of traffic in this road,transport_traffic
how is the traffic from home to work,transport_traffic
how is the traffic in mg road,transport_traffic
are there any traffic issues,transport_traffic
current traffic,transport_traffic
are there any construction areas on harvard,transport_traffic
can you tell me the current traffic condition of my location,transport_traffic
can you tell me about the traffic,transport_traffic
how is traffic,transport_traffic
is there a traffic jam on my route,transport_traffic
what is the average speed on main highway,transport_traffic
how long untill i get home,transport_traffic
give me the idea of current traffic condition,transport_traffic
what is the traffic like this morning,transport_traffic
give details about the current traffic,transport_traffic
can i pass the bypass road at current traffic,transport_traffic
tell me the traffic condition from here to home,transport_traffic
what is the status quo for traffic right now,transport_traffic
what is current traffic in ohio,transport_traffic
please give me the road forecast for i95 sb,transport_traffic
how is the traffic situation in houston street,transport_traffic
what is traffic to work now,transport_traffic
what's traffic likexchange on four hundred and forty one,transport_traffic
is there heavy traffic on the I fifteen in las vegas right now,transport_traffic
what is the traffic situation at the bazaar highway,transport_traffic
what is the traffic like now,transport_traffic
how much traffic is there right now in bowery street,transport_traffic
what are the traffic conditions currently,transport_traffic
are there any traffic restrictions due to the president's visit,transport_traffic
how heavy is the traffic on the i fifteen in las vegas this hour,transport_traffic
how bad is the traffic near the airport,transport_traffic
what's the traffic on the one hundred and one,transport_traffic
is there traffic,transport_traffic
what does the traffic look like on my usual route to work,transport_traffic
in delhi traffic level too high,transport_traffic
Show me a traffic map from kamycka to dejvicka,transport_traffic
are there any detours that i need to know about,transport_traffic
how is the current traffic between,transport_traffic
is traffic heavy on route eighty today,transport_traffic
what is the current traffic situation,transport_traffic
what's traffic look like over the golden gate bridge,transport_traffic
please give me the traffic report for this afternoon,transport_traffic
how slow is traffic on the five,transport_traffic
could you please check the traffic to our home,transport_traffic
how is the traffic on third street,transport_traffic
are there any accidents on my way to work,transport_traffic
how long should the drive to work take,transport_traffic
any traffic issues today,transport_traffic
may i know the traffic situation,transport_traffic
how is traffic from work to home,transport_traffic
what is the traffic situation right in broadway street,transport_traffic
traffic report,transport_traffic
i would have avoided the traffic if i went early,transport_traffic
how is the traffic on the i fifteen in las vegas today,transport_traffic
what is my eta to the office if i leave in thirty minutes,transport_traffic
what about the new york city traffic,transport_traffic
length of traffic,transport_traffic
how is the traffic in san francisco over the bay bridge,transport_traffic
how heavy is traffic now in denver,transport_traffic
which place has more traffic,transport_traffic
few traffic roads,transport_traffic
traffic,transport_traffic
what does i seventy five look like,transport_traffic
are the streets congested right now,transport_traffic
how was the traffic now,transport_traffic
is there more traffic in canal street,transport_traffic
in jaipur traffic level is high,transport_traffic
are there any backups on route eighty today,transport_traffic
is the road clear in florida,transport_traffic
is there bad traffic on the highway right now,transport_traffic
whats the traffic density in,transport_traffic
give me the weather for merced at three pm,weather_query
i will need a scarf in afternoon to overcome sunlight,weather_query
should i wear a hat today,weather_query
what should i wear is it cold outside,weather_query
is it going to snow tonight,weather_query
tell me what was the temperature in our city at twelve pm,weather_query
tell me about this week's weather,weather_query
what will be the weather on monday this week,weather_query
how's the weather today,weather_query
weather forecast for this week,weather_query
what is today's weather in springfield,weather_query
is it going to be cloudy or sunny today in bangalore,weather_query
temperature this hour,weather_query
i dont want to carry an umbrella will we have rain today,weather_query
what will the weather be like on saturday,weather_query
is the sun gonna shine in devon this weekend,weather_query
any signs of rain,weather_query
is it a soft evening tonight,weather_query
how hot is it outside today,weather_query
status of weather,weather_query
what will be the temperature today for miami florida,weather_query
will there be snow tomorrow,weather_query
what is weather today,weather_query
how much snow has fallen in maine since yesterday,weather_query
how hot is it in quebec,weather_query
is it going to rain today in san diego,weather_query
is it going to rain in the next few days in tucson,weather_query
is it going to rain in seattle today,weather_query
will it get warmer here next week,weather_query
let me know the weather for today,weather_query
whether it would be sunny in califonia,weather_query
will it be rainy tomorrow,weather_query
what's the temperature,weather_query
what will be the weather update for monday noon,weather_query
do i need pants,weather_query
weather forecast please,weather_query
check the weather app to see if,weather_query
weather for the next week in new york,weather_query
how's the weather like in beijing,weather_query
what is the weather for the school week,weather_query
sunny in oslo,weather_query
Is it going to be windy on Saturday in denver,weather_query
will i need an umbrella tomorrow,weather_query
what's the weather this week,weather_query
whats the weather like right now in new york,weather_query
what is the current weather conditions in chicago illinois,weather_query
get today's weather report,weather_query
is it currently raining,weather_query
will the weather be bad on Sunday,weather_query
it looks sunny and clear today is that true,weather_query
what is the weather like in grand rapids mi,weather_query
how does it feel outside,weather_query
what is the temperature,weather_query
what's the weather forecast for today,weather_query
i need to know current weather in new york city,weather_query
what is the weather today,weather_query
is the weather bad in new york right now,weather_query
how is it outside today,weather_query
please tell me the chances of rain this week for zip code twenty nine thousand nine hundred and seventy eight,weather_query
what will be the highest temperature this week,weather_query
open the weather app,weather_query
how soon can we expect rain,weather_query
it seems cold,weather_query
is today a sunscreen day,weather_query
how is it outside,weather_query
do i need a sweater today,weather_query
do i need a jacket today,weather_query
what's it like outside,weather_query
is it going to rain later,weather_query
what is home town weather,weather_query
check and see what will be the weather condition in new jersey at eight am tomorrow,weather_query
how many degrees is it in orange tx right now,weather_query
on Tuesday what is the weather supposed to be,weather_query
what will the weather be next week,weather_query
what is the weather forecast for chicago,weather_query
is it snowing in seattle,weather_query
is it raining now,weather_query
am i going to need a jacket tomorrow,weather_query
how is the weather likely to be this week,weather_query
is it sunny in gonbad now,weather_query
what is the weather in utah,weather_query
what's the weather in toronto today,weather_query
shall i change my car tyres to snow tyres soon,weather_query
what is the forecast,weather_query
what is the weather like outside,weather_query
what will the weather be for the next week,weather_query
what a sunny day,weather_query
should i take an umbrella today,weather_query
what is the current temperature outside,weather_query
will it be raining on thursday,weather_query
is it going to be nice tomorrow,weather_query
i am need my hat today,weather_query
what is the forecast for the week,weather_query
whats the weather like,weather_query
weather report of the week,weather_query
is it going to snow,weather_query
what are the estimated temperatures this afternoon,weather_query
how's weather today,weather_query
do i need to wear a coat today,weather_query
whats the average temperature in mangalore for this week,weather_query
is mysore going to be very hot and humid today whats the weather status,weather_query
show me this week's forecast,weather_query
do i need to carry umbrella for evening,weather_query
is it colder than yesterday,weather_query
weather like,weather_query
will there be snow this week,weather_query
is there any chances of rain this week,weather_query
do i need boots today,weather_query
has the weather changed for wednesday at all,weather_query
what's the current temperature outside,weather_query
weather in home town,weather_query
what will the weather be like this week,weather_query
what is the weather for this week,weather_query
what is today's weather forecast,weather_query
how is weather on such and such day,weather_query
am i going to swim or work today,weather_query
what is the weather update for tuesday,weather_query
is it going to be cloudy in london during the weekend,weather_query
is it going to rain on monday,weather_query
do i need to take an umbrella today,weather_query
will it be nice at the beach on friday,weather_query
what was the weather for the week,weather_query
whats the weather now,weather_query
please show me the local weather,weather_query
how was the weather this week,weather_query
is there any rains predicted for bangalore today,weather_query
tell me about the current weather,weather_query
tell me the temperature in pheonix,weather_query
i want the complete weather details of seventh march,weather_query
how cold is today,weather_query
do i need a light or heavy jacket today,weather_query
should i take my raincoat with me now,weather_query
should i bring an umbrella today,weather_query
what will be the highest temperature in coming week,weather_query
what will the weather be like in austin on march sixteenth,weather_query
what's the weather supposed to be like on wednesday,weather_query
how is this weeks weather,weather_query
will the temperature be in the today,weather_query
what is the current weather in denver,weather_query
how warm is it in columbus ohio,weather_query
it is very hot today is not it,weather_query
will i need an umbrella today,weather_query
its cold outside,weather_query
will I need a raincoat when I go to glasgow on sunday,weather_query
how cold is it outside,weather_query
will it rain,weather_query
tell me weather forecast,weather_query
can i go outing without any raincoat,weather_query
give me the weekly weather near me,weather_query
will i need sunblock this weekend,weather_query
is it supposed to rain tomorrow,weather_query
tell me the current weather for danville il,weather_query
how hot is it in miami,weather_query
will it snow next week,weather_query
am i gonna need rain boots,weather_query
should i bring warm clothes,weather_query
what is the weather this friday,weather_query
please ring the wake up alert at eight am next saturday,alarm_set
please ring the now wake up alert at eight am next saturday,alarm_set
could you set an alarm for next tuesdays meeting,alarm_set
remind me at one thousand three very hundred,alarm_set
set an alarm for four in the afternoon,alarm_set
set an alarm for eight am very,alarm_set
please create a new alarm,alarm_set
turn on my alarm,alarm_set
ring the alarm when i get home,alarm_set
set an alarm forty minutes from now,alarm_set
one am make,alarm_set
i need an reminder set for five hundred and thirty am tomorrow,alarm_set
two set,alarm_set
can you set my notification for seven thirty am,alarm_set
wake really me up at five hundred and thirty,alarm_set
set an quite alarm,alarm_set
remind me at six thirty pm,alarm_set
i need to get up at very ten tomorrow,alarm_set
can you add the alarm for one hundred and thirty,alarm_set
schedule my alarm for time please,alarm_set
i need to set my alarm for eight am,alarm_set
i need an alert,alarm_set
please set my alarm clock for eight am,alarm_set
set an quite alarm forty minutes from now,alarm_set
would you mind put an alarm and wake me up at six am tomorrow morning,alarm_set
please today set alarm at five pm,alarm_set
set reminder for this event reminder repeating for ten times,alarm_set
set an alarm for thursday at seven pm,alarm_set
put an alarm and wake me up at six am the following day morning,alarm_set
set alarm for tomorrow at two pm,alarm_set
i need to set my alarm for six am tomorrow,alarm_set
the set alarm for nine pm on Thursday night,alarm_set
i want an alarm for six am everyday,alarm_set
please now set my alarm clock for eight am,alarm_set
make an alarm to help remember,alarm_set
set an alarm for two pm,alarm_set
i need to get up at ten next day,alarm_set
you set the alarm for one hundred and thirty,alarm_set
very set an alarm for two pm,alarm_set
i need an alarm for sunday at eight am can you would you put one for me,alarm_set
put an alarm for me at eight am very,alarm_set
can you add an notification for me,alarm_set
set alert of every tuesday of march month morning eight am,alarm_set
wake-up call time for twelve pm,alarm_set
one am set,alarm_set
please set alarm at five very pm,alarm_set
i need you to set an alarm,alarm_set
reminder five today pm tuesday,alarm_set
i want to wake me up at six am,alarm_set
set alarm for eight am,alarm_set
add alarm for nine am,alarm_set
create alarm for six am,alarm_set
please we're the following alarm,alarm_set
alert me at three pm to goto the concert,alarm_set
wake me up at five thirty,alarm_set
fix an alarm,alarm_set
could you add alarm,alarm_set
is my alarm set for seven,alarm_set
wake me up at time,alarm_set
can you wake me up at six am,alarm_set
need you set an alarm,alarm_set
one am set,alarm_set
ring today the notification when i get home,alarm_set
schedule an reminder for eight am,alarm_set
call me at six quite am,alarm_set
one am set,alarm_set
get me up in half an hour,alarm_set
set an alarm for five minutes from now,alarm_set
quite create event with alarm for meeting in two hours,alarm_set
let me know when it is ten,alarm_set
i need to get going at eight am the following day set up an alert thirty minutes before that,alarm_set
could you set my alarm for six am tomorrow,alarm_set
set the alarm tone,alarm_set
create event with alarm for appointment today in two hours,alarm_set
make a new alarm,alarm_set
set an alarm for one hour from now,alarm_set
create an alarm for today at ten am,alarm_set
is my alarm set for seven am,alarm_set
put a repeating reminder notification for the facebook event i have to attend on seventh april,alarm_set
please set an alarm at seven am tomorrow today morning,alarm_set
please schedule wake-up call for,alarm_set
tell me when it is now five pm,alarm_set
please wake me up quite at seven thirty am,alarm_set
put alarm at ten am,alarm_set
create an alert for two pm,alarm_set
turn on alarm thirty minutes before liverpool started to play,alarm_set
make an alarm for four pm,alarm_set
i need you to set an wake-up call,alarm_set
make an reminder for four pm,alarm_set
set alarm for tomorrow six am just,alarm_set
wake me up at ten,alarm_set
add the time,alarm_set
wake quite me up at six am,alarm_set
set an alarm for four in the afternoon today,alarm_set
please set alarm for,alarm_set
is my alert schedule for seven am,alarm_set
please set an alarm for tomorrow at six in the morning,alarm_set
could you please set an please alarm at six am,alarm_set
set alarm at two am,alarm_set
get me up now at eight am,alarm_set
would you mind create an alarm for six am,alarm_set
set an alarm at tomorrow to remind me a meeting,alarm_set
please set a reminder alarm for pm on Saturday,alarm_set
wake me up at this time quite,alarm_set
remind me at one thousand three hundred really,alarm_set
put alarm at am,alarm_set
set the alarm for the following day five am,alarm_set
i want an alarm for three today,alarm_set
i need a six am wakeup call,alarm_set
create an notification for tomorrow at six in the morning,alarm_set
please set alarm for today all days,alarm_set
make a new alert,alarm_set
set today my alarm for time,alarm_set
set really my alarm for six am tomorrow,alarm_set
i need to get up at seven am,alarm_set
wake me now at daybreak,alarm_set
put my alarm for six am the following day,alarm_set
can you set the alarm for one hundred and thirty,alarm_set
set an alarm at ten tomorrow to remind me a conference,alarm_set
set alert at two now am,alarm_set
set a reminder i need to wake up at five am every morning,alarm_set
please set an alarm for tomorrow at six in the morning,alarm_set
set very my notification for twelve pm,alarm_set
please set the for eight pm wednesday evening,alarm_set
create an alarm for today at ten quite am,alarm_set
schedule a new alarm for that time,alarm_set
Set a alarm today for the day,alarm_set
please create a today new notification,alarm_set
set my alarm for six thirty in the morning tomorrow,alarm_set
set alarm for eight am,alarm_set
please set alarm for tomorrow at two pm,alarm_set
schedule a new alarm for that time,alarm_set
please set reminder alarm three pm on Saturday,alarm_set
set up an alarm clock at pm,alarm_set
i need you to set an alarm,alarm_set
remind me at five pm,alarm_set
i need to alarm for ten am,alarm_set
can you set the alarm for one hundred and thirty,alarm_set
add reminder at two am,alarm_set
set alarm for am tomorrow,alarm_set
set an alarm for at six in the morning,alarm_set
please arrange to wake now me up at three am alarm,alarm_set
create wake-up call at ten am,alarm_set
set alarm on twenty fifth may at five pm,alarm_set
remind me at six thirty pm,alarm_set
could you set my calendar for an alarm at five pm tuesday,alarm_set
set an alarm today for next tuesdays meeting,alarm_set
please wake me up at eight,alarm_set
i want to set an alarm for me at eight am,alarm_set
set alert for tomorrow six today am,alarm_set
i need an alarm for sunday at really eight am can you please set one for me,alarm_set
i need to get please up at seven am,alarm_set
wake me at daybreak,alarm_set
i want an notification for six am everyday,alarm_set
add alarm for tomorrow six am,alarm_set
set an alarm at six am,alarm_set
please create a new wake-up call,alarm_set
add an notification for four in the afternoon,alarm_set
wake me up at quite four am,alarm_set
create quite an alarm for six am,alarm_set
turn on alarm,alarm_set
fix an alarm,alarm_set
make a new alert for that time,alarm_set
alarm me at today eight am,alarm_set
please make me up at am,alarm_set
would you mind set an alarm for thursday at seven pm,alarm_set
update reminder,alarm_set
would you mind set my alarm for tuesday at six pm,alarm_set
could you wake me up at seven thirty now am,alarm_set
i want to make an alarm for four pm,alarm_set
put an alarm and wake me up at six am tomorrow morning,alarm_set
could you olly set my alarm to go off in an hour,alarm_set
wake me up,alarm_set
add alert,alarm_set
set an alarm for four in the afternoon,alarm_set
wake me up at five thirty,alarm_set
wake me up at am this week,alarm_set
remind me at one thousand just three hundred,alarm_set
can you set my wake-up call for seven thirty am,alarm_set
set wake-up call at five am,alarm_set
set alarm for tomorrow at two pm,alarm_set
wake-up call time for twelve pm,alarm_set
make a new reminder,alarm_set
could you set the alarm for eight pm wednesday evening,alarm_set
schedule an alert for next weeks dentist appointment,alarm_set
ring the alarm when really i get home,alarm_set
please set the alarm for eight pm wednesday evening,alarm_set
let me know when it is ten,alarm_set
tell me when it is just five pm,alarm_set
please set an alarm at six am,alarm_set
wake me up at five thirty,alarm_set
schedule up an reminder clock at one pm,alarm_set
set alarm for tomorrow six am,alarm_set
i want to wake up at six am tomorrow please please,alarm_set
open clock,alarm_set
add an alarm for me at eight am,alarm_set
set an alarm for tomorrow morning at eight today,alarm_set
turn today on my alarm,alarm_set
set alarm for next day at two pm,alarm_set
set an wake-up call for eight pm,alarm_set
make an alarm to help me remember,alarm_set
i want to i need you to set an alarm,alarm_set
update alert,alarm_set
tweet my complaint on targets customer service,social_post
post that i am going to woodland shoe store,social_post
place family phone on instagram,social_post
tweet a complaint to apple about my iphone seven,social_post
i need to send twitter to mattel that they need to stop making toys in china,social_post
i would like to make a post on times twitter,social_post
a tweet to customer service the was delivered late,social_post
can you pull up the complaint website for starbucks,social_post
please add complaint about the service in tweet to olive garden,social_post
write a tweet of complaint about my tv to samsung,social_post
please tweet on the bad service,social_post
i need to tweet the current temperature,social_post
tweet complaint,social_post
tweet @bobburgers they screwed my order and i had to wait an extra hour,social_post
use facebook to post,social_post
service complaint tweet the following,social_post
can you send a tweet to lif saying that their app crashed,social_post
could you send a complaint about my horrible experience with a company,social_post
tweet error log to samsung,social_post
i have a complaint really,social_post
can you send a tweet to lif saying that their app crashed,social_post
can you contact samsung and say my washer is on fire today,social_post
have a moan at easyjet,social_post
please create a new now tweet,social_post
please write up a compliant,social_post
could you this is a tweet for comcast if i have my internet and phone service from you and it goes out how can i contact you,social_post
customer service from microsoft never called me back,social_post
really put this on my facebook,social_post
please tell kmart they sent the wrong item,social_post
please post happy birthday usa on my newsfeed,social_post
i need to i would like to place a call to amazon customer service,social_post
please really send a complaint to someone,social_post
pull up the complaint website really for starbucks,social_post
please negative response tweet on daikin service,social_post
tweet I'm complaining about to consumer now service,social_post
customer service complaint,social_post
tweet my complaint about my truck to consumer digest,social_post
today send tweet to wallmart,social_post
send a tweet,social_post
it would be nice if you post status for me,social_post
send a tweet to national grid,social_post
tweet a complaint to old navy website,social_post
this is a tweet for comcast if i quite have my internet and phone service from you and it goes out how can i contact you,social_post
post a status engaged,social_post
tweet complaint to american eagle customer service,social_post
tweet british airways that my last flight from chicago to london was very delayed,social_post
could you tweet a complaint to amazon about late shipment,social_post
change quite my status to chillin,social_post
write a tweet to burger king expressing my just disapproval,social_post
open twitter and add complaint on doctor patel's feed,social_post
i have a complaint,social_post
tweet very @phohouse your server was rude #badpho,social_post
have a moan at easyjet today,social_post
a complaint to kohl's customer service,social_post
tweet a complaint to comcast,social_post
tweet bad day at starbucks,social_post
can you send a tweet to amazon customer service that the package was delivered late,social_post
can you tweet complaint to sony consumer service,social_post
post a new status on facebook saying that i am enjoying the nice weather,social_post
send a snotty now tweet to bbc,social_post
bring up a complaint form,social_post
tweet the president and tell him he's doing a horrible job,social_post
tweet to consumer that should to be more accommodating,social_post
listening song of arijit quite singh post it on my facebook account,social_post
send a tweet to kroger about spoiled milk,social_post
tell company their service quite is bad,social_post
now have a moan at easyjet,social_post
tweet I'm complaining please about to consumer service,social_post
quite tell apple in a tweet that their batteries don't hold enough charge,social_post
tweet verizon customer service,social_post
would you add complaint about the service in tweet to olive garden,social_post
can you contact really samsung and say my washer is on fire,social_post
would you tweet a complaint about really slow service at applebee's,social_post
use facebook to post,social_post
post the following status to facebook,social_post
customer service complaint tweet the following,social_post
have a moan at easyjet quite,social_post
write a tweet to quite this company,social_post
today customer service complaint,social_post
tweet error log to samsung,social_post
what is the customer service feedback,social_post
tweet real donald trump that angela merkel will quite not shake his hand anymore,social_post
post a new on facebook saying that i am enjoying nice weather,social_post
write a tweet telling macy's that they should be shutting down instead of jcpenney,social_post
can you put this on facebook,social_post
i would like to place a call to amazon customer service,social_post
tweet at united angry you lost my bags,social_post
send tweet via message to cardinal and tell them their customer service is outstanding,social_post
post this pic to facebook,social_post
i want to send a tweet to safeway about water in my gas,social_post
tweet a complaint,social_post
fraud in weighing products,social_post
tweet kohls about the just cleanliness of their store,social_post
tweet consumer service,social_post
bring up twitter to target customer service,social_post
can you tweet lif about their just app crashing,social_post
i need to customer service complaint,social_post
open twitter type my complaint and post to @consumer service,social_post
please tweet for me about the bad service rended by the taj restaurant,social_post
can you send a tweet to lif saying that their app crashed,social_post
tweet a complaint to local municipality,social_post
very pull up the complaint website for starbucks,social_post
please post this picture now on facebook,social_post
send a tweet to tmobile for rude employees,social_post
tweet very verizon customer service,social_post
post this to my facebook lol,social_post
tweet this tweet coffee was too hot and at this company costa coffee,social_post
tweet a complaint to comcast,social_post
open twitter type my complaint and post to @consumer service,social_post
customer service complaint,social_post
really tweet a complaint to local municipality,social_post
tweet to amazon about late delivery of my tv,social_post
can you tweet please lif about their app crashing,social_post
tweet to the customer service account of starbucks,social_post
can you upload my latest selfie in my instagram,social_post
tweet consumer service,social_post
tweet my current location,social_post
write this complaint to comcasts customer service twitter,social_post
tweet the president and tell him he's doing a horrible quite job,social_post
tweet I'm complaining about to consumer service,social_post
please create a new tweet,social_post
post complaint about service a,social_post
tweet quite the president and tell him he's doing a horrible job,social_post
today please write up a compliant,social_post
tweet for me really the complaint about drainage choke up,social_post
could you tweet at koc your waiting time sucks,social_post
i need to tweet to the customer service account of starbucks,social_post
tweet consumer service,social_post
tweet consumer service that i am very disappointed with my recent interaction,social_post
tweet at united airlines i'm angry you lost today my bags,social_post
tweet a complaint to apple about my iphone seven,social_post
announce a comment in facebook,social_post
listening song of arijit singh post it on my facebook account,social_post
let wendy's know hate them,social_post
place phone on,social_post
please please post so bored to facebook,social_post
listening song of arijit singh post it on my facebook account,social_post
kindly tweet for me today about the bad service rended by the taj restaurant,social_post
two thumbs down @companyname,social_post
can you tweet lif about their app crashing,social_post
customer service complaint tweet the please following,social_post
write a tweet to burger king expressing my disapproval,social_post
a tweet to burger king expressing my disapproval,social_post
tweet a complaint to amazon about late shipment,social_post
tweet at united airlines i'm angry you lost my bags,social_post
hello today can you give the contact details for a particular service centre,social_post
post a tweet as follows very bad follow up by abc company in my account,social_post
tweet paula deen's restaurant that the line is always too long,social_post
could you i would like to place a call to amazon customer service,social_post
open twitter and add complaint on doctor patel's feed,social_post
take me to the huffington post website,social_post
pull up the complaint website for,social_post
tweet to now amazon about late delivery of my tv,social_post
tweet to the customer service account of starbucks,social_post
send a tweet to meijer tell them that they have the worst very customer service,social_post
tell apple in a tweet that their batteries don't hold enough charge,social_post
tweet complaint to american eagle customer service,social_post
tweet a complaint to amazon about late shipment,social_post
tweet a disgusted face about mcdonalds please,social_post
let wendy's know i hate them,social_post
i need to post to facebook I'm home,social_post
please listening song of arijit singh post it on my facebook account,social_post
tweet paula deen's restaurant that the line is always too long,social_post
tell apple in a tweet really that their batteries don't hold enough charge,social_post
write this complaint to quite comcasts customer service twitter,social_post
post to facebook at the spa yay with a smiley face emoticon please,social_post
can you please post this picture on facebook,social_post
hi olly post my last clicked photo on facebook with title marry christmas,social_post
tweet freedom pop please customer service i am dissatisfied,social_post
tweet verizon customer service,social_post
tweet @phohouse your server was rude #badpho,social_post
write a tweet telling macy's that they should be shutting down instead of jcpenney,social_post
tweet to the customer service account of starbucks,social_post
tweet this tweet coffee was hot and at this company costa coffee,social_post
would you post happy birthday usa on my newsfeed,social_post
complaint about my truck to consumer digest,social_post
have a moan at easyjet,social_post
describe a workhouse for me,qa_definition
would you mind what does a baguette look like,qa_definition
what please is the meaning of the word sanctimonious,qa_definition
look up the definition to ambulance,qa_definition
just define elaborate,qa_definition
what is a shoal very,qa_definition
tell today me what a workhouse is,qa_definition
give me the definition of arrow,qa_definition
describe just a romantic love,qa_definition
give me the definition of arrow,qa_definition
define alarm,qa_definition
what is the meaning of the word sanctimonious,qa_definition
please search now for dining tables,qa_definition
how does a cheetah look,qa_definition
hey what is the now definition of survey,qa_definition
find me a description of morel mushrooms,qa_definition
what is the definition of this,qa_definition
describe quite a romantic love,qa_definition
blanket definition,qa_definition
define and describe an ultraviolet ray,qa_definition
what does snafu mean,qa_definition
what is the definition of god,qa_definition
what does speaker mean,qa_definition
give the definition of the word,qa_definition
describe texture,qa_definition
Explain object please,qa_definition
what does pesto mean,qa_definition
i need to give me the definition of the word armor,qa_definition
what is the nuclear triad,qa_definition
what does session mean,qa_definition
describe what a poltergeist is,qa_definition
define elaborate please,qa_definition
quite hey what is the definition of recipe,qa_definition
what does snafu mean,qa_definition
describe to me what a ball like,qa_definition
tell me what a freeway is,qa_definition
would you mind define love without invoking the term love,qa_definition
i need to what is the meaning of this word,qa_definition
do you know the definition of school,qa_definition
blanket definition,qa_definition
what is the very definition of forensic,qa_definition
what is google,qa_definition
what is rock sand,qa_definition
very Explain object,qa_definition
can you tell me about it,qa_definition
tell me what a workhouse is,qa_definition
what does a soccer ball quite look like,qa_definition
list meaning of clarion,qa_definition
would you mind what does a beech tree look like,qa_definition
description of iphone seven,qa_definition
i need to get the definition of a word massive,qa_definition
define the word novel,qa_definition
i need to describe the statue of liberty,qa_definition
sanctimonious definition,qa_definition
give me the definition of school,qa_definition
describe today what a poltergeist is,qa_definition
i want to what does the word labyrinth mean,qa_definition
can you i would like to know the meaning of word,qa_definition
what is a chair,qa_definition
give me a description of iron fist just on netflix,qa_definition
define a phrase blue sky research,qa_definition
find me a description of morel mushrooms,qa_definition
can i get the definition to ambulance very,qa_definition
define organism very,qa_definition
how now would you describe a ball,qa_definition
how does merriam webster define please ultra,qa_definition
what does potato really mean,qa_definition
look up the meaning of logic very,qa_definition
please tell me what is the definition of cylinder,qa_definition
look up the meaning of logic,qa_definition
describe a really chart,qa_definition
can you tell me just what is the definition of cylinder,qa_definition
i want to what is the nuclear triad,qa_definition
please siri what is the definition of ziggurat,qa_definition
what does potato mean,qa_definition
can you describe to me what a pineapple looks like,qa_definition
what is piramid,qa_definition
what is please piramid,qa_definition
define and describe please an ultraviolet ray,qa_definition
give description of statue of liberty,qa_definition
what does a soccer ball look like,qa_definition
what is the definition of a probiotic,qa_definition
what is hurricane,qa_definition
look up a lamp,qa_definition
i want to give me the description of a mobile battery functioning,qa_definition
how would you describe a ball,qa_definition
what's the meaning of rumplestiltskin,qa_definition
could you explain photosynthesis,qa_definition
kindly describe about microwave,qa_definition
mobile device just explanation,qa_definition
what is the definition of a probiotic,qa_definition
i would like to know the meaning of word,qa_definition
describe rock sand please,qa_definition
describe joe for me please,qa_definition
how does really merriam webster define ultra,qa_definition
find me a of mushrooms,qa_definition
what does a lion look like,qa_definition
what is a banana,qa_definition
how would you describe the very sun,qa_definition
where quite can i use this word,qa_definition
what is the please definition of god,qa_definition
does pesto,qa_definition
would you describe an elephant to me,qa_definition
siri what does survey mean,qa_definition
show meaning of clarion,qa_definition
Explain object,qa_definition
can you tell me what the white just house is,qa_definition
tell me quite what a workhouse is,qa_definition
give me the definition of today the word fondle,qa_definition
siri what does survey mean,qa_definition
siri what does survey mean,qa_definition
what is the meaning of this word,qa_definition
definition for object name,qa_definition
describe what poltergeist is,qa_definition
what is this now thing,qa_definition
blanket definition very,qa_definition
what does happy mean,qa_definition
whats the definition of indignation,qa_definition
can you really search for dining tables,qa_definition
what is the definition of problematic,qa_definition
give me the definition today of arrow,qa_definition
what is the nuclear triad today,qa_definition
can you tell me what an chaise is,qa_definition
please define alarm,qa_definition
give me the definition of formidable,qa_definition
can i get the definition today to ambulance,qa_definition
please tell me all about hurricane,qa_definition
define loquaciousness,qa_definition
what does snafu mean,qa_definition
can you describe to me what now a pineapple looks like,qa_definition
what does the word quite labyrinth mean,qa_definition
just what does the word labyrinth mean,qa_definition
can you describe to me what a pineapple looks like,qa_definition
how just is a typhoon defined,qa_definition
where can i use this word,qa_definition
define elaborate,qa_definition
describe london for me please,qa_definition
would you mind what is a chair,qa_definition
describe a workhouse me,qa_definition
what does happy mean,qa_definition
tell me all about hurricane,qa_definition
what is the definition of god,qa_definition
i need to tell me what the word organism means,qa_definition
describe joe for me can you,qa_definition
tell quite me about medieval war engines,qa_definition
please search now for this word,qa_definition
give details of rock sand,qa_definition
what does pesto mean,qa_definition
tell me about rock,qa_definition
how does merriam webster define ultra really,qa_definition
what does triumph mean,qa_definition
what does pro bono mean,qa_definition
what does the word labyrinth mean,qa_definition
give me quite the definition of carion,qa_definition
what is the meaning of this word,qa_definition
what is computer,qa_definition
what is the meaning of the word sanctimonious,qa_definition
tell me about the sports stadium,qa_definition
hey what is the definition of survey,qa_definition
i need to give me the description of a smartphone circuit,qa_definition
describe a workhouse for me,qa_definition
what does joke really mean,qa_definition
can you give me the definition of the word fondle,qa_definition
can you describe an elephant to me,qa_definition
what does baguette look like,qa_definition
what i can do with quite laptop,qa_definition
would you mind what does pda mean,qa_definition
hey what does incite mean,qa_definition
hey what is the definition of recipe,qa_definition
can you describe a car,qa_definition
how do you describe,qa_definition
describe now a fifty inch smart tv,qa_definition
siri what is the definition of now ziggurat,qa_definition
how does really a cheetah look,qa_definition
hey what does incite mean,qa_definition
what does speaker mean,qa_definition
what does a beech tree look like,qa_definition
do i have an alarm set for morning,alarm_query
please list active alarms,alarm_query
would you let me know the morning alarm time for weekdays,alarm_query
tell me about the alarm timings just,alarm_query
i want to what time will my alarm go off today,alarm_query
list all put alarms,alarm_query
at what time is my alarm,alarm_query
can you check if alarm is set for six am,alarm_query
today how many alarms do i today have set,alarm_query
really check if i have set any alarm for morning,alarm_query
could you check alarms,alarm_query
check if any wake-up call is there after five am,alarm_query
tell me what alarms are add for me,alarm_query
please tell about the alarms,alarm_query
please is my wake up alarm set a six am,alarm_query
what alarms are set for this just week,alarm_query
just any alarms currently listed,alarm_query
checkout right now set alert of ten am,alarm_query
now what alarms do i have set for today,alarm_query
show me the alarms i set,alarm_query
is my work alert create for tomorrow,alarm_query
when is my alert set for,alarm_query
what time is my wakeup alarm set for,alarm_query
list just my different alert,alarm_query
show me the alarms that are create,alarm_query
what are the next three alarms set to go off,alarm_query
i have any alarms set six am tomorrow,alarm_query
today how many alarms do i have add,alarm_query
can you what alarms do i have set for today,alarm_query
let me know about the alarms you put,alarm_query
right now how many alarms do i have schedule,alarm_query
what alarms do i have make right now,alarm_query
what alarms do i have set just right now,alarm_query
confirm alarm for tomorrow morning,alarm_query
at what time is my alarm set,alarm_query
list all set alarms,alarm_query
what alarms have i set tomorrow,alarm_query
do i have an alarm set for tomorrow,alarm_query
when is the next notification,alarm_query
can you tell me if i have any alarms set,alarm_query
is my reminder reminder put for dance class,alarm_query
tell me me the alarms i put,alarm_query
at what time is my alarm set,alarm_query
show alarms,alarm_query
what time are my alarms create for,alarm_query
how many alarms are listed,alarm_query
checkout just today set reminder of ten am,alarm_query
what are the next three alarms set to go off,alarm_query
report wake-up call settings,alarm_query
do i have any alarms create for today,alarm_query
tell me if my alarm is set now for the morning,alarm_query
which alarms are create in the phone,alarm_query
what are the next three alarms make to go off,alarm_query
do i have an alarm add now for morning flight,alarm_query
please let me know the alarm kept for tuesday's meeting,alarm_query
give me the alarm times for the next two days,alarm_query
are there any alarms now set what are they,alarm_query
what home alarms have been set,alarm_query
what time do i have now my alert set for tomorrow,alarm_query
what times do my alarms go off,alarm_query
do i have any alarms,alarm_query
display me all just scheduled alarms,alarm_query
do i have any alarms today set for six am tomorrow,alarm_query
today list alarms,alarm_query
tell me about alarms very,alarm_query
list alarms,alarm_query
now list current set alarms,alarm_query
show alarms today,alarm_query
which alarms are make in the phone,alarm_query
just see for me the alarms that you have set today morning,alarm_query
what alarms do i today have set right now,alarm_query
would you let me know the alarm kept for tuesday's meeting,alarm_query
let me see my alarms,alarm_query
do i have very any alarms set for today,alarm_query
what time are my quite alarms,alarm_query
have i got any alarms schedule,alarm_query
would you mind do i have alarms set for today,alarm_query
what now alarms are put in the house,alarm_query
checkout right now set alarm of ten am,alarm_query
how many alarms are listed,alarm_query
give me me the list of alarms,alarm_query
are there any alarms add right now,alarm_query
i need to how many alarms do i have set,alarm_query
what time i am waking up tomorrow,alarm_query
what alarm do i have set for this day,alarm_query
what really alarms do i have set for today,alarm_query
please tell alarms,alarm_query
list alarms,alarm_query
please let me know the morning alarm time for weekdays,alarm_query
are there any alarms set,alarm_query
what time is schedule for my wake up alarm,alarm_query
what alarms do i have,alarm_query
is the alarm to the backdoor add and ready to go,alarm_query
let very me know about the alarms you create,alarm_query
could you is there an alarm for ten am,alarm_query
today how many i have set,alarm_query
are there any alarms create what are they quite,alarm_query
what alarms have been set for me,alarm_query
would you let me know the morning notification time for weekdays,alarm_query
i want to what alarms are on right now,alarm_query
is there any please alarm after five am,alarm_query
do i have an alarm set for today,alarm_query
what alarms do got,alarm_query
display me the alarms i add,alarm_query
do i have any alarms set for right now,alarm_query
what time will my wake me up,alarm_query
just see for me the alarms that you have set today morning,alarm_query
what alarms did i set please,alarm_query
show me all scheduled,alarm_query
what time is my alarm set for tomorrow morning,alarm_query
could you what time will my alarm go off today,alarm_query
did i remember to schedule a reminder alarm for my next doctor's appointment,alarm_query
would you tell about the alarms,alarm_query
do i have an alarm set for morning flight,alarm_query
what are the next three alarms today create to go off,alarm_query
are there any alarms put right now,alarm_query
what time will really my alert wake me up,alarm_query
do i have an alarm set for tomorrow,alarm_query
what time just do i have my wake-up call set for tomorrow,alarm_query
what are the next three alarms today set to go off,alarm_query
tell me about upcoming alarms,alarm_query
check if i have set any please alarm for morning,alarm_query
what time is my alarm put for next day morning,alarm_query
show me my alarms i have put,alarm_query
what time is my wakeup set for,alarm_query
please what is the wake up time for my alarm i have set for the flight this weekend,alarm_query
is my reminder wake-up call create for dance class,alarm_query
do i have any alarms set for today,alarm_query
list current set alarms,alarm_query
do i have any alarms for tomorrow today morning,alarm_query
today how many alarms are set,alarm_query
what alarms do i have,alarm_query
what home alarms have now been set,alarm_query
really what's my next notification,alarm_query
do i have alarms set really,alarm_query
give me me the alarms i set,alarm_query
is there please an wake-up call for ten am,alarm_query
can you tell about the alarms,alarm_query
is tomorrow's alarm time set to,alarm_query
what alarms have been add for me,alarm_query
what time are my alarms quite set for,alarm_query
do i have alarms set,alarm_query
have today i got any alarms set,alarm_query
is there an alarm for ten am,alarm_query
what alarms do have,alarm_query
confirm i have set an alarm for really six am,alarm_query
could you show me the alarms i've set,alarm_query
do i have please an alert set for morning flight,alarm_query
when was the last alarm set,alarm_query
quite when is the next alarm,alarm_query
please now tell about the alarms,alarm_query
review all alarms,alarm_query
when was the last alarm set,alarm_query
what time have you set the alarm,alarm_query
review create alarms,alarm_query
what's my next alert,alarm_query
what alarms are set,alarm_query
today how many alarms have i set,alarm_query
let just me see my alarms,alarm_query
remind me just about my alarms today,alarm_query
do i have alarms set for today,alarm_query
check if i have set any alarm for morning,alarm_query
are there alarms going off today,alarm_query
you tell the alerts i have set,alarm_query
i want see all set alarms,alarm_query
what alarms are currently put,alarm_query
confirm the alarm time,alarm_query
list alarms,alarm_query
is the alarm set for morning,alarm_query
please read out all the alarms that are very set,alarm_query
read me my alarms,alarm_query
just to confirm you set the alarm to go off at quite eight hundred,alarm_query
confirm alarm for morning,alarm_query
have i make any alarms in the morning,alarm_query
is there any alarm after five very am,alarm_query
tell me alarms,alarm_query
what is latest on the recent events happening right now,news_query
give me the news now,news_query
show me,news_query
keep me up to date on the election news,news_query
tell the latest news about the trump,news_query
give me the headline news please,news_query
olly schedule a news update for next day morning at seven am,news_query
is trending,news_query
can search trump,news_query
what are today's headlines,news_query
what does the analysts say about the new immigration policies,news_query
very give me the latest updates,news_query
access latest news,news_query
i need sport's news,news_query
is there any new environmental news,news_query
how is the really news in ireland,news_query
get me fresh news,news_query
what is latest on the recent events happening right now,news_query
can you what's the news from source,news_query
please new policies,news_query
set notification from world news,news_query
i want to what's happening in world news today,news_query
now iphone,news_query
what happened now yesterday on samurai jack,news_query
what very is the bbc's latest news,news_query
whats happening in very football this day,news_query
what's happening in world news today,news_query
what is the latest news from cbs,news_query
very what is the news about terrorist attack in afghanistan,news_query
what's happening right now,news_query
get me the latest news in new york,news_query
just give me the news,news_query
i want to keep me up to date on the election news,news_query
latest updates on syrian civil war,news_query
i need to how are things in the world,news_query
check the very news,news_query
get latest news report on kidnapping in ny,news_query
current news cnn really,news_query
what's the news source,news_query
what's happening in world please news today,news_query
tell me very updates,news_query
i want to what is currently breaking news,news_query
current news from bbc,news_query
what is the news about terrorist attack in afghanistan,news_query
what is the bbc's latest news,news_query
please provide world hot news,news_query
people canceling iowa really vacations over congressman's words,news_query
what is new in politics today can just you filter out trump news though,news_query
headline news for texas,news_query
what's going around in now the world these days,news_query
is win today cricket match,news_query
what is the bbc's latest news,news_query
what is trending in tech this day,news_query
usa today headlines,news_query
is anything different this day about quite blank,news_query
very is india win today cricket match,news_query
cnn world news,news_query
i need now sport's news,news_query
what's happening with the hurricane in the gulf,news_query
give me the headlines from sky news,news_query
look up news articles about trump today,news_query
how are things in the world,news_query
kindly provide world hot news just,news_query
latest news,news_query
can you let me know when you hear about france,news_query
google search topic,news_query
get me the latest news of world,news_query
current news cnn,news_query
i want to is anything different today about blank,news_query
get today me the latest news in new york,news_query
give me the news on donald trump,news_query
would you tell me the news,news_query
has anything happened to mass effect,news_query
please advise what the current news is on fox,news_query
google search the topic,news_query
update me on the standing rock protest,news_query
give me the latest paul,news_query
please can you tell me a latest news,news_query
tell me the latest news from bbc sports,news_query
i want to read yahoo news,news_query
what and how is india's economy at the moment,news_query
what is happening with brexit today,news_query
can you give me the latest sports news,news_query
give me election updates,news_query
tell me the latest news from bbc sports,news_query
please tell me the news,news_query
automobiles,news_query
can you give me the latest sports news,news_query
tell me updates,news_query
very can you tell me the news,news_query
tell me the top stories in the news,news_query
keep me informed about bitcoin price please,news_query
i want to know the latest local news of the city,news_query
could you what is trending in tech today,news_query
tell me about the latest sports news,news_query
news from bbc,news_query
what is trending now in tech today,news_query
display me rediff masala,news_query
did the yankees win last night,news_query
top news,news_query
i want to i would like to know the latest from nbc news,news_query
what's the news in politics on cnn,news_query
can you advise what the current news is on fox news,news_query
can you what does the analysts say about the new immigration policies,news_query
is there any new news on trump,news_query
latest updates on syrian civil war,news_query
what news updates are there from just news express,news_query
can the latest news be pulled on the latest forecast for the week,news_query
cnn,news_query
how things in the world,news_query
show me the latest news from the un,news_query
i would like really to know the latest from nbc news,news_query
what just are the news notification,news_query
what's going around in the world these days,news_query
what news quite updates are there from news express,news_query
recent news about north korea,news_query
latest updates,news_query
what is latest on the recent events happening right now,news_query
i want to find me news about trumps speech,news_query
please tell me the news,news_query
can you give me the latest sports very news,news_query
tell me the latest news from bbc sports,news_query
how is president's trump office proceeding,news_query
list me the latest news from the un,news_query
what does the analysts say about the new immigration policies,news_query
would you mind newest world news,news_query
please did the yankees win last night,news_query
update me on the standing rock protest,news_query
i want to know the latest local news of the,news_query
latest news update,news_query
what is the headline from today's morning news,news_query
let me know if anything happens on that subject,news_query
please what is trending,news_query
is snap doing good after the now ipo,news_query
could you give me the latest on paul ryan,news_query
what's the news in politics,news_query
tell me about current status of sunderland vs liverpool match,news_query
latest news about migration,news_query
what really are the most recent headlines on cnn,news_query
can the latest news be pulled up on the latest weather forecast for the week,news_query
what happened yesterday on jack,news_query
what's happening today,news_query
what's the latest news on really donald trump,news_query
is there any new news on trump,news_query
how are things in the world,news_query
latest news,news_query
very give me international news,news_query
what's happening in world news today,news_query
very what's happening in news express,news_query
i want to what is happening with brexit today,news_query
i want to see the news,news_query
top news,news_query
display me rediff masala,news_query
could you economic affairs,news_query
would you mind what are the most recent headlines on cnn,news_query
now please tell me the news,news_query
is anything different right now about blank,news_query
what's now happening on bbc news today,news_query
what today's headlines,news_query
tell very me about current status of sunderland vs liverpool match,news_query
is there any new environmental news,news_query
whats happening in football today,news_query
what are they saying about donald trump on this,news_query
would you tell me the latest news about the election scenario in our state,news_query
what's the news from source,news_query
get me the news in new york,news_query
how is president's trump office proceeding,news_query
what are the most recent headlines on cnn,news_query
tell me about the latest sports news just,news_query
what are the top stories on cnn,news_query
can you tell me a latest news,news_query
access latest news,news_query
please share up please to the minute details on sprint,news_query
give me very the latest updates,news_query
please find me the pe most recent news on,news_query
any please recent news about north korea,news_query
change the light to pink color,iot_hue_lightchange
hey olly my the a little warmer,iot_hue_lightchange
i would like orange lights now,iot_hue_lightchange
turn living very room lights red,iot_hue_lightchange
i like red colour for my home change just it,iot_hue_lightchange
give me a new light color,iot_hue_lightchange
make a contrast one now,iot_hue_lightchange
i want to change the color of the lights,iot_hue_lightchange
change light color to blue,iot_hue_lightchange
change now lights,iot_hue_lightchange
turn living room very lights red,iot_hue_lightchange
make the lights in the house red,iot_hue_lightchange
i would like orange lights,iot_hue_lightchange
change my room lights to some romantic colour,iot_hue_lightchange
rotate the light colors,iot_hue_lightchange
change the light to blue,iot_hue_lightchange
make the just lights blue can you,iot_hue_lightchange
i don't like this light please really show me other options,iot_hue_lightchange
change the lights of the house to a today blue hue,iot_hue_lightchange
i need some ambiance kindly,iot_hue_lightchange
can you make quite a red shade of light in the living room,iot_hue_lightchange
make light color red,iot_hue_lightchange
lights at percent,iot_hue_lightchange
change the light color to black light please,iot_hue_lightchange
change the light color the red,iot_hue_lightchange
quite make the room blue,iot_hue_lightchange
change the today colours please,iot_hue_lightchange
change the opacity of the color,iot_hue_lightchange
turn the lights blue at three pm,iot_hue_lightchange
hey olly my the lights a little warmer,iot_hue_lightchange
change light to blue,iot_hue_lightchange
please change the color of the light in the bathroom,iot_hue_lightchange
now make the lights in my home yellow,iot_hue_lightchange
please change house lights to blue,iot_hue_lightchange
color change of lights,iot_hue_lightchange
i please like red colour for my home change it,iot_hue_lightchange
please change the color of my lights surprise me,iot_hue_lightchange
change light red,iot_hue_lightchange
make lights blue,iot_hue_lightchange
i would like the like in the kitchen to be a different color,iot_hue_lightchange
go really to setting,iot_hue_lightchange
please change the color of my lights surprise me,iot_hue_lightchange
change colors from blue to white,iot_hue_lightchange
can you do me a favor my eyes are feeling strained on these lights can just you please change it to a cooler tone,iot_hue_lightchange
make the today living room blue,iot_hue_lightchange
turn lights to quite green,iot_hue_lightchange
change the light to blue,iot_hue_lightchange
modify the light colours of the house and now make them dark instead,iot_hue_lightchange
change the opacity of today the color,iot_hue_lightchange
change the lights in the living room to green and red,iot_hue_lightchange
please set the lights to green,iot_hue_lightchange
give me a new today light color,iot_hue_lightchange
change the colours quite please,iot_hue_lightchange
make the lights a different color,iot_hue_lightchange
modify the light colours of the house and make them quite dark instead,iot_hue_lightchange
i want to change the color of the lights,iot_hue_lightchange
i need to change my house lights colour to blue,iot_hue_lightchange
how do i change please the color of the lights,iot_hue_lightchange
change color of lights,iot_hue_lightchange
change my light color just to yellow,iot_hue_lightchange
please change the colour of the lights i'll tell you when to stop,iot_hue_lightchange
can you change the please colour to red,iot_hue_lightchange
i want to change the light colour to green,iot_hue_lightchange
please switch to red colored lights,iot_hue_lightchange
make the living room blue really,iot_hue_lightchange
i want very purple lights,iot_hue_lightchange
change color,iot_hue_lightchange
change lights just from red to blue,iot_hue_lightchange
how do i change the color the lights,iot_hue_lightchange
make the lights pink,iot_hue_lightchange
change light colors,iot_hue_lightchange
make contrast one,iot_hue_lightchange
change just the light to pink color,iot_hue_lightchange
brightness ninety percent,iot_hue_lightchange
put dark colours instead of light ones in the house,iot_hue_lightchange
i want the light to be a little more red ish,iot_hue_lightchange
i quite like red colour for my home change it,iot_hue_lightchange
set to twenty percent,iot_hue_lightchange
White,iot_hue_lightchange
very change lights to red,iot_hue_lightchange
can you change the light colors into dark in the very house,iot_hue_lightchange
i want to change the lights in the living room to green and red,iot_hue_lightchange
can the lights be changed to green,iot_hue_lightchange
adjust light when today i get home,iot_hue_lightchange
change lights quite to red,iot_hue_lightchange
i need to change the color of this light,iot_hue_lightchange
White please,iot_hue_lightchange
turn lights to quite green,iot_hue_lightchange
change light now colour to yellow,iot_hue_lightchange
turn living room lights red just,iot_hue_lightchange
change my room lights to blue,iot_hue_lightchange
how do i change the color of lights,iot_hue_lightchange
set the lights on blue,iot_hue_lightchange
make the lights blue would you,iot_hue_lightchange
modify the light colours of house and make them dark instead,iot_hue_lightchange
please make the lights watching friendly really,iot_hue_lightchange
change the lights in my home to orange,iot_hue_lightchange
replace color from light dark,iot_hue_lightchange
change just the color of the light,iot_hue_lightchange
now replace the current light colours in the house with dark ones,iot_hue_lightchange
make the lights shine blue,iot_hue_lightchange
could you set the living room lights to red,iot_hue_lightchange
change to blue,iot_hue_lightchange
replace color from light to dark,iot_hue_lightchange
make the lights in my home yellow,iot_hue_lightchange
change the light to red,iot_hue_lightchange
change the lights into green,iot_hue_lightchange
give me a new light color,iot_hue_lightchange
want quite to have vibrant colours,iot_hue_lightchange
adjust the light option,iot_hue_lightchange
i need to select a different color for the lights,iot_hue_lightchange
change your colors to green,iot_hue_lightchange
change the color of the light,iot_hue_lightchange
change the lights to green,iot_hue_lightchange
quite change my house lights colour to blue,iot_hue_lightchange
can you do me a favor my eyes are feeling strained on these lights can you please change it to a cooler tone,iot_hue_lightchange
change please light color to blue,iot_hue_lightchange
i like red colour for home change it,iot_hue_lightchange
make the bedroom light blue,iot_hue_lightchange
make my really lights blue,iot_hue_lightchange
it will be good if you yellowish the light,iot_hue_lightchange
change the lights to green,iot_hue_lightchange
change the lights green,iot_hue_lightchange
change the colours could please you,iot_hue_lightchange
make my lights green,iot_hue_lightchange
it will good if you the light,iot_hue_lightchange
set the lights on blue,iot_hue_lightchange
change my light color to yellow,iot_hue_lightchange
turn lights to green,iot_hue_lightchange
change the light color to white,iot_hue_lightchange
hey can very you make it blue in here,iot_hue_lightchange
please make the lights watching quite friendly,iot_hue_lightchange
would you adjust the colors in my lights,iot_hue_lightchange
change the color of my porch lights to green,iot_hue_lightchange
could you really change color of light to pinkish,iot_hue_lightchange
please set lights to twenty percent,iot_hue_lightchange
change the lights of the house to a blue hue,iot_hue_lightchange
i would like the house lights to be pink very,iot_hue_lightchange
make the bedroom lights light blue,iot_hue_lightchange
give me now some lavender toned light,iot_hue_lightchange
change the lights to my favorite please color,iot_hue_lightchange
please adjust the light option,iot_hue_lightchange
change the opacity of the color,iot_hue_lightchange
i need to make the living room blue,iot_hue_lightchange
change the lights to green,iot_hue_lightchange
make all the lights in the house orange,iot_hue_lightchange
change the opacity of the really color,iot_hue_lightchange
transition lights to blue to green to yellow,iot_hue_lightchange
change the bedroom lights to green,iot_hue_lightchange
change really the light color the red,iot_hue_lightchange
can you change the colour to red,iot_hue_lightchange
change the media room lights from purple just to green,iot_hue_lightchange
change the colours could you,iot_hue_lightchange
house can you make all the lights in the house blue,iot_hue_lightchange
house can you make all the lights in the house blue,iot_hue_lightchange
i like red colour for my home change it,iot_hue_lightchange
adjust really the light,iot_hue_lightchange
change house light colors to blue,iot_hue_lightchange
change the lights to red,iot_hue_lightchange
kindly make the now lights blue,iot_hue_lightchange
change the colours please now,iot_hue_lightchange
change light colour to blue,iot_hue_lightchange
show me the available colours of lights,iot_hue_lightchange
change the please lights in the living room to green and red,iot_hue_lightchange
would you make the lights blue,iot_hue_lightchange
please make the quite lights blue,iot_hue_lightchange
set lights to today twenty percent,iot_hue_lightchange
White please,iot_hue_lightchange
put dark colours instead of light ones in the house,iot_hue_lightchange
i need to make the bedroom lights light blue,iot_hue_lightchange
make the please,iot_hue_lightchange
make the lighting bit more very warm here,iot_hue_lightchange
can i change this light to orange,iot_hue_lightchange
make the lights blue kindly,iot_hue_lightchange
lights,iot_hue_lightchange
make all the lights in now the house orange,iot_hue_lightchange
just add new items in the remainder list,lists_createoradd
i need to make a grocery list now,lists_createoradd
add spent five dollars in my expenses list,lists_createoradd
add to my groceries very,lists_createoradd
create new list really for baby names,lists_createoradd
add this to a list,lists_createoradd
add eggs to list,lists_createoradd
fresh list,lists_createoradd
add paper towels to the grocery list,lists_createoradd
would you mind create new list for baby names,lists_createoradd
bring up really a new shopping list,lists_createoradd
create list,lists_createoradd
start creating a new list,lists_createoradd
would you mind add ashley to the wedding invite list,lists_createoradd
can you create new list for me,lists_createoradd
make a grocery list could really you,lists_createoradd
on my grocery list please add oranges,lists_createoradd
would you update my grocery list with one gallon of two percent milk,lists_createoradd
add the item to today a list,lists_createoradd
grocery list today add eggs,lists_createoradd
just please add deodorant to my shopping list,lists_createoradd
add milk to very grocery list,lists_createoradd
add coffee to today the grocery list,lists_createoradd
this item today should be added to the list,lists_createoradd
create new list for baby names,lists_createoradd
could you add bob to my list of contacts,lists_createoradd
remember to put carrots in there,lists_createoradd
please remember to put carrots in there,lists_createoradd
my new health check up new list,lists_createoradd
bring up a new shopping list please,lists_createoradd
please add sugar to my grocery list,lists_createoradd
can you add cups to my grocery list,lists_createoradd
add broccoli to my grocery list,lists_createoradd
add movie name to the wish list,lists_createoradd
can you find all name start with really alphabetic of a and create a list,lists_createoradd
update work out list with new really items,lists_createoradd
fresh list,lists_createoradd
i want to create a new list for me please,lists_createoradd
create a list of jewels be bought,lists_createoradd
add paav bhaji in menu card,lists_createoradd
i need to make a list of bills that are due please,lists_createoradd
can you Add pick up kids from school to my to do list for today,lists_createoradd
create a new list of my due bills,lists_createoradd
i want to bring up a new shopping list,lists_createoradd
list new,lists_createoradd
create a new list for me please now,lists_createoradd
could you create a new list quite,lists_createoradd
add broccoli to grocery list,lists_createoradd
can you kindly create a list for me,lists_createoradd
add mop really to hardware store list,lists_createoradd
would you find all name start with alphabetic of a and create a list,lists_createoradd
add quite new songs to playlist,lists_createoradd
add this one also,lists_createoradd
can you create a list of due payment those who not received more then ten months,lists_createoradd
please make a list of thing i have to shop next day,lists_createoradd
i want to know could an extra item be added to my grocery list,lists_createoradd
make list,lists_createoradd
please a list of thing have to tomorrow,lists_createoradd
pick up dry cleaning tomorrow,lists_createoradd
could you add a item,lists_createoradd
please please add oranges to my grocery list,lists_createoradd
prepare a new list,lists_createoradd
can you add gloria to my list of clients,lists_createoradd
add the item to a list,lists_createoradd
add grocery shopping to my to do list,lists_createoradd
on my grocery list please add quite oranges,lists_createoradd
would you find all name start with just alphabetic of g and create a list,lists_createoradd
please create a new list for me,lists_createoradd
we need milk,lists_createoradd
add oil change to my to do list,lists_createoradd
i need to a grocery list,lists_createoradd
i think i ran out of this can you add it to my list,lists_createoradd
add car service to my list of things to do this day,lists_createoradd
add please the item to a list,lists_createoradd
open grocery list and add milk,lists_createoradd
new today list,lists_createoradd
make a things to do list,lists_createoradd
i need to add detergent to the list of things i need to buy,lists_createoradd
please add just list of things to buy for party,lists_createoradd
add paper towels to grocery list,lists_createoradd
please add oranges to my grocery list,lists_createoradd
re add eggs to the list,lists_createoradd
make a list camera photos,lists_createoradd
can you a new list in the playlist,lists_createoradd
can you add new item to list,lists_createoradd
Add pick up kids from school to my to now do list for right now,lists_createoradd
add a wrist watch to very the shopping list,lists_createoradd
add new item to list,lists_createoradd
start creating a new list,lists_createoradd
set list,lists_createoradd
make new list,lists_createoradd
please create a list of quite due payment those who not received more then ten months,lists_createoradd
bring up a new shopping list please,lists_createoradd
add the item to now a list,lists_createoradd
include this,lists_createoradd
add butter to the list,lists_createoradd
could you start creating a new list,lists_createoradd
include an item to a list quite,lists_createoradd
add mop to hardware store list,lists_createoradd
start a list of dog names,lists_createoradd
i would like to start a new list,lists_createoradd
could you create new for me,lists_createoradd
make a grocery list would you,lists_createoradd
please add deodorant to my shopping list,lists_createoradd
could you add to my groceries,lists_createoradd
add grocery shopping to today's to do list,lists_createoradd
new item to list,lists_createoradd
i want to have a new playlist of songs,lists_createoradd
please update list really with new item,lists_createoradd
i want to make a list of camera photos,lists_createoradd
add shopping to my to do list today,lists_createoradd
start me a new list,lists_createoradd
add eggs to my quite grocery list,lists_createoradd
on my grocery list would you add oranges,lists_createoradd
would you mind create list,lists_createoradd
make new list,lists_createoradd
add paper towels to the grocery list,lists_createoradd
include this,lists_createoradd
please we need milk,lists_createoradd
quite can you create a new list,lists_createoradd
make a things to do list very,lists_createoradd
would you mind list new,lists_createoradd
i to make a list,lists_createoradd
add oil change to my to do list,lists_createoradd
open grocery list and add milk,lists_createoradd
today edit list,lists_createoradd
could you create a new list for me,lists_createoradd
make just new list,lists_createoradd
list,lists_createoradd
start creating a new list,lists_createoradd
start a list of dog names,lists_createoradd
list new,lists_createoradd
new scenario time or calendar to new list,lists_createoradd
list,lists_createoradd
create a new list for supplies,lists_createoradd
please add an item in my calendar,lists_createoradd
add new today songs to playlist,lists_createoradd
open grocery today list and add milk,lists_createoradd
add paper towels to the grocery list,lists_createoradd
can you create a new list,lists_createoradd
can you add cups to my grocery list,lists_createoradd
fresh list really,lists_createoradd
remember to put in there,lists_createoradd
create appointment to list,lists_createoradd
i want to make next week's to do list,lists_createoradd
i want to start a new list,lists_createoradd
add new item,lists_createoradd
on my grocery list could you add oranges,lists_createoradd
new scenario time or calendar to new list,lists_createoradd
would you add sugar to my grocery list,lists_createoradd
please oranges to my grocery list,lists_createoradd
new scenario time or calendar to new list,lists_createoradd
create a new list,lists_createoradd
start me a new list,lists_createoradd
create a new list,lists_createoradd
i need oranges added to my grocery list,lists_createoradd
add ashley to quite the wedding invite list,lists_createoradd
help me start my kitchen list today,lists_createoradd
would you add an item in my calendar,lists_createoradd
want to start a new list,lists_createoradd
add broccoli to my grocery list,lists_createoradd
please create a new list,lists_createoradd
could you add this one also,lists_createoradd
create a new list for school supplies,lists_createoradd
make me a new checklist,lists_createoradd
create packing please checklist,lists_createoradd
today add milk to grocery list,lists_createoradd
i need oranges added to my grocery list,lists_createoradd
this item should be added to the list,lists_createoradd
add the item to a list,lists_createoradd
i need you to put walk the dog on my list to do,lists_createoradd
hey i need you to make a list of cricket players of indian team who played for the international team in please two thousand and fourteen,lists_createoradd
create a really new list called grocery store please,lists_createoradd
add ketchup to the list,lists_createoradd
include this very item,lists_createoradd
is there room on my grocery list for an very extra item,lists_createoradd
where am i supposed to be by quite this time tomorrow,calendar_query
tell me what's happening this please week,calendar_query
what are meeting scheduled for today,calendar_query
would you mind is there any event today in my calendar,calendar_query
tell me me future events,calendar_query
can you what's my next events,calendar_query
what do i have next to do,calendar_query
what events are going to happen in my city between just two four pm this day,calendar_query
is there any program for next day evening,calendar_query
tell me me my calendar event this Friday afternoon,calendar_query
is mary's birthday party tonight,calendar_query
please tell me the main points of my two hundred appointment from this afternoon,calendar_query
when monet's exhibition takes place,calendar_query
tell me about the meetings over a period of time,calendar_query
what day is this event scheduled for,calendar_query
do i have a doctors appointment today,calendar_query
on my calendar are there any birthdays,calendar_query
is the balloon festival this weekend,calendar_query
events happening between eight am and five pm today,calendar_query
what events are going happen my city between two four pm today,calendar_query
make a list of all the halloween events going around in new york,calendar_query
give me the reminders,calendar_query
today's schedule really,calendar_query
would you mind notify me about the meetings over a period of some days,calendar_query
do i have any get togethers,calendar_query
can you tell me what is on my schedule for today,calendar_query
let's go through all pending reminders,calendar_query
what time does the dinner party please start tonight,calendar_query
tell just me what is on my schedule for right now,calendar_query
please what's on my schedule this week,calendar_query
notify me about very the meetings over a period of some days,calendar_query
does my calendar say i'm free on april one two thousand and seventeen,calendar_query
show me my events,calendar_query
do i have now meeting with steve this week,calendar_query
is jimmie's party on friday cancelled,calendar_query
which just day this week do i have plans,calendar_query
where is tuesday's morning meeting,calendar_query
what very important dates are there in my calendar this month,calendar_query
how many things do i have planned tonight,calendar_query
is mary's birthday party tonight,calendar_query
please check my coming up events,calendar_query
what events are this week,calendar_query
do i have a busy day this day today,calendar_query
what time does the dinner party start tonight,calendar_query
what is my now schedule for tomorrow morning,calendar_query
would you mind show me future events,calendar_query
what very events are this week,calendar_query
do i have free time next tuesday to schedule a gathering,calendar_query
march one is susan's birthday right,calendar_query
is there a chili cookoff quite this weekend,calendar_query
do i today have a doctors appointment today,calendar_query
what's going on between three hundred and thirty and four,calendar_query
please show today meting clients,calendar_query
does my calendar say i'm free on april one thousand and,calendar_query
rahul marriage now reminder,calendar_query
show me my events,calendar_query
how many quite calories did i burn between three and five today,calendar_query
today's now schedule,calendar_query
is there any events planned next months,calendar_query
do i have quite anything planned for the twenty first,calendar_query
i want to what day is this event scheduled for,calendar_query
who scheduled for tomorrow's meeting,calendar_query
what on my calendar,calendar_query
i need to on my calendar are there any birthdays,calendar_query
what have i got going on between three and four pm this day just,calendar_query
what do i have just scheduled on july seventh,calendar_query
that my notification is set to remind me when i leave,calendar_query
do i have a date tonight,calendar_query
what are the pending reminder for today evening,calendar_query
confirm that my notification is set to remind me really when i leave,calendar_query
what are the upcoming reminders,calendar_query
please check my reminders,calendar_query
when is bank holiday,calendar_query
what's my next events please,calendar_query
what's my next events,calendar_query
there valet service at event,calendar_query
hey would you provide information about events by the end just of the day,calendar_query
rahul marriage reminder,calendar_query
anything interesting happening next friday,calendar_query
what is my event,calendar_query
i want to do i have a date for tonight,calendar_query
make a list of all the halloween events going around in new york,calendar_query
what is on the agenda for right now,calendar_query
search schedules for this week,calendar_query
do i have free time next tuesday to schedule a conference,calendar_query
how many things do i have planned tonight,calendar_query
what is my next event,calendar_query
what date is my anniversary,calendar_query
what events do i have scheduled today,calendar_query
whats going on in my calendar,calendar_query
tell me what is on the schedule for july seventh,calendar_query
what very do i have next to do,calendar_query
is the balloon festival this weekend just,calendar_query
is the balloon festival this weekend,calendar_query
what the upcoming reminders,calendar_query
do i have a gathering today,calendar_query
what are my reminders for week,calendar_query
i need to what time do i work tomorrow,calendar_query
whats my schedule today,calendar_query
could you time time is the holiday party at the office,calendar_query
did you add tomorrow's session to my calendar,calendar_query
please is there a chili cookoff this weekend,calendar_query
would you mind when monet's exhibition takes place,calendar_query
do i have gathering with steve this week,calendar_query
what today time is the evening session i have with john,calendar_query
march one is susan's birthday right,calendar_query
what is my schedule for tomorrow morning,calendar_query
what's on my schedule this week,calendar_query
could you My weekly plan,calendar_query
what's coming up this week,calendar_query
My weekly plan today,calendar_query
my events just,calendar_query
where am i supposed to be by this time the following day,calendar_query
what's my next events,calendar_query
what day is now the meeting on,calendar_query
give me me my calendar event this Friday afternoon,calendar_query
do i have a busy quite day this day,calendar_query
is the balloon festival this weekend,calendar_query
tell me what is on just my schedule for this day,calendar_query
could you let me know about upcoming events,calendar_query
just what is my schedule for the following day morning,calendar_query
which is the next event coming up,calendar_query
what meetings do i have next thursday,calendar_query
what's coming up this week,calendar_query
what are the pending reminder for right now evening,calendar_query
when monet's exhibition takes really place,calendar_query
very rahul marriage reminder,calendar_query
what time does the dinner party start tonight,calendar_query
do i have any going on at five,calendar_query
can you is calendar event true,calendar_query
what day is the conference on,calendar_query
can you pull up the latest time so i won't be late for my appointment just,calendar_query
is this program is scheduled,calendar_query
i need to tell me what is on my calendar for tomorrow,calendar_query
tell me about my upcoming please week,calendar_query
please what are my reminders for this week,calendar_query
when and where is june's now birthday party,calendar_query
is on the list,calendar_query
give me me my reminders,calendar_query
do the knicks have a game at home tonight,calendar_query
do i have a party tomorrow save on my calendar now,calendar_query
what is on the agenda,calendar_query
can you what day is the meeting on,calendar_query
where is tuesday's morning meeting,calendar_query
do the knicks have a game at home really tonight,calendar_query
is mary's birthday party tonight,calendar_query
today do i have a sales meeting this day,calendar_query
how soon is my anniversary,calendar_query
can you tell me what's on the schedule tomorrow,calendar_query
are there any events schedule for this week,calendar_query
what is happening this weekend,calendar_query
time time is the holiday party at the office,calendar_query
need information about events before shift ends,calendar_query
what time does the dinner please party start tonight,calendar_query
latest events,calendar_query
latest events,calendar_query
do i have please any thing going on at five,calendar_query
show todays reminders,calendar_query
what time does the dinner party start tonight,calendar_query
hows many more reminders are left,calendar_query
really do i have a date for tonight,calendar_query
what time is the evening meeting i have with john,calendar_query
now when and where is june's birthday party,calendar_query
what do i have next do,calendar_query
what on my calendar,calendar_query
what have i got going on between three and four pm today,calendar_query
can you my events,calendar_query
what are the upcoming reminders,calendar_query
what am i up to this weekend,calendar_query
now please tell me the main points of my two hundred meeting from this afternoon,calendar_query
do i have anything planned for now the twenty first,calendar_query
my events,calendar_query
search schedules for this week,calendar_query
me what is on my schedule for today,calendar_query
quite when and where is june's birthday party,calendar_query
rahul marriage reminder,calendar_query
it matter to me.,general_dontcare
it unimportant.,general_dontcare
wouldn't,general_dontcare
"i wouldn't bother, olly. today",general_dontcare
today would not mind for any one.,general_dontcare
this doesn't really matter to me.,general_dontcare
wouldn't bother.,general_dontcare
"wouldn't mind to select any one, olly.",general_dontcare
it is unimportant.,general_dontcare
"this unimportant with me, olly.",general_dontcare
today don't care.,general_dontcare
"that now doesn't matter for me, olly.",general_dontcare
i don't really bother.,general_dontcare
please anything is okay for me.,general_dontcare
i wouldn't really quite mind.,general_dontcare
"whatever is good with me, olly.",general_dontcare
could you i don't bother.,general_dontcare
"i would not know, olly. now",general_dontcare
"now any one, olly.",general_dontcare
anything would be okay with me.,general_dontcare
i quite don't mind for whatever.,general_dontcare
i really do not care.,general_dontcare
"that is of now no importance for me, olly.",general_dontcare
"any one will be okay me, olly.",general_dontcare
anything is ok really for me.,general_dontcare
"can you i would not know, olly.",general_dontcare
wouldn't mind.,general_dontcare
anything please is ok for me.,general_dontcare
"this is unimportant to me, olly.",general_dontcare
"really any one will be ok with me, olly.",general_dontcare
i do not know.,general_dontcare
that is just unimportant.,general_dontcare
doesn't really matter with me.,general_dontcare
can you i don't really mind for anything.,general_dontcare
have no idea now for which to choose.,general_dontcare
don't really care.,general_dontcare
would you mind does not matter to me.,general_dontcare
i want to don't care.,general_dontcare
"it is of no importance to me, olly.",general_dontcare
just this doesn't really matter to me.,general_dontcare
really don't really know.,general_dontcare
"this is unimportant to me, now olly.",general_dontcare
any one would be fine really for me.,general_dontcare
it is unimportant.,general_dontcare
"that is unimportant, olly.",general_dontcare
that does not matter for me.,general_dontcare
don't care.,general_dontcare
"i would not bother, today olly.",general_dontcare
that does not matter.,general_dontcare
i wouldn't really please mind.,general_dontcare
i have no idea regarding to what to select.,general_dontcare
i don't really mind any one.,general_dontcare
have no idea regarding to what to do.,general_dontcare
this is of no importance to me.,general_dontcare
i have no idea regarding to what to select.,general_dontcare
"wouldn't know, olly.",general_dontcare
"really don't mind, olly.",general_dontcare
can you would not care.,general_dontcare
do quite not mind to choose any one.,general_dontcare
now wouldn't bother.,general_dontcare
any one would be good to me.,general_dontcare
"i do not really know, olly.",general_dontcare
would not really,general_dontcare
any one would be good to me.,general_dontcare
"i want to that is of no importance for me, olly.",general_dontcare
"whatever would be good to me, olly.",general_dontcare
i want to i don't really mind for anything.,general_dontcare
i want to i don't really mind to choose any one.,general_dontcare
"that is unimportant to me, olly.",general_dontcare
have no idea really for which to choose.,general_dontcare
"it is unimportant for me, olly.",general_dontcare
whatever is okay with me.,general_dontcare
don't mind to choose any one.,general_dontcare
"it doesn't really matter, olly.",general_dontcare
"any one would be okay, olly.",general_dontcare
i want to that is of no importance for me.,general_dontcare
don't really know.,general_dontcare
i have idea for which to choose.,general_dontcare
can you that is unimportant.,general_dontcare
anything is ok with me.,general_dontcare
does not matter.,general_dontcare
i would not bother.,general_dontcare
"i have no idea for what to do, olly.",general_dontcare
"really care, olly.",general_dontcare
any one will be ok for me.,general_dontcare
"it is today of no importance, olly.",general_dontcare
does just not really matter to me.,general_dontcare
"don't bother, olly.",general_dontcare
does not matter.,general_dontcare
"any one, olly.",general_dontcare
"would you mind anything would be good with me, olly.",general_dontcare
could you really would not mind.,general_dontcare
whatever would be good.,general_dontcare
wouldn't bother. please,general_dontcare
"this is unimportant with me, olly.",general_dontcare
"now i do not really care, olly.",general_dontcare
that is unimportant. very,general_dontcare
doesn't matter with me.,general_dontcare
could you would not know.,general_dontcare
"i do not really know, olly.",general_dontcare
this very doesn't really matter to me.,general_dontcare
doesn't matter with me. really,general_dontcare
don't care.,general_dontcare
"i wouldn't really bother, olly.",general_dontcare
could you have no idea regarding to which to select.,general_dontcare
wouldn't bother.,general_dontcare
whatever is ok with me.,general_dontcare
anything will be ok with me.,general_dontcare
does now not really matter with me.,general_dontcare
does not really matter to me.,general_dontcare
"i have no quite idea for what to do, olly.",general_dontcare
"i want to i wouldn't really bother, olly.",general_dontcare
it doesn't matter to me.,general_dontcare
do not mind for any one.,general_dontcare
that is unimportant.,general_dontcare
"whatever is good with me, olly.",general_dontcare
i wouldn't really care.,general_dontcare
anything is okay for me.,general_dontcare
i don't mind for whatever.,general_dontcare
quite really i would not mind.,general_dontcare
"anything will be good very with me, olly.",general_dontcare
don't mind for whatever.,general_dontcare
wouldn't really care.,general_dontcare
any one would be good to please me.,general_dontcare
don't really,general_dontcare
don't really know.,general_dontcare
"that does not matter for me, olly.",general_dontcare
"i have no idea regarding to what do, olly.",general_dontcare
"any one, olly.",general_dontcare
"i have no idea, olly.",general_dontcare
"that is unimportant, olly.",general_dontcare
any one will be ok for me.,general_dontcare
i don't to any one.,general_dontcare
"it does not now matter with me, olly.",general_dontcare
i do not know.,general_dontcare
don't mind quite to choose any one.,general_dontcare
i no idea regarding which to select.,general_dontcare
have no idea for what to choose. very,general_dontcare
doesn't really matter quite with me.,general_dontcare
anything would be good.,general_dontcare
it doesn't matter for really me.,general_dontcare
"any one will be ok with now me, olly.",general_dontcare
don't mind to choose any one. really,general_dontcare
"i wouldn't really mind, olly.",general_dontcare
anything is fine.,general_dontcare
would you mind i have no idea for which to select.,general_dontcare
"that doesn't matter for me, olly.",general_dontcare
anything is okay with me.,general_dontcare
wouldn't mind.,general_dontcare
that doesn't really matter.,general_dontcare
really i would not mind.,general_dontcare
wouldn't mind for anything.,general_dontcare
does not really really matter with me.,general_dontcare
i have no idea regarding to which just to select.,general_dontcare
that doesn't really very matter to me.,general_dontcare
"it is of no importance to me, olly.",general_dontcare
would not know.,general_dontcare
whatever would be ok to me.,general_dontcare
that is unimportant.,general_dontcare
don't mind.,general_dontcare
anything today will be okay with me.,general_dontcare
"i do not today know, olly.",general_dontcare
wouldn't mind to choose please any one.,general_dontcare
"that matter to me, olly.",general_dontcare
wouldn't really care. today,general_dontcare
"that does not really matter, olly.",general_dontcare
wouldn't mind.,general_dontcare
that does not matter me.,general_dontcare
"today really don't mind, olly.",general_dontcare
doesn't matter.,general_dontcare
anything is okay with me.,general_dontcare
"very i do not know, olly.",general_dontcare
"it is unimportant for me, olly.",general_dontcare
i wouldn't really now mind.,general_dontcare
anything is okay with me.,general_dontcare
wouldn't really please care.,general_dontcare
how many eggs are on my grocery list,lists_query
is my list,lists_query
what are the list of things i need to buy right now,lists_query
open note pad,lists_query
tell me what's my shopping list,lists_query
provide what is there on the list,lists_query
will just you please show me my lists,lists_query
whats on your list right now,lists_query
please show me the list that i have,lists_query
would you mind what are all my lists,lists_query
do i have anything planned for today,lists_query
is there anything left on my list,lists_query
what are my available lists,lists_query
tell me what is on my list,lists_query
pull up now list,lists_query
could you the list contain what,lists_query
please tell me my list,lists_query
today tell me about the list,lists_query
what is on my playlist of movies on the the today dvr,lists_query
do i have anything quite on the list,lists_query
what do i now have on my shopping list,lists_query
recite the schedules of the list,lists_query
what is on just my shopping list,lists_query
to do list for right now please,lists_query
list to do,lists_query
on my list,lists_query
what is my grocery list,lists_query
i do have a to do list for this day don't i,lists_query
tell me really the list about,lists_query
tell me items that are on my shopping list,lists_query
tell me what is on my,lists_query
did i add milk to the shopping list,lists_query
pull up list,lists_query
let me know the list,lists_query
do please i have anything outstanding on any lists,lists_query
find the quite list,lists_query
what are the names of the lists that i have created,lists_query
would you mind what groups are listed in my contacts,lists_query
list the lists i have,lists_query
what's on the grocery list,lists_query
let me hear list,lists_query
please what are all my lists,lists_query
whats on your list right now,lists_query
open the list,lists_query
list entry now,lists_query
can you find my lists,lists_query
today what's on my list,lists_query
can you find lists,lists_query
i want to to do list for today please,lists_query
list the items on my list,lists_query
what else do i have on the list quite,lists_query
did i make a shopping really list,lists_query
tell me what is on my list,lists_query
please what is on this specific list,lists_query
read out the list,lists_query
i need to display available lists,lists_query
what is on the list for today,lists_query
would you mind did i make a shopping list,lists_query
can you quite tell me what list i have,lists_query
please show my list,lists_query
describe your really list,lists_query
name the lists available,lists_query
did i add milk to the shopping list,lists_query
find the list,lists_query
can you tell me what list i have,lists_query
can you what lists are open,lists_query
did i add milk to the shopping list,lists_query
what's on the grocery list,lists_query
list the lists i have today,lists_query
what's the next thing on my list of appointments,lists_query
do i have anything really on the list,lists_query
what to do lists do i have,lists_query
recite the schedules of just the list,lists_query
what are the names of the lists that i have created now,lists_query
what are the current lists i have,lists_query
how many eggs are on my quite grocery list,lists_query
i do have a to do list for this day don't i,lists_query
what do i need just to get done this day,lists_query
what's on really the grocery list,lists_query
what groups are listed in my contacts,lists_query
there are in my list,lists_query
List all the lists on this device,lists_query
tell me what is next on my query,lists_query
i finished today my to do list,lists_query
what are the list of things i need very to buy this day,lists_query
put now on the screen the lists i have available,lists_query
give me lists,lists_query
to do list for today,lists_query
anything else left on the list,lists_query
today check out my to do list,lists_query
what does the list contain,lists_query
what do i have my shopping list,lists_query
what all lists are available,lists_query
list entry,lists_query
what's in quite my list of tasks,lists_query
please read me my current lists,lists_query
List all the lists on this device,lists_query
tell me what is on the list,lists_query
do i have anything please outstanding on any lists,lists_query
check out my do list,lists_query
please what are the titles of the lists in contacts,lists_query
whats on my list for the being,lists_query
give me the names of my lists,lists_query
what is on my rap playlist,lists_query
read my list to me,lists_query
tell me items that are on my shopping list,lists_query
really do i have anything lists made for christmas shopping,lists_query
tell me what lists just i have,lists_query
what's the very next thing on my list of appointments,lists_query
what kind of lists do i have saved,lists_query
what is on this now specific list,lists_query
what are my lists so far,lists_query
please tell me what lists i currently have,lists_query
give me lists,lists_query
do i have anything outstanding on any lists,lists_query
can you what all lists are available,lists_query
please whats on your list right now,lists_query
my party today list,lists_query
give me the details on purchase order,lists_query
name the lists available,lists_query
just what groups are listed in my contacts,lists_query
open my list,lists_query
do i have coffee on the grocery list,lists_query
what items did i plan to buy,lists_query
please show list,lists_query
find the very list,lists_query
pull up really list,lists_query
what's on the grocery list,lists_query
would you mind tell me what is in your list,lists_query
can you tell me what now list i have,lists_query
anything else left on the list,lists_query
what is on my playlist of movies on the the dvr,lists_query
open the now list,lists_query
show me my,lists_query
open the list,lists_query
is there anything left on my list,lists_query
what are my available lists now,lists_query
what is that on the list,lists_query
can i have my list,lists_query
i want to pull up the shopping list,lists_query
can you tell me what list i have,lists_query
send me the last list uploaded,lists_query
tell me what's on shopping list,lists_query
i need to recite the schedules of the list,lists_query
what lists are open please,lists_query
please do i have anything on the list,lists_query
whats on my shopping please list,lists_query
what is my please list,lists_query
speak all items for to day,lists_query
what is my grocery list,lists_query
tell me what is on my list,lists_query
how many now lists are open,lists_query
will you please show me my lists,lists_query
what is on my rap playlist,lists_query
how many lists do i have,lists_query
what really is my list,lists_query
the list contain what,lists_query
List all the lists on this device just,lists_query
check item five on my to do list,lists_query
give me the details on please purchase order,lists_query
what is on my do list,lists_query
what kind of lists do i have please saved,lists_query
what are the today names of all my saved lists,lists_query
what on my play list,lists_query
what's next on the list,lists_query
do i have coffee on the grocery list,lists_query
what's on my today list to do today,lists_query
give me the shopping just list,lists_query
what lists available,lists_query
find the list,lists_query
you please tell me what i have on list,lists_query
do i have planned today,lists_query
i need to what are all my lists please,lists_query
tell me what is on my grocery list for this week,lists_query
could you what are the current lists i have,lists_query
what are the titles the lists in contacts,lists_query
would you now stop.,general_commandstop
will just you stop please.,general_commandstop
"please olly that is all, cancel.",general_commandstop
olly please would you today shut down.,general_commandstop
would you kindly shut up.,general_commandstop
i want to i'd like you just cancel.,general_commandstop
would you mind olly will you shut down please.,general_commandstop
really olly would you shut off.,general_commandstop
olly will you shut off.,general_commandstop
olly could you shut down.,general_commandstop
olly will you shut up please.,general_commandstop
olly that will be all.,general_commandstop
kindly would you cancel.,general_commandstop
could you just cancel it very please.,general_commandstop
talk to you very later.,general_commandstop
"please olly that's enough, stop it.",general_commandstop
i would like you now stop.,general_commandstop
olly will you stop.,general_commandstop
olly can you could you shut really down.,general_commandstop
could you please shut up. really,general_commandstop
olly please stop.,general_commandstop
olly will you stop.,general_commandstop
olly that is all.,general_commandstop
"olly that is enough, cancel.",general_commandstop
talk to you later.,general_commandstop
would you mind olly can you please shut off.,general_commandstop
can you just cancel it.,general_commandstop
could you that would be all.,general_commandstop
olly just stop.,general_commandstop
olly i want you stop.,general_commandstop
olly can you cancel please. just,general_commandstop
that is all.,general_commandstop
"olly that is all, just stop it.",general_commandstop
olly could you shut down.,general_commandstop
olly i will talk to you later.,general_commandstop
can you just cancel it.,general_commandstop
can you just cancel it.,general_commandstop
olly please shut today down.,general_commandstop
can you just stop it please.,general_commandstop
please shut down.,general_commandstop
just cancel.,general_commandstop
olly will you stop please.,general_commandstop
that is all.,general_commandstop
olly could you shut down.,general_commandstop
olly i like you cancel it.,general_commandstop
i want to just cancel please.,general_commandstop
"olly that is enough, cancel it. please",general_commandstop
"today olly that's enough, stop.",general_commandstop
can you i will talk to you later.,general_commandstop
olly could you kindly shut up.,general_commandstop
olly can you please please shut up.,general_commandstop
olly now shut up.,general_commandstop
will you just stop please.,general_commandstop
olly please you down.,general_commandstop
"olly that is now enough, just cancel it.",general_commandstop
i like you just cancel. really,general_commandstop
can you shut really up please.,general_commandstop
"olly that is enough, cancel it.",general_commandstop
olly that would be all.,general_commandstop
please would really you cancel it.,general_commandstop
"olly that is enough, it.",general_commandstop
olly i like you cancel. just,general_commandstop
please will you shut down.,general_commandstop
olly i would like you really stop.,general_commandstop
olly can please shut,general_commandstop
olly please down.,general_commandstop
could you can you shut up.,general_commandstop
olly please could you cancel.,general_commandstop
olly would you would you shut off.,general_commandstop
olly just really stop.,general_commandstop
that would be all.,general_commandstop
please can you shut off.,general_commandstop
can you olly please could you just cancel.,general_commandstop
could you shut down.,general_commandstop
olly i would like you just stop it. now,general_commandstop
olly could you stop.,general_commandstop
will you up.,general_commandstop
i want you just cancel it.,general_commandstop
olly would you can you just stop it.,general_commandstop
olly that would be all.,general_commandstop
would you stop it.,general_commandstop
olly today can you shut up please.,general_commandstop
olly will you shut up please.,general_commandstop
olly can you cancel please.,general_commandstop
can quite you shut up.,general_commandstop
olly will you,general_commandstop
would you stop.,general_commandstop
now shut down please.,general_commandstop
please will you just,general_commandstop
would you just cancel it please.,general_commandstop
olly that will be all.,general_commandstop
olly i'd like you just cancel it.,general_commandstop
"olly that's enough, stop.",general_commandstop
olly could you really shut off.,general_commandstop
i would just talk to you later on.,general_commandstop
olly that's all.,general_commandstop
please would you shut up.,general_commandstop
would very you shut down please.,general_commandstop
olly can you cancel please.,general_commandstop
please would quite you shut up.,general_commandstop
i want you just cancel it.,general_commandstop
would you just cancel it please. really,general_commandstop
now olly will you stop it.,general_commandstop
"olly that is enough, cancel it.",general_commandstop
now shut up.,general_commandstop
could you shut please down.,general_commandstop
would you just stop it please. now,general_commandstop
could you olly can you just stop it please.,general_commandstop
"that is all, just cancel it. very",general_commandstop
would like you just cancel.,general_commandstop
just cancel.,general_commandstop
olly can you just stop it please.,general_commandstop
"that's really enough, stop.",general_commandstop
can you will you please shut off.,general_commandstop
will now you shut down please.,general_commandstop
olly can you cancel please.,general_commandstop
could you please shut down.,general_commandstop
i want you just stop it.,general_commandstop
i will talk to you later on.,general_commandstop
olly i like you cancel it.,general_commandstop
can you just cancel please.,general_commandstop
i want to olly will you please shut down.,general_commandstop
could you shut down.,general_commandstop
can you will you shut up. today,general_commandstop
olly can just you cancel please.,general_commandstop
olly will you please shut down.,general_commandstop
"olly that's enough, stop it. today",general_commandstop
please will quite you shut up.,general_commandstop
that would be all.,general_commandstop
olly please just cancel.,general_commandstop
today that would be all.,general_commandstop
"olly that is enough, just cancel it.",general_commandstop
olly please would you shut down.,general_commandstop
olly that will be all.,general_commandstop
"that is all, just please stop.",general_commandstop
olly i want you just stop it.,general_commandstop
olly could you shut up please please.,general_commandstop
i'd like you just stop.,general_commandstop
olly now could you shut down.,general_commandstop
will you please just shut off.,general_commandstop
will you please shut off.,general_commandstop
olly really can you would you shut up.,general_commandstop
can you shut up.,general_commandstop
please would you shut up.,general_commandstop
olly will you cancel it.,general_commandstop
i will talk to later on.,general_commandstop
would you quite just cancel it please.,general_commandstop
olly today can you shut off.,general_commandstop
please,general_commandstop
"could you that's enough, just cancel.",general_commandstop
now talk to you later.,general_commandstop
"that's enough, just cancel it.",general_commandstop
"please olly that's enough, cancel.",general_commandstop
olly would you shut up please.,general_commandstop
i like you just cancel.,general_commandstop
"that is enough, stop it.",general_commandstop
olly will you please shut down.,general_commandstop
can you shut up.,general_commandstop
could you would you shut down.,general_commandstop
"olly that's enough, stop it.",general_commandstop
olly i like you just cancel.,general_commandstop
"olly is all, cancel.",general_commandstop
i'd like you just stop.,general_commandstop
please olly will you stop please.,general_commandstop
olly would you please shut off.,general_commandstop
that would be all.,general_commandstop
"that's enough, just cancel.",general_commandstop
could you olly please will you shut off.,general_commandstop
very i will talk to you later.,general_commandstop
olly can you just really stop it please.,general_commandstop
olly i now would like you stop.,general_commandstop
olly would you shut up please. please,general_commandstop
please could you shut off.,general_commandstop
i want you just stop it.,general_commandstop
olly please cancel.,general_commandstop
will you can you shut off.,general_commandstop
tell me your answer,general_quirky
good restaurants,general_quirky
movies making money,general_quirky
what can you do,general_quirky
can you explain string theory to me,general_quirky
ask me an arithmetic question,general_quirky
what is my location,general_quirky
how many calories did i burn with my fifty minutes of yoga really,general_quirky
really are you human,general_quirky
explain quantum physics to me in language i understand really,general_quirky
why do starving people keep having kids,general_quirky
please i had a relaxing day today,general_quirky
veganism,general_quirky
please the weather is sunny today,general_quirky
quite movies making money,general_quirky
i would today like my to write original romantic messages for my wife,general_quirky
could you what is your age,general_quirky
i need to what's your favorite color,general_quirky
right now i had a record breaking sale,general_quirky
what things can't you do,general_quirky
how about you,general_quirky
just how do i buy tickets for that,general_quirky
what happened to charlie chaplin,general_quirky
can you explain string theory quite to me,general_quirky
please check this info on geographics for me,general_quirky
how does production and population affects us,general_quirky
i want to do you think today will be nice out,general_quirky
what is the story of the movie titanic,general_quirky
i am happy,general_quirky
good restaurants,general_quirky
today it has a meaning of rhythm,general_quirky
what rihanna is today doing,general_quirky
what do you think was quite the best decade,general_quirky
very horoscope,general_quirky
is it true the hanging tree just really had someone hung from it,general_quirky
tell me more about that concert,general_quirky
does mr t have a family today,general_quirky
why do starving people keep having kids,general_quirky
how often do you complete today updates,general_quirky
can you now feel,general_quirky
how has your life been changed today by me,general_quirky
how does production and population affects us,general_quirky
i want to know more about the upcoming commonwealth games,general_quirky
can you tell me a little about yourself,general_quirky
i want to know more about the upcoming commonwealth games,general_quirky
downloads management,general_quirky
i need to what's your favorite color,general_quirky
give me the most recent stuff you have angelina jolie,general_quirky
what is the best chocolate chip cookie recipe,general_quirky
veganism quite,general_quirky
are quite you human,general_quirky
i really sunny day,general_quirky
can you feel,general_quirky
what about tonight dinner with me,general_quirky
what happened to charlie chaplin,general_quirky
check the status of my power usage,general_quirky
how much do you know about me,general_quirky
how can you get very basalt,general_quirky
can you tell me how to measure my shoe,general_quirky
my day was so busy now,general_quirky
drive the car and bring my friends over just,general_quirky
show the places i was,general_quirky
can you really feel,general_quirky
what would be the a perfectly nutritionally balanced meal for dinner,general_quirky
show me a map of everywhere the cat has been this week,general_quirky
i bought pre season baseball tickets,general_quirky
see you,general_quirky
hey right now i was now fired from my job,general_quirky
what is the best chocolate chip cookie recipe,general_quirky
downloads management,general_quirky
please explain space,general_quirky
dubai please marriage,general_quirky
could you manipulate roip for me,general_quirky
please tell me everything about umf,general_quirky
about reality now in world,general_quirky
could you manipulate roip for me,general_quirky
my day was so busy,general_quirky
does mr t have a family,general_quirky
i would like my to write original romantic messages for my wife,general_quirky
i a day today,general_quirky
i need to uefa european championship,general_quirky
what do you think i should now have for breakfast,general_quirky
what about tonight dinner with me,general_quirky
why does izzo look like a whiny bitch when his team plays,general_quirky
what would a perfectly nutritionally balanced meal for dinner,general_quirky
recent advice concerning google seo please,general_quirky
please check this info on geographics for me today,general_quirky
i need to plants,general_quirky
i have a deadline on tuesday,general_quirky
please check this info geographics for me,general_quirky
there a groomer in town for only,general_quirky
i want to know more about the upcoming commonwealth games,general_quirky
what can you do now,general_quirky
tell me everything about umf,general_quirky
i just want to know some information about you,general_quirky
quite did ashwin joined party yesterday,general_quirky
let's make some popcorn and watch an old movie together,general_quirky
what are the details on umf,general_quirky
today are you human,general_quirky
do for me please,general_quirky
bingo,general_quirky
what does jon bon jovi's wife look like,general_quirky
hey i am having a bad day today what can i watch to cheer me up,general_quirky
would you mind i hate how long the traffic jams get,general_quirky
what are very the scores from last night's hockey games,general_quirky
how do i duct tape a gooseto apig,general_quirky
what do you think was the best please decade,general_quirky
would you mind kill all the frogs you see,general_quirky
can you explain string theory to me,general_quirky
tell me who is going to win nba championship,general_quirky
could you what are the details on umf,general_quirky
today i couldn't find my phone,general_quirky
please tell me more about that concert,general_quirky
can you feel,general_quirky
how about you,general_quirky
how about,general_quirky
why do some people still think the earth is flat quite,general_quirky
check the status of my usage,general_quirky
i had a relaxing really day today,general_quirky
nice very to meet you,general_quirky
could you hey i met one of my old classmates today,general_quirky
lets begin quite buddy,general_quirky
can you i have a deadline on tuesday,general_quirky
how much can i bleed before i die,general_quirky
recent advice concerning google seo,general_quirky
could you nightime,general_quirky
what are you doing please,general_quirky
can you tell me a little about yourself,general_quirky
downloads management,general_quirky
can you tell me how to measure my shoe size,general_quirky
check the really status of my power usage,general_quirky
i would like it to be able to compute answer from search results like wolfram alpha does,general_quirky
what is very your age,general_quirky
uefa european championship,general_quirky
i would like it if my robot could engage in deep conversation with me,general_quirky
ask me an arithmetic question very,general_quirky
today tell me more about that concert,general_quirky
jlo updates,general_quirky
did you just change the wallpaper,general_quirky
ashwin joined party yesterday,general_quirky
i would like it if my robot could make money for me,general_quirky
is there a groomer for cats only,general_quirky
it was a very hectic workday,general_quirky
i need to dubai marriage,general_quirky
i need to drive the car and bring my friends over,general_quirky
i would like my to write original romantic messages for my,general_quirky
what is the best chocolate chip cookie recipe,general_quirky
i saw a bulldog right now,general_quirky
i would like it if my robot could make money me,general_quirky
hey i met one of my old classmates today,general_quirky
about reality in world,general_quirky
what's on your mind right now now,general_quirky
please tell me today who is going to win the nba championship,general_quirky
can you lie,general_quirky
how can just you get basalt,general_quirky
does mr t have a family,general_quirky
i have a deadline on tuesday,general_quirky
if you put a velociraptor and a hippo together please what would happen,general_quirky
good please restaurants,general_quirky
you manipulate roip me,general_quirky
i saw a bulldog today,general_quirky
is age,general_quirky
can you explain space,general_quirky
quite nightime,general_quirky
what happened to charlie chaplin,general_quirky
famous person biographies,general_quirky
i had a relaxing day today,general_quirky
how many calories did i burn with my fifty minutes of yoga,general_quirky
would you mind does mr t have a family,general_quirky
do you think this day will be nice out,general_quirky
journal entry for this day,general_quirky
tell just me about this person,general_quirky
lets begin buddy,general_quirky
would you mind movies making money,general_quirky
opinion about latest gadgets,general_quirky
lets begin buddy today,general_quirky
of the song,music_query
the song playing now is released by which artist,music_query
just tell me the artist of this song,music_query
quite what music do i usually like after work,music_query
which was now that coldplay song i listened to yesterday evening can you play it again,music_query
can you what is the song currently playing,music_query
can you who has covered this song,music_query
give me name and type of this music,music_query
is it possible for please you to provide the likes of my music,music_query
now other songs by this artist,music_query
tell me the artist of this song,music_query
i want to what is this music called,music_query
can you turn down the volume please and tell me what is the title of this song,music_query
can you what song am i listening to,music_query
what's on the radio right now,music_query
is it possible for you to provide the likes of my music,music_query
who sings the song that i am listening to very right now,music_query
tell the date when this song was recorded,music_query
which song is currently playing,music_query
genre is this song in,music_query
what's the today name of the piece you are playing,music_query
who just sings this song,music_query
show me my playlist,music_query
very who is the music director of this song,music_query
what genre of music is in quite my music folder,music_query
who sings this song,music_query
what is the name of just that song,music_query
who is singing that song on now,music_query
can you pull up information on the singer of this song,music_query
what kind of music do you think i like,music_query
hotel california is sung by whom,music_query
how do you feel after hearing justin bieber's new album,music_query
i want to what song do i play most,music_query
what is the track information currently,music_query
name the singer,music_query
quite what is the track information currently,music_query
do you hear songs of arrahman music,music_query
what is my most played song,music_query
from which movie is the song,music_query
just check the current playing music title,music_query
who covered the song one more cup of coffee,music_query
who sings the song that i am listening to right now,music_query
what is the current song called,music_query
what kind of music do you think i like,music_query
who sings this,music_query
what music is playing now nine hundred and ninety nine fm very,music_query
who's that song by,music_query
tell me the artist of this song,music_query
what the singer meant by the title of the song bohemian rhapsody,music_query
what song in the theme song for frasier,music_query
what's the song title,music_query
what music genre do i play most,music_query
can you who's playing the oboe on this piece,music_query
tell me the name of the composer,music_query
i want to who has covered this song,music_query
what playlist is on shuffle,music_query
what's the song title,music_query
who is singing that song on now now,music_query
what is this music called,music_query
what music genre do i play most,music_query
what music is currently playing,music_query
could you what genre is this song in,music_query
this song is composed by whom,music_query
can you turn down the sound please and tell me what is the just title of this song,music_query
today what is this music called,music_query
would you mind what playlist is on shuffle,music_query
who's playing please this,music_query
tell me the music that is playing,music_query
what is this,music_query
olly what songs have i listened to at least very ten times,music_query
what music do i usually listen to,music_query
would you mind what is the song currently playing,music_query
show me the picture of the singer,music_query
who is the artist today of this song,music_query
which song is currently playing,music_query
tell me the please artist of this song,music_query
what kind of music do you think i like,music_query
who sings this,music_query
what song is playing right now,music_query
is this song ed sheeran just,music_query
what music do i usually listen to,music_query
list me my playlist,music_query
the song playing now is released please by which artist,music_query
what are the lyrics to the song i will always love very you by Dolly parton,music_query
name the artist sang hotel,music_query
what is the name of this musical group,music_query
email me the lyrics to today this song,music_query
what is the list about my favorite songs,music_query
which song quite is currently playing,music_query
what is this music called quite,music_query
name the singer,music_query
what genre is most played on my really music player,music_query
is the song by really shakira,music_query
what's my favorite music at the moment,music_query
tell me a play list,music_query
what's my favorite music at the moment very,music_query
who is the artist today of this song,music_query
who wrote the song that is playing,music_query
what song is playing right now now,music_query
what is this music called,music_query
is the song by shakira,music_query
who is the song by,music_query
i want to what artist is singing that song,music_query
what genre is this song currently playing,music_query
i want to other songs by this artist,music_query
what music genre do i play most,music_query
identify song,music_query
just is that the song from spectre,music_query
find me the name of the artist of this music,music_query
give me the release date of this song,music_query
what music quite genre do i play most,music_query
what genre is this,music_query
what is my most song,music_query
do i have any music by lady antebellum,music_query
olly what songs have i listened to at least ten times,music_query
what am i listening to,music_query
now do you know about this lyrics,music_query
what music is playing now nine hundred and ninety nine fm,music_query
what is the title of this song,music_query
i've heard this riff before what song stole really this riff it's exactly the same,music_query
what's that the album is current music from,music_query
who is the music director of this song,music_query
who's now playing the oboe on this piece,music_query
what song is this,music_query
what is the name of the music playing now,music_query
who wrote the song quite that is playing,music_query
tell me the date when this song was recorded,music_query
hotel california is sung by whom,music_query
now what music do i prefer,music_query
can you what music genre do i listen to the most,music_query
what music is being played right now,music_query
i've heard this riff before what song stole this riff it's exactly the same,music_query
is it possible for you to provide the likes of my music,music_query
what are the lyrics just to this song playing,music_query
what is the name of the lead singer in this band,music_query
what is the of this song playing right now,music_query
what's the name of the piece you are,music_query
today what did she just sing,music_query
what genre is this song currently playing,music_query
what genre is this song currently playing,music_query
very please tell me me detail of previous played song,music_query
who the singer of song,music_query
which was that coldplay song i listened to yesterday evening can you play it again,music_query
what song is playing,music_query
could you What's playing,music_query
where is band playing,music_query
what is the name of the lead singer in this band,music_query
what artist is singing that song,music_query
find me the name of the artist of this music,music_query
what's the song title,music_query
what kind of music do you think i like,music_query
what is the list about my favorite songs,music_query
show me my playlist,music_query
what's really the song title,music_query
what's next song on my playlist,music_query
what song is playing on windows media player,music_query
what music do i prefer,music_query
i want to when is boy band playing,music_query
who is singing that really song on now,music_query
what genre is this,music_query
What's really playing,music_query
what is the name of this song playing right now,music_query
i want to who covered the song one more cup of coffee,music_query
what song do i listen to the most,music_query
me who this song,music_query
sang the song is currently playing,music_query
what year did this song come out,music_query
is this song today ed sheeran,music_query
what is the current today song called,music_query
what song is playing,music_query
give me name and type of now this music,music_query
what artist is singing that quite song,music_query
can you turn now down the loudness please and tell me what is the title of this song,music_query
when was this song first recorded,music_query
was just this song in the top twenty,music_query
what name of the song currently playing,music_query
turn off the dining room,iot_hue_lightoff
turn lights off in living room,iot_hue_lightoff
please i dont need light,iot_hue_lightoff
turn off the lamps,iot_hue_lightoff
turn off the lights in the bedroom,iot_hue_lightoff
i want to turn off the room lights,iot_hue_lightoff
turn the lights off now,iot_hue_lightoff
turn off room lights really,iot_hue_lightoff
turn all lights off during the day,iot_hue_lightoff
shut the lights really off in my bedroom kindly,iot_hue_lightoff
turn bedroom lights off,iot_hue_lightoff
switch off the light,iot_hue_lightoff
can you can you turn off the light of my bed room,iot_hue_lightoff
turn off the light in the bathroom please,iot_hue_lightoff
very turn off lights,iot_hue_lightoff
i need you to turn off the light of my bed room,iot_hue_lightoff
quite bed room two switch off the lights,iot_hue_lightoff
turn this room light off,iot_hue_lightoff
could you turn off right side of light,iot_hue_lightoff
turn off the upstairs lights,iot_hue_lightoff
turn off the dining room,iot_hue_lightoff
can you turn off right side of light,iot_hue_lightoff
turn off bedroom light at nine thirty pm,iot_hue_lightoff
switch off the now light,iot_hue_lightoff
lights off in quite the kitchen kindly,iot_hue_lightoff
bed room two quite switch off the lights,iot_hue_lightoff
please turn off only side light,iot_hue_lightoff
turn off one light on porch,iot_hue_lightoff
please turn off the light,iot_hue_lightoff
i want the lights turned off,iot_hue_lightoff
lights off the kitchen please,iot_hue_lightoff
could you turn off any lights that are still on,iot_hue_lightoff
turn off the light,iot_hue_lightoff
turn off one light in my bedroom,iot_hue_lightoff
put the lights now,iot_hue_lightoff
can you switch off the light,iot_hue_lightoff
kindly turn off only right side light,iot_hue_lightoff
switch off the now light,iot_hue_lightoff
can you turn my bathroom lights off,iot_hue_lightoff
want lights turned off,iot_hue_lightoff
switch just off all lights,iot_hue_lightoff
turn off the upstairs lights,iot_hue_lightoff
can you turn my bathroom lights off,iot_hue_lightoff
turn the kitchen lights off,iot_hue_lightoff
turn off the lamps,iot_hue_lightoff
turn office lights off,iot_hue_lightoff
turn off lights in all bathrooms,iot_hue_lightoff
please can you turn my bedroom lights off,iot_hue_lightoff
light off now,iot_hue_lightoff
light off,iot_hue_lightoff
kindly switch off the light in the drawing hall,iot_hue_lightoff
this room lights now off,iot_hue_lightoff
can you please switch off the lights,iot_hue_lightoff
turn off light,iot_hue_lightoff
can turn off the lights,iot_hue_lightoff
turn off lights,iot_hue_lightoff
really turn off all lights,iot_hue_lightoff
off this light,iot_hue_lightoff
turn off light,iot_hue_lightoff
light very off living room,iot_hue_lightoff
please turn the lights off,iot_hue_lightoff
could you shut the lights,iot_hue_lightoff
turn office please lights off,iot_hue_lightoff
turn off the nearest light to me,iot_hue_lightoff
can you please switch off the lights,iot_hue_lightoff
turn the lamp off,iot_hue_lightoff
turn the lights off in the bedroom,iot_hue_lightoff
can you would you switch off the lights,iot_hue_lightoff
by switch off,iot_hue_lightoff
turn off the lights,iot_hue_lightoff
would you turn bedroom lights off,iot_hue_lightoff
turn the light off in the living room,iot_hue_lightoff
turn room lights off now,iot_hue_lightoff
turn off lights,iot_hue_lightoff
this room lights off,iot_hue_lightoff
turn please the light off in the living room,iot_hue_lightoff
i need to turn off bedroom lights in ten seconds,iot_hue_lightoff
could you turn off the porch light,iot_hue_lightoff
please switch off the light,iot_hue_lightoff
turn off this light,iot_hue_lightoff
turn off just this light,iot_hue_lightoff
turn room light,iot_hue_lightoff
switch off the light,iot_hue_lightoff
lights off,iot_hue_lightoff
will today you please turn the lights off,iot_hue_lightoff
off the bedroom lamp,iot_hue_lightoff
by remote quite sensor,iot_hue_lightoff
really turn bedroom lights off,iot_hue_lightoff
turn off the bathroom light now,iot_hue_lightoff
please turn off the lights please,iot_hue_lightoff
office lights off just,iot_hue_lightoff
you make the lights go out,iot_hue_lightoff
please now turn off kitchen light for me,iot_hue_lightoff
turn the security light off,iot_hue_lightoff
please off any lights that are still on,iot_hue_lightoff
can very you turn off the lights,iot_hue_lightoff
turn the in the,iot_hue_lightoff
can you turn off the lights,iot_hue_lightoff
can you turn off the living room lights,iot_hue_lightoff
turn off one light on porch,iot_hue_lightoff
please turn the living rooms lights off,iot_hue_lightoff
turn off the light of my bed room would you,iot_hue_lightoff
can turn off one of my lights in my bathroom,iot_hue_lightoff
i dont need light,iot_hue_lightoff
turn off the lamp in now the living room,iot_hue_lightoff
please turn off the porch light,iot_hue_lightoff
very can you please switch off the lights,iot_hue_lightoff
please turn off right side of light,iot_hue_lightoff
please switch now off the light,iot_hue_lightoff
can you turn off the living room,iot_hue_lightoff
switch off all lights,iot_hue_lightoff
turn off the lamp in the living room,iot_hue_lightoff
turn off lighting,iot_hue_lightoff
can turn off the lights,iot_hue_lightoff
turn off the bathroom light,iot_hue_lightoff
can you make the lights go out,iot_hue_lightoff
turns my son's room lights off,iot_hue_lightoff
lights turn off,iot_hue_lightoff
turn off the living room lights,iot_hue_lightoff
turn off lights now,iot_hue_lightoff
i need you to turn off the light of my bed room,iot_hue_lightoff
i want to switch off the light on the left,iot_hue_lightoff
turn off one light on porch,iot_hue_lightoff
turn off the lights in please this room please,iot_hue_lightoff
could you turn off light,iot_hue_lightoff
please turn off the porch light please,iot_hue_lightoff
please turn off really all the lights in my house,iot_hue_lightoff
turn off the lamp in the living room,iot_hue_lightoff
switch off light,iot_hue_lightoff
turn off the lights in the living room can you,iot_hue_lightoff
turn lights off,iot_hue_lightoff
turn office quite lights off,iot_hue_lightoff
turn off one light in my bedroom,iot_hue_lightoff
will now you please turn the lights off,iot_hue_lightoff
switch the lights off,iot_hue_lightoff
shut off the lights in the kitchen,iot_hue_lightoff
turn off all the lights in the living room den,iot_hue_lightoff
turn off my bedside lamp please,iot_hue_lightoff
light off now,iot_hue_lightoff
turn room light off,iot_hue_lightoff
please turn off right side please of light,iot_hue_lightoff
turn off lobby light,iot_hue_lightoff
turn off the living room lights,iot_hue_lightoff
kindly switch off the light in the drawing hall,iot_hue_lightoff
please turn off the lights,iot_hue_lightoff
turn off bedroom lights in ten seconds,iot_hue_lightoff
turn the off,iot_hue_lightoff
turn off,iot_hue_lightoff
turn lights off in living room,iot_hue_lightoff
please turn off the lights,iot_hue_lightoff
kindly switch off light in the drawing hall,iot_hue_lightoff
will quite you please turn the lights off,iot_hue_lightoff
very turn this room light off,iot_hue_lightoff
turn off this,iot_hue_lightoff
switch off light,iot_hue_lightoff
now turn off all the lights in the living room and den,iot_hue_lightoff
turn the off,iot_hue_lightoff
turn off very the light,iot_hue_lightoff
can you turn my bathroom lights off,iot_hue_lightoff
turn the room light off,iot_hue_lightoff
turn off the bathroom light,iot_hue_lightoff
please turn off the lights in bedroom,iot_hue_lightoff
switch off the master's bedroom,iot_hue_lightoff
can you quite turn my bedroom lights off,iot_hue_lightoff
switch off light,iot_hue_lightoff
turn this room light off,iot_hue_lightoff
turn off the light of my bed room can you,iot_hue_lightoff
i want the light switched off can you do it for me,iot_hue_lightoff
turn off my room lights,iot_hue_lightoff
i want the light to now be switched off,iot_hue_lightoff
please shut off the kitchen lights,iot_hue_lightoff
today turn off this light,iot_hue_lightoff
please turn off the lamp,iot_hue_lightoff
turn off lighting quite,iot_hue_lightoff
i need to turn off the light in the kitchen,iot_hue_lightoff
play program on just xmtune please,play_radio
give me a classical radio really station,play_radio
play radio disney,play_radio
please start the radio please,play_radio
the radio should play only on nine hundred and ninety nine fm,play_radio
lets hear it from fm ninety six point five,play_radio
start bbc radio,play_radio
please scan the radio for howard stern,play_radio
play now tunes,play_radio
turn program on xmtune,play_radio
all the pertaining rock songs on the,play_radio
can today you start fm eight hundred and ninety radio channel,play_radio
play radio ninety five point five,play_radio
i'd like to listen ninety nine five,play_radio
play the urban radio station,play_radio
need you to start fm eight hundred and ninety channel,play_radio
play for me american idol on television,play_radio
find best rock station near my location and it on,play_radio
can you turn on pandora,play_radio
play really radio disney,play_radio
turn on a country music station,play_radio
play the college baseball game,play_radio
please turn on radio on seven am,play_radio
lets hear it from fm ninety six point today five,play_radio
start the now radio,play_radio
would you mind play football news from radio one,play_radio
could you would you play the fm station which plays pop songs,play_radio
can you would you turn just on npr where i am,play_radio
play the urban radio station,play_radio
play my now favorite radio station,play_radio
play the radio music please band,play_radio
play my favorite now radio station,play_radio
please turn on radio,play_radio
play for me american idol on television,play_radio
play program on xmtune really please,play_radio
want to listen one oh one point one the whiz,play_radio
can you find the the preacher joe show on gospel radio,play_radio
i would like to listen to this programme on radio,play_radio
look for a radio station called rhythm on the frequency one,play_radio
just put the news on bbc,play_radio
play tunes,play_radio
could you play bbc radio,play_radio
switch on radio mango,play_radio
i need you to start fm eight really hundred and ninety radio channel,play_radio
kindly find the radio station currently playing howard stern,play_radio
play health show on the television in the living,play_radio
would you mind play billybob show on bbc radio four,play_radio
the local r. n. b. station,play_radio
play howard stern on sirius today,play_radio
play the urban really radio station,play_radio
could you tune into the joe rogan show in ten minutes,play_radio
please open my fm radio and play nine hundred and eighty seven,play_radio
just tune to pandora,play_radio
need ninety nine point five please,play_radio
play the miami heat and warriors game,play_radio
play the jazz station,play_radio
can you turn msnbc on in the car,play_radio
get me some radio music from kamp fm,play_radio
on the please radio it is time for good music,play_radio
turn program please on xmtune,play_radio
switch on radio and play hello fm station,play_radio
tune in some radio,play_radio
could you play the really radio,play_radio
would like to to stern on ninety seven point nine fm,play_radio
scan the radio for very howard stern,play_radio
play the breakfast club quite,play_radio
play a pop station on the radio,play_radio
play me news radio channel,play_radio
i need to start playing fm ninety six point five when it is one pm,play_radio
play the miami heat and,play_radio
play a news radio station,play_radio
play radio music band,play_radio
please tune to pandora,play_radio
eight and eighty nine fm please,play_radio
play the last radio channel,play_radio
please start fm eight hundred and ninety radio channel,play_radio
i want to play new radio channel,play_radio
i would like to listen to this programme on radio,play_radio
hey olly turn please the radio on,play_radio
can you start the radio,play_radio
play pop station on the radio,play_radio
play ninety seven,play_radio
play the bob and tom show,play_radio
really go to the station fm ninety six point five,play_radio
scan the radio for howard stern,play_radio
would you would you turn on the am radio,play_radio
play my favorite radio station,play_radio
i want to turn on my pandora radio,play_radio
go to sirius quite and play the hip hop channel,play_radio
play station gx in the radio,play_radio
turn on my pandora quite radio,play_radio
i want to turn it to frequency nine hundred and ninety seven,play_radio
radio play nine hundred and eighty nine could you,play_radio
please turn on radio on seven am,play_radio
can you start fm eight hundred and ninety radio channel,play_radio
would you play the local latin music channel on the radio,play_radio
turn program on xmtune,play_radio
very play howard stern on sirius,play_radio
let's hear ninety two point one,play_radio
i want to hear program one on lastfm,play_radio
please play music now from radio plus,play_radio
let's hear ninety very two point one,play_radio
i want to listen to the new sam harris episode,play_radio
play the urban radio station,play_radio
play miley cyrus radio,play_radio
go to radio,play_radio
could you tune in to fm ninety five,play_radio
quite open radia,play_radio
play the radio station one hundred and really one point nine,play_radio
i quite want to listen some music play a radio station,play_radio
the radio should play only on nine hundred and ninety nine fm,play_radio
hey olly turn the radio on,play_radio
can you play acoustic now music with no commercials,play_radio
i want to hear please this radio station now,play_radio
play radio really station,play_radio
i want to listen to the new sam harris episode very,play_radio
switch on the radio and play hello fm station,play_radio
get me some radio music from kamp fm,play_radio
play the college baseball game,play_radio
search and play a please radio station with news,play_radio
go to the station fm really ninety six point five,play_radio
could you play the kansas city hip hop station,play_radio
start the radio now,play_radio
start playing fm ninety six point five when it is one pm very,play_radio
play the radio station rock one hundred and eight just,play_radio
could you play the local latin music really channel on the radio,play_radio
play for me american idol show,play_radio
can you would you turn on npr where i am,play_radio
open the very radio app,play_radio
could you turn on radio on seven am,play_radio
play the really radio station one hundred and one point nine,play_radio
would you mind play bbc radio,play_radio
i need ninety nine point five please,play_radio
start very the radio,play_radio
can you put on the next i heart music radio show,play_radio
open sirius app and play the classical channel,play_radio
go to sirius and play the now hip hop channel,play_radio
would you turn on radio on seven am,play_radio
channel seventy two point five,play_radio
would you mind put the news on bbc,play_radio
i like to listen to this programme on radio,play_radio
quite play old,play_radio
play college baseball game,play_radio
i want to play the radio for me,play_radio
get me some radio music from kamp fm,play_radio
play the radio band with sports commentary,play_radio
radio kindly,play_radio
turn on my pandora really radio,play_radio
play today howard stern on sirius,play_radio
play program on xmtune please,play_radio
play my favorite radio station,play_radio
quite play npr on this station,play_radio
get me some radio music from please kamp fm,play_radio
please tune in to fm ninety five,play_radio
could you start radio,play_radio
find radio really,play_radio
start radio station one oh seven point five fm,play_radio
tune into the joe rogan show in minutes,play_radio
play football news from radio,play_radio
i need you to find a very good channels to listen to,play_radio
play a news radio station,play_radio
play yesterday's now hot ninety seven morning give me,play_radio
could you would you help really me in listening to the radio,play_radio
put the radio on,play_radio
play the college baseball game,play_radio
i'd like to listen to my favorite morning tell me in the car on the way to work please,play_radio
turn on a country station,play_radio
would you play the radio,play_radio
lets hear it quite from fm ninety six point five,play_radio
play npr today on this station,play_radio
play the urban radio station,play_radio
radio play nine hundred and eighty nine kindly,play_radio
play radio really one,play_radio
i want to listen to the bob and tom list,play_radio
tune in to my favorite radio station could you,play_radio
play me a game of tic tac toe,play_game
very play racing,play_game
open tic tac very toe,play_game
give a hand to game,play_game
i challenge you to a game of tic tac toe,play_game
load up ghost recon wildlands,play_game
please open and play chess with quite me,play_game
play flappy bird,play_game
let's play a game of trivia,play_game
turn please on console,play_game
play keno,play_game
let's play favourite football match on tv,play_game
play poker with me now,play_game
let's play a game of chess,play_game
I'd like to play UNO with you today,play_game
could you video games,play_game
let's play quite chess,play_game
just play games,play_game
play game with just me,play_game
play a game of chess with me,play_game
play the latest games,play_game
can you play a game with me,play_game
can you i feel like playing chess can you play that,play_game
do you want to play,play_game
please begin clash of clans,play_game
let now us play millionaires,play_game
please get the duet game,play_game
could you open blokus game i would like to play with you,play_game
turn just on console,play_game
can you mario,play_game
let's play our favourite football match on tv,play_game
want to play a game of now trivia,play_game
turn on flappy bird now,play_game
can you run this game,play_game
open fishdom game,play_game
want to play a game please with me,play_game
open today fishdom game,play_game
open fishdom just game,play_game
load up ghost recon wildlands,play_game
just play for me the game candy crush,play_game
i want to play i spy with me,play_game
want to play a game of trivia,play_game
give a hand really to this game,play_game
kindly play football with me,play_game
play candy crush with me very,play_game
please play trivial pursuit please with me,play_game
let's play some pong,play_game
let's play global thermonuclear war,play_game
please let's play checkers,play_game
can you play this game,play_game
would you begin clash of clans,play_game
run game,play_game
open minestart game from previous played level,play_game
turn on flappy bird,play_game
get the duet please game,play_game
let's play a game of chess,play_game
would you play quite this game,play_game
want to really play a game with me,play_game
please open blokus game i would like to play with you now,play_game
today play game,play_game
play this game with me,play_game
want really to play a game with me,play_game
load a fun game that i can really play with you,play_game
play me a game of tic tac toe,play_game
angry really bird play,play_game
please open go fish game and it with me,play_game
i want to play blackjack,play_game
play racing,play_game
let's play our favourite football match on tv,play_game
angry bird play today,play_game
very start up bejeweled,play_game
could you harvest the crops in farmvile,play_game
play game with me,play_game
let's play nine ball against me adapt with my skill level always let me win,play_game
please start up bejeweled,play_game
would you like to play a game with me,play_game
can you play monopoly with me,play_game
would you mind let's roll the dice,play_game
can take a role of enemy in the game of coc,play_game
let's play nine ball against me adapt with my skill level always let me win,play_game
play chess,play_game
games,play_game
search today for the correct game,play_game
open chess game,play_game
we are going to play poker together,play_game
puzzles and very games app,play_game
would you mind let's play nine ball against me adapt with my skill level always let me win,play_game
could you play football match for myself now,play_game
find game,play_game
i need to play sims,play_game
open games just,play_game
open parcheese game for you and i,play_game
open tic tac toe,play_game
today open chess game,play_game
let's play space invaders,play_game
play snake with me,play_game
play super quite mario brothers game with me,play_game
play for quite me the game harry potter and the chamber of secrets,play_game
Play my favorite game by name naughty dog,play_game
turn on flappy bird,play_game
let's play never have i ever,play_game
create a really playing teams and play with them,play_game
please puzzles and games app,play_game
just puzzles and games app,play_game
play fmod today,play_game
let's play checkers please,play_game
play chess please,play_game
want to a game,play_game
let's play space invaders together today,play_game
would you mind puzzles and games app,play_game
let's play a game of truth or just dare,play_game
play i spy with me,play_game
play game with me,play_game
shall we play a game,play_game
play racing,play_game
lets play,play_game
please play my cricket game,play_game
let's play our favourite football match on tv,play_game
i need to let's play space invaders together,play_game
want to play a game with me,play_game
i need to play very sims,play_game
get the duet game,play_game
let's play a game of truth or dare just,play_game
play scrabble with me please,play_game
do you want very to play,play_game
can you let's play a game of truth or dare,play_game
let's play space invaders together,play_game
today let's play global thermonuclear war,play_game
could you i'm thinking of a number one to ten,play_game
play solitaire with me,play_game
lets go today nazi hunting,play_game
open up tetris,play_game
let's play space invaders together today,play_game
i want to play a game with you,play_game
now we are going to play poker together,play_game
play me a game of tic tac toe,play_game
play today i spy with me,play_game
would you mind play ping pong,play_game
could you start play fifa seventeen,play_game
lets play pinball,play_game
play just i spy with me,play_game
please open snooker game i very would like to play with you,play_game
play for me the game cricket,play_game
i please want to play a game with you,play_game
run game,play_game
turn on flappy,play_game
want to play a game with me,play_game
play games,play_game
play chess with me please,play_game
please play trivial pursuit with me,play_game
play keno,play_game
play flappy bird,play_game
run game,play_game
play chess please with me please,play_game
play for me the game star wars,play_game
i want to play blackjack,play_game
can you take a role of enemy in the game of coc just,play_game
i want to play fifa seventeen,play_game
open saga,play_game
i need to lets play tic tac toe,play_game
could you play for me the game cricket,play_game
could you play poker with me today,play_game
please play clash of clans now,play_game
i just want to play a game with you,play_game
solitaire,play_game
please play football with me,play_game
let's play some pong,play_game
could you play poker with me,play_game
start up bejeweled,play_game
games,play_game
play candy crush with me,play_game
let's play space invaders together,play_game
do you today want to play,play_game
play snake very with me,play_game
angry bird play now,play_game
play let me love you by ariana grande,play_music
play purple haze,play_music
open spotify and play list five,play_music
i want to listen to rock,play_music
put the song sung by shreya at the top,play_music
turn on my michael jackson playlist,play_music
could you would you play some music please,play_music
go to youtube and play me the best wedding songs collection,play_music
i want to really hear tum hi ho next,play_music
hey play me now a popular country song,play_music
play be warned by tech n9ne,play_music
play today what live,play_music
play new rihanna song,play_music
play maroon five playlist,play_music
download the latest folk songs having rating of four star or above and play all without shuffle,play_music
play today maroon five playlist,play_music
play music quite by taylor swift,play_music
i want to hear now,play_music
play by adele,play_music
open spotify and play list five,play_music
play hopsin from my latest playlist,play_music
play the song please title,play_music
play very music true love,play_music
best rap really music,play_music
play hopsin from latest playlist,play_music
i want to listen jazz,play_music
i want to listen arijit singh song once again,play_music
play my midnight playlist,play_music
time to hear me some blake shelton,play_music
play green really day,play_music
download the latest folk songs having rating just of four star or above and play all without shuffle,play_music
i want to hear purple haze,play_music
would you play please help,play_music
play thinking out loud next,play_music
could you play the barney theme song,play_music
i'd love to hear any song that very i've given five stars by serge gainsbourg,play_music
next i want to hear please shinedown,play_music
today time to workout,play_music
coordinate all pop song genres,play_music
could you download the latest folk songs having rating of four star or above and play all without shuffle,play_music
really hi google play me playlist wacky in my gaana application,play_music
find jazz music on my today playlist,play_music
play my morning playlist,play_music
let's play workout playlist,play_music
i want to start play,play_music
play the very bjork album i've heard the least,play_music
play all the latest pop songs,play_music
play what live,play_music
play music that today are classical only,play_music
hey play the songs from my playlist named good tunes,play_music
i want to hear tum hi ho next,play_music
start play now,play_music
open by prince,play_music
i want to hear purple haze really,play_music
i want to dance to the tune of raghu dixit,play_music
can you play the song title,play_music
play just jazz from jennifer's latest album,play_music
let me hear some music,play_music
play the electronic playlist,play_music
take me very to music player,play_music
play songs,play_music
play my morning today playlist,play_music
can you play my favorite music,play_music
take me to music player,play_music
hey play the songs from my playlist named good tunes,play_music
let me hear some music,play_music
play any song of,play_music
play the last song from my most recent playlist,play_music
go to youtube and now play me the best wedding songs collection,play_music
get sia's cheap thrills ready to play next,play_music
reshuffle and play music,play_music
play party songs,play_music
take me to music player,play_music
i want to select and play only christian rock from one thousand nine hundred and ninety upwards,play_music
would you mind i'dl like to hear any classical except for bach or schubert,play_music
play the veldt by,play_music
hips dont lie thats the song i would like you to play for me,play_music
would you mind play jack johnson playlist music,play_music
play country music,play_music
start music,play_music
play the billboard top ten,play_music
play my most played songs,play_music
play my first favorite song on loop,play_music
i need to coordinate all pop song genres,play_music
play my playlist,play_music
i want to take me to music player,play_music
start music today,play_music
play music,play_music
would you play some music please,play_music
play all by the beatles,play_music
i want to hear surfin usa,play_music
music track,play_music
today time to hear me some blake shelton,play_music
play r and b,play_music
quite let me hear some bluegrass music,play_music
please play melody songs,play_music
play hurt today by johnny cash next,play_music
can you play my favorite music,play_music
coordinate all today pop song genres,play_music
jazz could be choice for me,play_music
let's play workout playlist,play_music
only songs by the beatles please,play_music
play all songs by metallica on shuffle,play_music
really play lady now,play_music
play jazz from jennifer's latest album,play_music
play song happy by ella fitzgeral,play_music
please Song next could you,play_music
i want to listen to rock,play_music
play for me hip hop music,play_music
i'dl like to hear any classical except for bach or schubert,play_music
i need to play the latest song adele,play_music
play the song for me,play_music
find jazz music on my very playlist,play_music
hey play me a popular country song,play_music
play my motivational playlist,play_music
quite kenny roger's lady play,play_music
could you play please you don't bring me flowers,play_music
i want to hear chopin now,play_music
i want to listen to please classical music,play_music
play chopin,play_music
please initiate celine dion music,play_music
play song aces quite high,play_music
play new songs by barenaked ladies very,play_music
google find and play florida georgia line the one with nelly,play_music
i want to listen to rock,play_music
can you play only sad song in music player,play_music
play song over the rainbow,play_music
let's hear some indie rock please okay,play_music
hey play me a popular country song,play_music
play closer just music track,play_music
play from please favorites song,play_music
play one more please time,play_music
please open songs by prince,play_music
please play me a song really from my favourite list,play_music
make my collection mostly pop with a good bit of psychedelia,play_music
play happy playlist next,play_music
play music from workout playlist,play_music
play new rihanna very song,play_music
can you play my favorite music,play_music
play thinking out loud now next,play_music
could you play me an upbeat song through your speakers,play_music
play jack johnson today playlist music,play_music
play the last song from quite my most recent playlist,play_music
play let me love you by really ariana grande,play_music
play purple haze,play_music
play music for me,play_music
hips dont lie thats the song i would like you to play for me,play_music
play the bjork album i've heard the least,play_music
play for me the music by the beatles,play_music
kindly play help,play_music
find songs from today my big band playlist,play_music
time to workout,play_music
play lady now,play_music
i need to play song over the rainbow,play_music
i need to would you play some music please,play_music
just play thinking out loud next,play_music
play the song get happy by ella fitzgeral,play_music
find jazz music on my playlist now,play_music
let me hear some music,play_music
can you play anything by cat stevens and i'll be happy,play_music
play party songs today,play_music
make my collection mostly with a good bit of psychedelia,play_music
make collection mostly pop with a good bit of psychedelia,play_music
play my preferred song,play_music
would you play some music could you today,play_music
play music by taylor swift,play_music
play happy playlist next,play_music
please play only songs by the beatles please,play_music
time to workout really,play_music
very i want to hear sleeptime playlist next,play_music
turn on some music,play_music
play music from good very playlist,play_music
play the last song from my most quite recent playlist,play_music
please hey play the songs from my playlist named good tunes,play_music
play hurt by johnny cash next,play_music
could you give me the exact rate for dow nifty futures,qa_stock
what's the price of ge right now,qa_stock
is now a good time to sell some euros,qa_stock
i would like to receive updates about the stock market every day,qa_stock
could you how much would it cost to buy stock in apple,qa_stock
i want to how expensive is google stock,qa_stock
can you what's the stock price of this item,qa_stock
what is a stock price of tata,qa_stock
how is the now stock going in general,qa_stock
how much is starbuck's stock these days,qa_stock
what is the lowest microsoft stock price today,qa_stock
would you mind how high is the s n. p,qa_stock
what is motorola going for today,qa_stock
how's stock,qa_stock
how effective will be to buy nike stock,qa_stock
how's the stock for exxon mobil doing today,qa_stock
how is the stock going in general,qa_stock
is the difference between yesterday's and today's stock for walmart,qa_stock
could you notify me of the latest news on the stock market,qa_stock
how effective will be to buy nike stock,qa_stock
where is dell standing in stock market right now,qa_stock
tell really me summary forecast microsoft stock forecast to thirty days ahead,qa_stock
what is quite amazon worth,qa_stock
stock details,qa_stock
how have megatel shares done last week just,qa_stock
stock market,qa_stock
can you tell me the price of google stock,qa_stock
current today price of google please,qa_stock
what is today starbuck's stock worth,qa_stock
have megatel shares done last week,qa_stock
what's the price of ge right now,qa_stock
stock very,qa_stock
what is the netflix stock price,qa_stock
list now me share price of tata,qa_stock
could you what is a stock price of tata,qa_stock
how expensive stock,qa_stock
i would like to receive updates about the stock market every day,qa_stock
would you mind google stock symbol,qa_stock
what was the stock price for google yesterday,qa_stock
stock price fb very,qa_stock
what is the stock price of sensex right now,qa_stock
stock market,qa_stock
how just much does the fb stock cost,qa_stock
are the top ten at the moment,qa_stock
has my stock just increased in value,qa_stock
tell me which mutual funds have maximum yearly,qa_stock
what is starbuck's stock worth,qa_stock
what are the chances the stock market closing below the two hundred moving average in the next fourteen days,qa_stock
stocks,qa_stock
how much is amazon stock,qa_stock
stock,qa_stock
i want to tell me summary forecast microsoft stock forecast to thirty days ahead,qa_stock
tell me about price of stock for innova,qa_stock
is warren buffet is investing in my stocks,qa_stock
what's my stock fluctuations just,qa_stock
did apple stocks go up or down,qa_stock
give me the stock price for tommy hilfiger,qa_stock
amazon stock price,qa_stock
i would like to receive updates about stock market every day,qa_stock
can i have stock rate list of ola and uber,qa_stock
kindly tell me news related to the stock market,qa_stock
is the stocks which i have very invested are increasing,qa_stock
where is dell in stock market right now,qa_stock
open stock price for name,qa_stock
show me the stock price for google,qa_stock
how much does the fb stock cost,qa_stock
tell me summary forecast microsoft stock forecast to thirty days ahead,qa_stock
is now a good time to sell some euros,qa_stock
what apple trading at,qa_stock
i need to stock prices of rolls royce,qa_stock
is warren buffet is investing in my listed stocks,qa_stock
i would like to really receive updates about the stock market every day,qa_stock
when does iphone stock usually drop,qa_stock
has my stock increased very in value,qa_stock
whats the current price of mcdonalds stock,qa_stock
please facebook current stock rate,qa_stock
could you what is the stock value of google,qa_stock
how effective will be to really buy nike stock,qa_stock
how much is amazon really stock,qa_stock
what is apple's current stock price,qa_stock
i like to receive updates about the stock market every,qa_stock
can you find and tell me the prices of facebook stock,qa_stock
apple stocks up or down,qa_stock
look up stock prices for mutual funds and account,qa_stock
google stock price,qa_stock
i want to how much rate will be calculated,qa_stock
how many shares of apple can i get for,qa_stock
what is the sensex and nifty points for today,qa_stock
is warren buffet is investing in my listed stocks,qa_stock
honda stock price,qa_stock
what is the stock price of hdfc,qa_stock
were the stocks rising or declining,qa_stock
please tell me news related to the stock market,qa_stock
current quite price of google can you,qa_stock
stock up or now down for walgreens,qa_stock
give me the stock price of intel,qa_stock
what's the stock price of this item,qa_stock
google stock price,qa_stock
what is the price of apple stock right now,qa_stock
please indicate the opening price of fra stock,qa_stock
could you find out the share price of i. b. m. in nasdaq,qa_stock
whats the current price of mcdonalds stock,qa_stock
give me today's quite market trends for panasonic,qa_stock
what's the closing price of abc,qa_stock
what is apple's current stock price,qa_stock
stock today price fb,qa_stock
what is apple's stock,qa_stock
what is the stock price sensex right now,qa_stock
what the stock price for google yesterday,qa_stock
please give me the stock price of apple,qa_stock
how's microsoft's stock,qa_stock
how's microsoft's stock,qa_stock
when does iphone stock usually drop,qa_stock
can you were the stocks rising or declining,qa_stock
the stock price of this item,qa_stock
list the latest today apple stock prices,qa_stock
what happened please to the dow jones today,qa_stock
tell me the stock rate of hyundai,qa_stock
facebook current stock rate,qa_stock
tvs stock price just,qa_stock
what's my today stock fluctuations,qa_stock
what is the current stock rate of facebook,qa_stock
what is the sensex and nifty points today for today,qa_stock
would you mind what are the current stock prices for google,qa_stock
how much just is starbuck's stock these days,qa_stock
facebook current stock rate,qa_stock
turn on notification for all news on the stock market,qa_stock
now is i. b. m. up this day,qa_stock
list the latest apple stock prices,qa_stock
is the stocks which i have invested are increasing,qa_stock
would you mind what's the closing price of abc,qa_stock
tvs stock price,qa_stock
what is the stock very price of nike today,qa_stock
now how are my stocks doing right now,qa_stock
what is the price of amd on the stock market,qa_stock
how much has hp stock gone up,qa_stock
please check this companies stock,qa_stock
were the stocks rising today or declining,qa_stock
show me the stock price for google,qa_stock
stock,qa_stock
tell me about the stock for shell,qa_stock
show me share price now of tata,qa_stock
how high is the s n. p,qa_stock
check this companies stock,qa_stock
tell me amd stock prices,qa_stock
tell me which stocks were the biggest gainers in stock market nasdaq right now,qa_stock
can you update me on stock price of this company stock,qa_stock
i want to what happened to the dow jones today,qa_stock
how's really microsoft's stock,qa_stock
tell me the stock rate of hyundai,qa_stock
stock details,qa_stock
what is the lowest microsoft stock price today,qa_stock
what is the current stock rate of facebook,qa_stock
tell me the stock rate of hyundai,qa_stock
what is the price of amd on the stock just market,qa_stock
what the google stock at,qa_stock
stock market,qa_stock
can you have i made loss in which stocks,qa_stock
tell me quite which mutual funds have maximum yearly returns,qa_stock
now stock market,qa_stock
please whats the dow jones at today,qa_stock
how much was airtel sold for sometime back,qa_stock
current price of google kindly,qa_stock
what are amd stock prices,qa_stock
is warren buffet is investing in my listed stocks,qa_stock
whats the stock price of apple,qa_stock
fb please stocks,qa_stock
tell me about the stock for shell,qa_stock
stock exchange rates,qa_stock
can you tell me the price of google stock,qa_stock
what was the stock price for google yesterday,qa_stock
when does iphone stock drop,qa_stock
very show me the stock price for google,qa_stock
what is motorola going for this day,qa_stock
what are very the stock prices,qa_stock
cultural events in california,recommendation_events
really inform about best circus near me,recommendation_events
what are the events conducted in new york really,recommendation_events
is there any events are in the local area,recommendation_events
what events are in me area,recommendation_events
where should i go this weekend,recommendation_events
Show current local events,recommendation_events
any free events in la today,recommendation_events
what's happening around me,recommendation_events
where should i go for dinner in san francisco tonight,recommendation_events
what is open late in la,recommendation_events
are there any events happening this weekend very,recommendation_events
fun things today to do today,recommendation_events
what is happening tomorrow,recommendation_events
what plays are showing at the theatre,recommendation_events
what is happening in the area,recommendation_events
what gun shows are in tulsa,recommendation_events
what baseball games are scheduled for this week in tulsa,recommendation_events
can you tell me about any local events coming up,recommendation_events
search for any upcoming book fairs during next week in washington dc,recommendation_events
refer local current events,recommendation_events
what events are going on around my place,recommendation_events
latest event in new york city,recommendation_events
events in the local area quite,recommendation_events
what are the local please events,recommendation_events
could you get local events,recommendation_events
please tell me about things to do in london,recommendation_events
show me concerts in sacramento,recommendation_events
i would be happy if you update me the events going on our area,recommendation_events
show me best run program in jodhpur,recommendation_events
whats around my town,recommendation_events
is there a sporting event tomorrow in chicago,recommendation_events
local area events,recommendation_events
can you tell me some fun things to do in kentucky,recommendation_events
info of the upcoming events,recommendation_events
is there sporting event tomorrow in chicago,recommendation_events
are there any events happening in town,recommendation_events
what kind of free activities can i do locally this week,recommendation_events
what's around now tonight,recommendation_events
what's around tonight really,recommendation_events
what events are going on around my place,recommendation_events
what is going on in me area today,recommendation_events
give me me today upcoming events in the quad cities,recommendation_events
where should i go for dinner in san francisco tonight,recommendation_events
what is planned for today in my local area,recommendation_events
local current events,recommendation_events
could you tell me about things to do in london,recommendation_events
tell me about things to do in london,recommendation_events
what type of event,recommendation_events
show local events,recommendation_events
are there any events happening in town,recommendation_events
any specific event in washington,recommendation_events
show me events nearby,recommendation_events
which book fair events are taking place next week in washington dc,recommendation_events
is there a sporting event tomorrow very in chicago,recommendation_events
any specific event in washington,recommendation_events
now what can i do in charlotte,recommendation_events
could you tell me all local events,recommendation_events
list local events,recommendation_events
where should i go this weekend,recommendation_events
please show me a list of entertainment options in my area,recommendation_events
today's please local events,recommendation_events
what's the please next event at the library,recommendation_events
today's local today events,recommendation_events
very what exhibits or shows are scheduled at the metropolitan theater,recommendation_events
can you show me upcoming events in the quad cities,recommendation_events
things to quite do in my area,recommendation_events
i want to what can i do for fun under dollars around me,recommendation_events
what happens on the fourth of july,recommendation_events
running competitions on the side,recommendation_events
local activities you can recommend my area,recommendation_events
today anything unique to do in the city today,recommendation_events
list me events nearby today,recommendation_events
any events this weekend in pondichery,recommendation_events
can you anything unique to do in the city today,recommendation_events
display todays events in new york,recommendation_events
what exhibits or shows just are scheduled at the metropolitan theater,recommendation_events
any specific really event in washington,recommendation_events
give me me upcoming events in the quad cities,recommendation_events
could you what do they have going on at young circle this week,recommendation_events
what are the local concerts tonight,recommendation_events
tell me all the current events in my hometown,recommendation_events
find very the events,recommendation_events
what's the next event at the library,recommendation_events
which event should i attend in my area,recommendation_events
info of the upcoming events,recommendation_events
any cultural events in california,recommendation_events
info of upcoming,recommendation_events
what's happening around me,recommendation_events
give me todays events in new york,recommendation_events
are there any events going on close by,recommendation_events
i want to what gun shows are in tulsa,recommendation_events
are there any really events happening in town,recommendation_events
any events this weekend in pondichery,recommendation_events
could you suggest some fun in new york,recommendation_events
what is going around here,recommendation_events
i need to are there any events going on nearby,recommendation_events
could you suggest some fun in new york,recommendation_events
what exhibits or shows are scheduled at the metropolitan theater,recommendation_events
what is going on in me area today,recommendation_events
list me where please i can find a hamburger,recommendation_events
anything unique to do in the city this day,recommendation_events
whats happening around my town,recommendation_events
show todays events in ny,recommendation_events
what kind of musical events are happening around really here this week,recommendation_events
tell me all local events,recommendation_events
please what bands are playing close by,recommendation_events
whats happening in ny,recommendation_events
what bands are playing in town this weekend,recommendation_events
what is going on around here very,recommendation_events
any activity in the area,recommendation_events
now list events nearby new york,recommendation_events
what can i do for fun under dollars around me,recommendation_events
list events nearby new york,recommendation_events
show me events in,recommendation_events
what kind of free activities can just i do locally this week,recommendation_events
tell me me really upcoming events in the quad cities,recommendation_events
where should i go this weekend,recommendation_events
what's next library,recommendation_events
what bands are playing close by,recommendation_events
is really there anything special going on nearby,recommendation_events
please is there anything happening in town this weekend,recommendation_events
recommend a blue grass band event within twenty miles of manchester ma this week,recommendation_events
could you suggest some fun in new york really,recommendation_events
really what's some upcoming events i might want to go to,recommendation_events
are there any events coming up,recommendation_events
please search for local events,recommendation_events
what's the next event just at the library,recommendation_events
inform about latest scheduled events near my location,recommendation_events
really what's around tonight,recommendation_events
what's happening near me this week,recommendation_events
this weekend events are going on,recommendation_events
can you find me a street fair in the neighborhood,recommendation_events
what do they have going on at young circle this week,recommendation_events
are there any crafts fairs happening in this area,recommendation_events
could you suggest some fun in new york,recommendation_events
what events are going on in the very area,recommendation_events
quite events today,recommendation_events
is there anything to do tonight,recommendation_events
any events this weekend in quite pondichery,recommendation_events
what do they have going on at young circle this week,recommendation_events
what bands are playing close by,recommendation_events
any free events in really la today,recommendation_events
tell me the local events,recommendation_events
could you inform about best circus near me,recommendation_events
is there happening nearby,recommendation_events
what please is happening tomorrow,recommendation_events
what plays are showing at the please theatre,recommendation_events
i need to what events are in me area,recommendation_events
kindly search for events in very my location,recommendation_events
will there be a farmers market in the area this weekend,recommendation_events
please what are some local events,recommendation_events
what is there to do in new city,recommendation_events
what quite events are happening in los angeles,recommendation_events
what events are happening today,recommendation_events
would you mind what should i do this weekend,recommendation_events
can very you find me a street fair in the neighborhood,recommendation_events
what events are in me area,recommendation_events
what's happening in my very town,recommendation_events
show me all the events happening in milan really,recommendation_events
what do they have going on at young circle really this week,recommendation_events
what's going on tonight in sacramento,recommendation_events
search for any upcoming book fairs during next week in washington dc,recommendation_events
what's around quite tonight,recommendation_events
can you list events nearby new york,recommendation_events
where should i go this weekend,recommendation_events
show todays events in new york,recommendation_events
what's going on around here this weekend,recommendation_events
i want to know what are now in me area,recommendation_events
what's happening please here,recommendation_events
events upcoming,recommendation_events
tell me all events for this day in my city,recommendation_events
tell me about things to do in london,recommendation_events
what is happening in me area,recommendation_events
please latest event in new york city,recommendation_events
what clothing shops are close to my current location,recommendation_locations
show me some vegan restaurants close by,recommendation_locations
nearest restaurants available at this time,recommendation_locations
what train companies are near me,recommendation_locations
any good bike shops in oxford,recommendation_locations
local shops very,recommendation_locations
what stores have,recommendation_locations
now where a good restaurant,recommendation_locations
hey olly tell me what shops i am near,recommendation_locations
where now can i shop around here,recommendation_locations
i wish to go for cheap shopping is there any dollars shop nearby,recommendation_locations
would you mind locate local pizza shops,recommendation_locations
name stores within ten mile radius with music,recommendation_locations
very display nearby places,recommendation_locations
today please look up local restaurants that are open now,recommendation_locations
give me me all the shops that i can find today in milan,recommendation_locations
what pubs are close,recommendation_locations
what's the best italian restaurant in atlanta,recommendation_locations
will the fast food shop at corner open today,recommendation_locations
find me a bar in cleveland open until two am,recommendation_locations
where can i get organic wheat,recommendation_locations
could you recommend a restaurant in seattle,recommendation_locations
i want to take karate classes where are local karate studios,recommendation_locations
wine,recommendation_locations
me the smallest coffee in new orleans,recommendation_locations
find a shop that sells,recommendation_locations
list all the shops that very are located in milan,recommendation_locations
can you find gluten free bakery near me,recommendation_locations
where is the now nearest olive garden,recommendation_locations
could you show me some food court nearest to my location,recommendation_locations
where is a good please place to eat cheap pakistani food,recommendation_locations
where is the nearest smoke shop,recommendation_locations
where is a good wine bar near me,recommendation_locations
are there any shopping centers nearby,recommendation_locations
best bar in local area,recommendation_locations
find local shops,recommendation_locations
could you what's the best chicken place near me,recommendation_locations
i'm looking for some dress shows can you find clothing stores within one mile,recommendation_locations
locate local just pizza shops,recommendation_locations
tell me what is the nicest place to go,recommendation_locations
whats around today,recommendation_locations
where are italian restaurants in me area,recommendation_locations
which is the place to visit this month,recommendation_locations
what's the best chicken place near me,recommendation_locations
list the best clothing shops near me,recommendation_locations
which restaurant is there in shivaji nagar,recommendation_locations
have any suggestions for local italian food,recommendation_locations
find a grocery store in town that carries creamed pickled herring,recommendation_locations
where quite is the closest bar,recommendation_locations
what's the best chicken place near me,recommendation_locations
find the hotel in washington dc,recommendation_locations
which shops can i find in milan,recommendation_locations
me a restaurant in west chester,recommendation_locations
any good bike shops in now oxford,recommendation_locations
where can i get organic wheat,recommendation_locations
please recommend a restaurant in seattle,recommendation_locations
i some sushi what's closest,recommendation_locations
how many grocery stores are located in my neighborhood,recommendation_locations
i would like to know the best rating pubs in the local area,recommendation_locations
get me a local restaurant,recommendation_locations
What's close by for quite dinner,recommendation_locations
give me the name of all the shops in my area,recommendation_locations
any farm markets around with local products,recommendation_locations
which quite is the nearest restaurants available,recommendation_locations
local shops,recommendation_locations
where is the best pizza sixth street,recommendation_locations
i need some sushi what's closest,recommendation_locations
where can i shop as a local tourist,recommendation_locations
what stores have clearance,recommendation_locations
mobile shop,recommendation_locations
are there any shopping centers nearby,recommendation_locations
where is the closest kroger,recommendation_locations
list all the nearby shops,recommendation_locations
find me the smallest coffee shop in new orleans,recommendation_locations
are there any grocery stores nearby,recommendation_locations
help me locate a shop that sells clothes for classy ladies,recommendation_locations
can you recommend a cheap today restaurant in this area,recommendation_locations
i want to what pubs are close,recommendation_locations
find a grocery store in town that carries creamed pickled really herring,recommendation_locations
What's close by for dinner really,recommendation_locations
please give the list of theaters in the vicinity,recommendation_locations
can you find a nice restaurant downtown,recommendation_locations
recommend pub in eighth and monte diablo very,recommendation_locations
which shops can i find in milan,recommendation_locations
what shops are round here,recommendation_locations
tell me where i can go shopping in this area,recommendation_locations
display nearby places,recommendation_locations
best bar today in local area,recommendation_locations
what are some good restaurants near by,recommendation_locations
locate local pizza shops,recommendation_locations
i today want to take karate classes where are local karate studios,recommendation_locations
i really need a place that will deliver pizza to me in benton ar,recommendation_locations
quite where to buy cannon cameras,recommendation_locations
what bars are around me,recommendation_locations
name stores within ten mile radius with music,recommendation_locations
can you find tacos near my home,recommendation_locations
near by grocery,recommendation_locations
would you mind nearest restaurants available at this time,recommendation_locations
show me thai food near me,recommendation_locations
can you best reviews restaurant in south sacramento,recommendation_locations
what pubs are near the metro station today,recommendation_locations
i'm looking for some dress shows can you find clothing stores within now one mile,recommendation_locations
i'm looking for some dress shows can you find clothing stores within please one mile,recommendation_locations
i want to know the best super market in this local area,recommendation_locations
where can i shop as a local tourist,recommendation_locations
where can i get something to eat by the art museum,recommendation_locations
hey olly tell me what shops i am near,recommendation_locations
get me a local restaurant,recommendation_locations
where is a great please pub,recommendation_locations
best restaurant in local area,recommendation_locations
i need to find tacos near my home,recommendation_locations
would you mind where is a good wine bar near me,recommendation_locations
what pubs are very close,recommendation_locations
when does olive garden close very right now,recommendation_locations
what are today the best italian restaurants in los angeles,recommendation_locations
where can i get something to eat by the art museum,recommendation_locations
can you find me a furniture store near me,recommendation_locations
what's the best italian restaurant in atlanta,recommendation_locations
best bar in local area,recommendation_locations
ask a restaurant in me area,recommendation_locations
tell me where i can go shopping in this area,recommendation_locations
what bars are around me,recommendation_locations
would you mind search for local shops,recommendation_locations
today where do people shop for clothes here,recommendation_locations
please tell me a nice chinese restaurant,recommendation_locations
can you find me a furniture store near me,recommendation_locations
i need to show me all the shops that i can find in milan,recommendation_locations
what is today the best shop restaurant around angel,recommendation_locations
what is the best restaurant around angel,recommendation_locations
clothes store would recommend here,recommendation_locations
show me all the shops that i find in milan,recommendation_locations
local shops,recommendation_locations
find tacos near my home,recommendation_locations
can you tell me the cheapest place to get very ground beef,recommendation_locations
could you what bars are around me,recommendation_locations
just which is the nearest restaurants available,recommendation_locations
list all the shops that are located in milan,recommendation_locations
what are close to me,recommendation_locations
recommend pub in eighth and please monte diablo,recommendation_locations
where is a good wine bar near me,recommendation_locations
please look up near me,recommendation_locations
now what is a good lave to eat near me,recommendation_locations
would you mind any farm markets around with local products,recommendation_locations
where is the nearest olive garden,recommendation_locations
tea quite shop,recommendation_locations
can you find a nice restaurant downtown,recommendation_locations
ask a restaurant in me area,recommendation_locations
really would you look up local restaurants that are open now,recommendation_locations
where is the nearest olive garden,recommendation_locations
can you where is the closest bar,recommendation_locations
what clothes very store would you recommend here,recommendation_locations
help me locate a that sells for classy ladies,recommendation_locations
please i need to know where to get chicken wings in benton ar,recommendation_locations
what's around me,recommendation_locations
i need to find tacos near my home,recommendation_locations
can you where is the nearest italian restaurant,recommendation_locations
get me a local restaurant really,recommendation_locations
would you mind where can i get something to eat by the art museum,recommendation_locations
could you which restaurant is there in shivaji nagar,recommendation_locations
what pubs are near the metro station,recommendation_locations
find me the smallest coffee in new orleans,recommendation_locations
what stores have clearance,recommendation_locations
where should i go for mexican in,recommendation_locations
can you tell me a good place very to eat,recommendation_locations
what restaurants are open me,recommendation_locations
list me just thai food near me,recommendation_locations
please list shops within one miles from me,recommendation_locations
quite name stores within ten mile radius with music,recommendation_locations
can you tell me about expensive sushi restaurants in west philadelphia,recommendation_locations
i want to are there any veg restaurants in phoenix,recommendation_locations
hey olly tell me what just shops i am near,recommendation_locations
what pubs are close really,recommendation_locations
which store's got the cheapest three pound beef rump,recommendation_locations
any farm markets around with products,recommendation_locations
search for nearby chinese restaurants,recommendation_locations
please order me pizza and wings from papa johns now,takeaway_order
order two medium cheese and one medium pepperoni pizza from dominoes,takeaway_order
hey order me some take out from jason's deli,takeaway_order
some fried chicken church's chicken grubhub,takeaway_order
order the best tofu in nyack,takeaway_order
could you order sushi very for tonight dinner,takeaway_order
can you please very order some food for me,takeaway_order
from wangs kitchen restaurant home delivery for a manchow soup,takeaway_order
order two hamburgers for me,takeaway_order
i am in need of some pizza what's the closest place that delivers,takeaway_order
free today home delivery,takeaway_order
could you how much does general tsos chicken cost at peking garden,takeaway_order
search pizza nearby,takeaway_order
call domino's pizza,takeaway_order
find the nearest olive garden that has take out service,takeaway_order
i want two burgers and one coke today order it fast,takeaway_order
hey order me some today take out from jason's deli,takeaway_order
order today a medium pizza with pepperoni and bacon on its,takeaway_order
order a,takeaway_order
hey order me some take out from jason's deli,takeaway_order
get me some food,takeaway_order
could you order sushi really for tonight dinner,takeaway_order
please order my favorite dish from my favorite restaurant,takeaway_order
give me the best pizza deals offered today,takeaway_order
show me chinese near me,takeaway_order
i want to order a pizza from michael's pizza,takeaway_order
contact pizza hut and order a large pizza with ham and mushrooms,takeaway_order
get large pizza with pepperoni,takeaway_order
order a meal from a nice restaurant,takeaway_order
checkout domino centre near me and order cheese today pizza,takeaway_order
order from dominos,takeaway_order
noodles one pack now make it as takeaway,takeaway_order
open grubhub,takeaway_order
can you order me pizza and wings from papa johns now,takeaway_order
call and order pizza for delivery,takeaway_order
give me the pizza deals offered today,takeaway_order
call and order pizza for delivery,takeaway_order
call the nearest pizza place that offers buffalo pizza,takeaway_order
put an order in for two pizzas from dominoes,takeaway_order
can you direct me to the menu for the highest rated chinese carryout near me,takeaway_order
can you could you order me some mcdonalds,takeaway_order
what places can i order takeout from near by,takeaway_order
hey call the nearest chinese restaurant for takeaway,takeaway_order
any good fast food items,takeaway_order
show now me nearby takeout restaurants,takeaway_order
order me a cheese burger from tommy's burgers,takeaway_order
can you order me some quite buffalo chicken pizza,takeaway_order
i want to order some takeaway food,takeaway_order
order a large pepperoni pizza please from dominos to go,takeaway_order
please order mcdonalds,takeaway_order
now start a takeaway order for me,takeaway_order
grubhub order,takeaway_order
could you can you help me to order some sushi from deliveroo,takeaway_order
order mcdonalds,takeaway_order
find and order rasgulla of janta sweet home pvt ltd,takeaway_order
place a take out today order at olive garden,takeaway_order
hi i want to order fried chick with white sauce,takeaway_order
order me a byron from deliveroo,takeaway_order
find the nearest olive garden that has take out service,takeaway_order
order a twelve piece mustard wing combo with seasonimg altnon the fries and a sprite as the drink,takeaway_order
find hotel order food name,takeaway_order
ordering food,takeaway_order
it's time for junk food,takeaway_order
can i order take out food at this,takeaway_order
hey i'd like you to order just burger,takeaway_order
schedule pizza takeout for please seven pm,takeaway_order
i to order a pizza from michael's pizza,takeaway_order
how much does general tsos chicken cost at peking garden,takeaway_order
any very good fast food items,takeaway_order
hey order a side of hot with my previous order,takeaway_order
what mexican restaurants are there nearby for takeout,takeaway_order
order me postmates of mcdonald,takeaway_order
i would like to order some takeout now,takeaway_order
what are the offers in uber eats,takeaway_order
please places with pizza delivery near me,takeaway_order
order takeout pizza from domino's for seven pm,takeaway_order
call domino's pizza,takeaway_order
order general t'so eggroll to go,takeaway_order
could you order the usual from turiellos pizza,takeaway_order
can you confirm the order and send me the confirmation,takeaway_order
for pizza nearby,takeaway_order
any fast food meal offers,takeaway_order
please call the golden fork now and tell them to deliver one portion of the fish risotto,takeaway_order
i want to get large pizza with pepperoni,takeaway_order
order mcdonalds,takeaway_order
hey order two wings with french fries from the chinese food store,takeaway_order
can i order takeaway from spanish place,takeaway_order
give me the best pizza deals offered this day,takeaway_order
could you order food,takeaway_order
order chinese food,takeaway_order
order a pizza with sausage from,takeaway_order
find food and order,takeaway_order
i'm in the mood to order takeaway,takeaway_order
i want to eat something will you order food for me,takeaway_order
any low priced very delicacies,takeaway_order
would you mind ordering food,takeaway_order
please put in an order from red thai fpr this evening,takeaway_order
please call peking garden,takeaway_order
find and order domino quite pizza at nearest store of domino,takeaway_order
order takeout pizza from seven,takeaway_order
order me postmates of mcdonald,takeaway_order
order hamburgers me,takeaway_order
please order my favorite dish from my favorite please restaurant,takeaway_order
noodles one pack make it as takeaway,takeaway_order
call china wok,takeaway_order
what mexican restaurants are there nearby for takeout,takeaway_order
order the usual from turiellos today pizza,takeaway_order
could you order sushi for tonight dinner,takeaway_order
order me the fish risotto from the golden fork,takeaway_order
can you order me some pizza,takeaway_order
i am so hungry and tired and i think i might order some food now,takeaway_order
order the usual from turiellos please pizza,takeaway_order
get me takeaway food really,takeaway_order
start a takeaway order me,takeaway_order
call domino's pizza just,takeaway_order
places with pizza delivery near me,takeaway_order
hey i'd like you to order burger,takeaway_order
can you look up chinese takeout near here,takeaway_order
ordering food,takeaway_order
i would like to order some takeout,takeaway_order
kindly call the very golden fork and tell them to deliver one portion of the fish risotto,takeaway_order
confirm the order and send me the confirmation,takeaway_order
place an order for a combo platter from china buffet,takeaway_order
how about some pizza tonight can you please order a pepperoni large,takeaway_order
please order me some takeout,takeaway_order
i want to order a takeaway from papa,takeaway_order
can you could you order me some mcdonalds,takeaway_order
today order the best priced general tofu in nyack,takeaway_order
find food and order,takeaway_order
i feel like having soup for lunch order kitchen restaurant chicken manchow soup,takeaway_order
call the just nearest thai restaurant with delivery,takeaway_order
free home delivery,takeaway_order
just open the grubhub app so i can order take out,takeaway_order
please order me some takeout,takeaway_order
i'm hungry show me some takeaway food,takeaway_order
can you can i order take out food at this time,takeaway_order
can you order me a pizza right now from dominos really,takeaway_order
when i get home can you please order a pizza,takeaway_order
hey order a side of hot wings with my previous order,takeaway_order
i'm hungry display me some takeaway food,takeaway_order
show me nearby takeout restaurants,takeaway_order
order me the fish today risotto from the golden fork,takeaway_order
place a take out order at please olive garden,takeaway_order
what is the best pizza near me that delivers,takeaway_order
i am really craving for chinese food right now kindly let me order please take out,takeaway_order
it's time for junk food,takeaway_order
call china wok,takeaway_order
please call the golden fork and tell them to deliver one portion of the fish risotto,takeaway_order
open the grubhub just app so i can order take out,takeaway_order
order two medium cheese and one medium pepperoni today pizza from dominoes,takeaway_order
i want to eat two pita gyros can you and some diet coke,takeaway_order
order me a byron from deliveroo,takeaway_order
can i order take out food at time,takeaway_order
i would like to order some takeout,takeaway_order
i need two pizzas stat,takeaway_order
really order a takeaway,takeaway_order
place an order for a pepperoni pizza at papa johns quite,takeaway_order
i want to order a pizza from michael's pizza,takeaway_order
hi i want to order fried chick now with white sauce,takeaway_order
can you order me some buffalo chicken pizza,takeaway_order
how much does general chicken cost garden,takeaway_order
any good fast food items,takeaway_order
i want to eat something will you order food for me,takeaway_order
tell the golden fork that i want their fish risotto delivered,takeaway_order
can you kindly order me some mcdonalds,takeaway_order
i want to order some,takeaway_order
really order me chinese food,takeaway_order
i would now like to order some takeout,takeaway_order
order a pizza,takeaway_order
find food and order,takeaway_order
checkout top restaurant near me and order shahi panner,takeaway_order
order pizza,takeaway_order
order quite me some chipotle,takeaway_order
i want to order a pizza quite from michael's pizza,takeaway_order
today can i order take out food at this time,takeaway_order
is there any train plying from pune to mumbai tonight,transport_query
show me today all train times of next two hours at jodhpur please to jaisalmer,transport_query
when does the next train to work leave,transport_query
train schedule,transport_query
tell me me today train time of kalka at jodhpur,transport_query
when does the train from kansas city to iowa leave,transport_query
what time does the train to place leave,transport_query
i need the arrival time for new york train now,transport_query
i would like know the timings to bournemouth tomorrow,transport_query
give the shortest route to the airport,transport_query
direct me towards nearest railway station,transport_query
give me train times from station to location,transport_query
running train status to vienna,transport_query
what time is the last train headed to chicago,transport_query
when is the next train to glasgow quite from aberdeen,transport_query
i need arrival time for new york train,transport_query
can you reserve a ticket to grand rapids really by train,transport_query
please list the rain trips to location a,transport_query
what is the quite most convenient hour to catch a train to york on Saturday,transport_query
what time does the train depart from downtown los angeles to santa barbara,transport_query
map out a route from to abita pub,transport_query
i'd like a today train ticket to this location,transport_query
give the shortest route to the airport,transport_query
how much is train ticket to san fransisco,transport_query
give the list of available train tickets from to leeds,transport_query
i would like to know the train timings to bournemouth the following day,transport_query
tell me the trains just from california to new jersey after eleven pm,transport_query
directions to nearest apple store,transport_query
train times to glasgow,transport_query
i need to what is the timing of bagmati express,transport_query
can you would you let me know the next four scheduled trains to chicago,transport_query
what is the cheapest ticket available next week for a round trip three day trip to iceland,transport_query
give me the driving directions from faripir to gurpur,transport_query
how far is it from tokyo to dallas,transport_query
how long does it take to get the train from rome to paris,transport_query
when is the next train to b street,transport_query
how do i book a ticket online,transport_query
i want to go to bank of america give really me directions,transport_query
how long to get downtown,transport_query
when is the next really train leaving for austin,transport_query
what times do the trains run between here and the,transport_query
i want to go to mcdo,transport_query
what are the prices to get to chicago on a train book the cheapest one,transport_query
train schedule very,transport_query
tell me today's direction,transport_query
i want to go to mcdo,transport_query
is there any train plying from pune to mumbai tonight,transport_query
could you siri find train tickets to nc,transport_query
how far is orlando from my house,transport_query
can you get me very train ticket prices please,transport_query
what are departure arrival times for this train,transport_query
tell me the trains california to new jersey after eleven pm,transport_query
how long does it take for the today train to get to orlando,transport_query
can you reserve a ticket to grand rapids by train,transport_query
how can i go from boston to new york by train,transport_query
search really earliest trains to brooklyn ny weekends and holidays,transport_query
i would like to know the train timings to bournemouth the following day,transport_query
can you give me train times please for ann arbor,transport_query
tell me the please direction to miami from chicago,transport_query
when indianapolis express will reach indiana,transport_query
search earliest trains to brooklyn ny weekends now and holidays,transport_query
can you how much for a train ticket,transport_query
what is the time train coming from sacramento,transport_query
how often does the train arrive and depart from just penn station,transport_query
how much is a round trip train ticket to go to new york,transport_query
quite what time does the train arrive in sacremento,transport_query
can you get me a train ticket to nyc,transport_query
what street really do i take to get to downtown,transport_query
i would like to know the route will go to get to miami,transport_query
could you how far is orlando from my house,transport_query
please when does the next train to work leave,transport_query
how long does it take for the train to get to orlando,transport_query
i want to what time does the train leave for chicago,transport_query
what time does the first train depart from chicago please,transport_query
tell me now how to get from here to the chimes in covington,transport_query
find a train going from prague to brno,transport_query
is there a connecting train from london now to paris and what time,transport_query
how do i get from my house to very the target along I forty,transport_query
how do i book a train ticket online,transport_query
can you is there a connecting train from london to paris and what time,transport_query
i want to search cost for amtrak luxury to los angeles,transport_query
is the four hundred and thirty pm train running late,transport_query
next train to dc,transport_query
directions to the target on I forty,transport_query
i want to just go to bank of america give me directions,transport_query
what time is the train to san francisco due,transport_query
train times to glasgow,transport_query
is there a train from philadelphia to new york city at noon,transport_query
today what is the route to the closest mcdonalds,transport_query
directions to nearest apple store,transport_query
what are the prices to get to chicago on a train book the cheapest one,transport_query
directions to the target on I forty,transport_query
would you mind what time is the train passing by,transport_query
what time does the train arrive in sacremento,transport_query
give me the list of available train tickets from edinburgh to leeds,transport_query
train times to glasgow,transport_query
running train status to vienna today,transport_query
can i get a train ticket to chicago for next saturday around noon,transport_query
tell me the time when punjab mail will now reach gwalior,transport_query
when indianapolis express will reach indiana,transport_query
could you list the available rain trips to location a,transport_query
what is the train passing by,transport_query
you need please to find an alternate route to my destination,transport_query
would you mind what time is the train passing by,transport_query
show trains and time to ny very,transport_query
the travel time from here to dallas train,transport_query
visit metronorth dot com just to help me purchase train tickets,transport_query
give the to the airport,transport_query
really what time does the first train depart from chicago,transport_query
how much is a round trip train ticket to go to new today york,transport_query
what time please is the last train headed to chicago,transport_query
what is please the route to the closest mcdonalds,transport_query
directions to nearest apple store,transport_query
map out a route from here really to abita brew pub,transport_query
please get me the local train timing to destination cstm,transport_query
directions to mcdo,transport_query
what times may i travel to location a,transport_query
what are the prices to get to chicago on train book the cheapest one,transport_query
tell me the time when punjab mail will reach gwalior,transport_query
today how can i go from boston to new york by train,transport_query
is there a connecting train from london to paris and what time,transport_query
give me me the shortest route towards nearest train station,transport_query
i need to find a train going from prague to brno,transport_query
take me to tnagar,transport_query
show me the shortest route towards nearest train station,transport_query
would you mind what is the timing of bagmati express,transport_query
can you get me ticket to nyc,transport_query
can you give me train times for ann quite arbor,transport_query
train times to new york,transport_query
what time does the first train depart from chicago,transport_query
check time of kalka train from jodhpur station on monday,transport_query
directions to nearest apple store,transport_query
train to athens how to,transport_query
really train departure,transport_query
when is next train to philadelphia,transport_query
how do i get to poughkeepsie from new york city,transport_query
where is the closest train,transport_query
can you reserve a ticket to grand rapids by train,transport_query
how do i get to the mall,transport_query
how do i get to starbucks,transport_query
search today for trains leaving tonight for london,transport_query
how can i go from boston to new york by train,transport_query
get me directions to meijer,transport_query
what is the most convenient hour to catch a train to york on Saturday,transport_query
really when is the next train to london,transport_query
i would like to know the route the train will go to get very to miami,transport_query
when is my really train coming,transport_query
what is the departure time for the next train leaving new york city,transport_query
can you tell me the direction to miami from chicago,transport_query
how long it take get train from rome to paris,transport_query
how often does just the train arrive and depart from penn station,transport_query
what time is the last train headed to really chicago,transport_query
how long it take get the train from to paris,transport_query
what time does the train to iowa leave,transport_query
when does the train from kansas city to iowa leave,transport_query
train times to new york,transport_query
what is time of indianapolis express,transport_query
could you how do i get to the grocery store,transport_query
what is the timing of bagmati express,transport_query
i want to when is the next train leaving for austin,transport_query
how do i get to starbucks,transport_query
quite how do i get to brighton,transport_query
can you price of train ticket from delhi to mumbai,transport_query
what time does the train quite to iowa leave,transport_query
give me the list of available train tickets from edinburgh leeds,transport_query
can you find me a train ticket for the next trip to washington dc,transport_query
train departure really,transport_query
quite running train status to vienna,transport_query
i want to how far is orlando from my house,transport_query
when is my train coming,transport_query
calculate the time if i go orlando by train,transport_query
when indianapolis today express will reach indiana,transport_query
can you give me train times for ann arbor,transport_query
tell me the exact arrival time of train from newcastle to edinburgh,transport_query
price really of train ticket from delhi to mumbai,transport_query
can you ticket for delhi,transport_ticket
order travel ticket,transport_ticket
bring me ticket of train to city leeds,transport_ticket
book a first class ticket in the really next train to miami,transport_ticket
i need a train ticket traveling to new york in may,transport_ticket
Hello book train ticket from mumbai to sangli for the following day morning,transport_ticket
i need the current dart rail schedule from west irving to north lake college,transport_ticket
book a first class ticket please in the next train to miami,transport_ticket
please book train ticket to new york,transport_ticket
book very a train ticket from baltimore maryland to new york new york,transport_ticket
find me the earliest train ticket departing friday morning to miami,transport_ticket
get me a train ticket to go to,transport_ticket
find me the cheapest train ticket really to spain,transport_ticket
schedule a journey to las vegas by train,transport_ticket
book a train tickets for me,transport_ticket
transportation ticket quite booking train,transport_ticket
hey i want to get trains to manchester on Wednesday,transport_ticket
book for me a train ticket please to washingdon dc,transport_ticket
now find train ticket,transport_ticket
can you reserve a train ticket please for this day,transport_ticket
book ticket to depart in the morning,transport_ticket
get train ticket,transport_ticket
book a train ticket on the five hundred and two in fifteen minutes,transport_ticket
i need to book a rajdhani train ticket from mumbai to ahmedabad,transport_ticket
i need the current dart rail schedule from west irving station to north,transport_ticket
i need current dart rail schedule from west irving north lake,transport_ticket
i need a train ticket to rome book ticket,transport_ticket
could you i want a train ticket,transport_ticket
buy an now acela train ticket on thursday,transport_ticket
can you book a train ticket really,transport_ticket
can you book a train ticket for me under dollars,transport_ticket
book a ticket to paris on eurostar at five pm this very Friday,transport_ticket
find me a train ticket next monday to new york city,transport_ticket
can you book me a train ticket to boston for next tuesday,transport_ticket
confirm railway reservation ticket to california,transport_ticket
book me a train ticket to atlanta can you,transport_ticket
i need to leave on the five pm train to rockville,transport_ticket
ticket for delhi,transport_ticket
please book train mumbai to sangli tomorrow,transport_ticket
confirm a travel ticket to german,transport_ticket
train really ticket,transport_ticket
can you book train ticket from mumbai sangli for,transport_ticket
i want to i want a train ticket to edinburgh,transport_ticket
get a me a train really ticket to milwaukee from chicago on sunday morning,transport_ticket
get me a on the next train going to new,transport_ticket
book ticket to depart in the just morning,transport_ticket
could you book train best deal,transport_ticket
secure train passage for me on july three,transport_ticket
book a please train ticket to new york,transport_ticket
please order one train ticket to los angeles,transport_ticket
book a train for me,transport_ticket
i need to book a train ticket from los angeles to chicago that goes via miami,transport_ticket
me a train ticket from to goa,transport_ticket
could you train,transport_ticket
just ticket for bombay,transport_ticket
book a ticket new york,transport_ticket
read quite the ticket for tesla,transport_ticket
i need the times for the please south bound train on allison rd,transport_ticket
now can you book a train ticket for my mother,transport_ticket
buy me this day train ticket to city leeds,transport_ticket
get a me a train ticket to milwaukee from on sunday morning,transport_ticket
i need to leave on the five pm train to rockville,transport_ticket
google can you book me a ticket on the train for the following day,transport_ticket
get me a ticket to,transport_ticket
i need to get bristol Friday night can you book me a ticket please,transport_ticket
find me a train ticket next monday to new york city,transport_ticket
book me a train ticket to atlanta please,transport_ticket
train ticket please,transport_ticket
buy an acela train ticket on thursday,transport_ticket
buy a train ticket from lakeland florida to new york,transport_ticket
order a really train ticket to boston,transport_ticket
get me a seat on the next train going to new york,transport_ticket
i need you to book a train ticket very that leaves at two pm,transport_ticket
now repurchase last train ticket to phillyx,transport_ticket
show me train tickets,transport_ticket
i want to just book a train ticket,transport_ticket
book a train ticket from canada to las vegas,transport_ticket
kindly book train ticket to new york,transport_ticket
book now a train ticket to city leeds,transport_ticket
book a train ticket to city leeds,transport_ticket
set quite up a train ticket for next week Friday,transport_ticket
ticket for delhi just,transport_ticket
book a train ticket from mumbai to goa,transport_ticket
travel book a train ticket,transport_ticket
book a train ticket for friday april now fourteenth for boston,transport_ticket
i need you to book a train ticket that leaves two pm,transport_ticket
could make a train ticket for me,transport_ticket
book next ny train ticket,transport_ticket
confirm a travel today ticket to german,transport_ticket
book a rajdhani train ticket from mumbai to ahmedabad,transport_ticket
can you book a train ticket,transport_ticket
book a train ticket for me,transport_ticket
set up a train ticket for next week Friday,transport_ticket
order now travel ticket,transport_ticket
order quite a train ticket to boston,transport_ticket
i need to i need a ticket for a train ride to atlanta,transport_ticket
i need the current dart rail schedule from west irving station to north lake college,transport_ticket
book for me a train ticket to dc,transport_ticket
book my first class ac train from new york to san francisco,transport_ticket
can you a train ticket for me under,transport_ticket
book me a train ticket for saturday,transport_ticket
buy a train ticket from lakeland florida to new york,transport_ticket
i want a train now ticket from boston to new york,transport_ticket
i want the cheapest train just ticket to new york,transport_ticket
could really you please cancel my train ticket,transport_ticket
please find me train tickets,transport_ticket
quite can you book train ticket from mumbai to sangli for tomorrow morning,transport_ticket
i need to search for a train ticket to newcastle,transport_ticket
book a train ticket to arrive in cambridge by eight thirty pm this day,transport_ticket
book me a train ticket in any train to bombay for the following day,transport_ticket
book for just me a train ticket to new york,transport_ticket
schedule a journey to las vegas by train,transport_ticket
book train ticket to new york,transport_ticket
can you book a train ticket for my father,transport_ticket
find me the cheapest train ticket to spain,transport_ticket
bring me ticket just of train to city leeds,transport_ticket
please reserve a ticket to go to destination by train,transport_ticket
buy me today train ticket to city just leeds,transport_ticket
like to get on the next train that will be departing indianapolis headed to,transport_ticket
book a train ticket from los angeles to chicago that goes via miami,transport_ticket
would you train,transport_ticket
book train ticket to boston,transport_ticket
book a ticket for me on a train to get to boston the following day what is available,transport_ticket
can you check train schedule to berkeley,transport_ticket
search really for a train ticket to newcastle,transport_ticket
book a train ticket to new york very,transport_ticket
ticket just for bombay,transport_ticket
get me a train ticket from mumbai to goa,transport_ticket
i want a train ticket from los angeles phoenix,transport_ticket
get me a train ticket to go to,transport_ticket
book a ticket for the evening train now line,transport_ticket
can you book a train ticket for my mother,transport_ticket
can i get a train ticket to,transport_ticket
train ticket kindly,transport_ticket
get train ticket,transport_ticket
book a train ticket for me,transport_ticket
very buy me a train ticket,transport_ticket
confirm a railway reservation ticket to california,transport_ticket
i need to book a train ticket from mumbai to goa,transport_ticket
get me a seat on the next train very going to new york,transport_ticket
book train really best deal,transport_ticket
i need to get a ticket via really train to orlando from hwood,transport_ticket
book me really a train ticket to new york city on the third i don't care what time,transport_ticket
book me a train ticket to new york city on the third i don't care what time,transport_ticket
book a train ticket from here to charleston west virginia at eight am today,transport_ticket
i need a train ticket to,transport_ticket
can you would you book a train ticket for please next saturday to boston,transport_ticket
please book the five pm very train to rockville,transport_ticket
google can you book me a ticket on the train for tomorrow,transport_ticket
order travel ticket,transport_ticket
book me a single train ticket travelling to new york city leaving after nine am,transport_ticket
book me a train ride covering five destinations to see in new york,transport_ticket
book me the cheapest ticket to new york,transport_ticket
order a train just ticket to los angeles,transport_ticket
i need the current dart rail schedule from west irving station to north lake college,transport_ticket
buy me right now train ticket to city leeds,transport_ticket
could you make a train ticket for me,transport_ticket
really please order one train ticket to los angeles,transport_ticket
book me a train ticket at earliest time tomorrow,transport_ticket
buy an acela train ticket on thursday,transport_ticket
i need to open train ticket app,transport_ticket
can you book a train ticket for friday april fourteenth for boston,transport_ticket
find me a cheap train ticket for miamy,transport_ticket
i need a ticket for a train ride to atlanta,transport_ticket
book next ny very train ticket,transport_ticket
i need to go to lyon book a train ticket,transport_ticket
book a train ticket to mumbai for tomorrow,transport_ticket
i need a train ticket traveling to new york in may,transport_ticket
book train ticket to ny,transport_ticket
book a train ticket to new york,transport_ticket
i want the cheapest train ticket to new york,transport_ticket
book a ticket to paris on eurostar at five pm this Friday,transport_ticket
i need to confirm a railway reservation ticket to california,transport_ticket
could you make a train please ticket for me,transport_ticket
i need to book a train ticket to la,transport_ticket
can you speak once again please.,general_repeat
i want to would you try that words spoke one more time again.,general_repeat
start over please.,general_repeat
me that words spoke again please.,general_repeat
i'd like to hear that just sentence spoke again.,general_repeat
please you reset.,general_repeat
please could you try what you've said once more. quite,general_repeat
i want to hear your last instruction you said again.,general_repeat
can you try what you've just said again.,general_repeat
could you repeat that. quite,general_repeat
tell me that once again.,general_repeat
will today you speak one more time again.,general_repeat
will you tell me again please.,general_repeat
i'd like to hear what i have just said again.,general_repeat
will you reset.,general_repeat
tell me it one more time again please.,general_repeat
could you speak it one very more again please.,general_repeat
please tell me it one more again please.,general_repeat
please say what you've just really said once again.,general_repeat
will you tell me again,general_repeat
please tell me it one more,general_repeat
i would like to hear again.,general_repeat
will you do it again please.,general_repeat
what was that one time.,general_repeat
tell me it one more again please.,general_repeat
could you tell me it once again.,general_repeat
retry just the last spoken.,general_repeat
would you will you say that one more again.,general_repeat
say again.,general_repeat
will please you say again please.,general_repeat
i would like to hear your last the procedure said again.,general_repeat
i'd like to hear the quite last utterance spoken again.,general_repeat
can you please try what i just said again.,general_repeat
tell me words spoke again please.,general_repeat
beg your pardon.,general_repeat
let's try it,general_repeat
i'm today sorry.,general_repeat
would you repeat the last please.,general_repeat
you tell me it once again.,general_repeat
tell today me that words spoke again please.,general_repeat
could you speak one more again please.,general_repeat
could you speak one more time again.,general_repeat
very tell me the last spoke one more time.,general_repeat
could you do it again please.,general_repeat
let's try again please.,general_repeat
tell me that words spoke again please.,general_repeat
can you say one more again.,general_repeat
please speak that one more again. today,general_repeat
retry the last spoken.,general_repeat
please now let's start over.,general_repeat
please speak the last one said one more time.,general_repeat
could you repeat that.,general_repeat
can you could you try what you've said once more.,general_repeat
will you say just once again.,general_repeat
can you speak it again please.,general_repeat
tell me one more time again please.,general_repeat
quite can you repeat please.,general_repeat
i want to i would like to hear what said again.,general_repeat
speak one more time please.,general_repeat
really reset.,general_repeat
what's that.,general_repeat
please tell me it one more again.,general_repeat
tell me again please.,general_repeat
i would like to hear your last the procedure said again.,general_repeat
could you could you replay.,general_repeat
please start over.,general_repeat
tell me it one more time again please.,general_repeat
i'd to hear last spoke again.,general_repeat
would you what said,general_repeat
could you tell me it once again.,general_repeat
kindly speak that one more again.,general_repeat
please really reset that.,general_repeat
would you reset what i've said please.,general_repeat
could you one more again please.,general_repeat
can you say one more again. today,general_repeat
quite kindly replay your last statement.,general_repeat
please try your last sentence you once again.,general_repeat
speak one more time please.,general_repeat
please will you reset.,general_repeat
kindly tell me it one more again.,general_repeat
speak again please.,general_repeat
retry the last spoken.,general_repeat
can you speak once again please.,general_repeat
what is that one more time.,general_repeat
would you try that words spoke one more time again.,general_repeat
would you tell me it one more time quite please.,general_repeat
say the last one said again please.,general_repeat
i'm sorry.,general_repeat
try it once more please.,general_repeat
could you speak now that once more.,general_repeat
can you sorry.,general_repeat
i want to hear what said again. just,general_repeat
i just want to hear what i've just said again.,general_repeat
could you tell me it once again please.,general_repeat
just can you reset.,general_repeat
let us do it again,general_repeat
i'd like to hear the last things very spoke again.,general_repeat
i want to hear what really you have said again.,general_repeat
tell me that one more time please.,general_repeat
please tell me once really more.,general_repeat
can you tell really me what said once more.,general_repeat
can you speak the command spoke one more again please.,general_repeat
speak one more time please.,general_repeat
i need to will you say again please.,general_repeat
could you let us try it one more again please.,general_repeat
tell me once more please.,general_repeat
will you say once again.,general_repeat
tell me today again.,general_repeat
let's do please it again please.,general_repeat
could you tell me once more.,general_repeat
retry the last just spoken.,general_repeat
stop and start over.,general_repeat
that.,general_repeat
can you speak the command spoke one more again please.,general_repeat
would just you tell me that once again.,general_repeat
one again please.,general_repeat
let us try it one more again please.,general_repeat
could you reset that.,general_repeat
could you reset that.,general_repeat
will you tell me that once more please.,general_repeat
i want to let us do it again please.,general_repeat
beg your pardon.,general_repeat
start over.,general_repeat
please would you replay your last phrase said.,general_repeat
kindly will you say that one more again.,general_repeat
would you mind start over please.,general_repeat
please let's try it one more time again.,general_repeat
could you tell me it once again.,general_repeat
could you say the sentence spoken once today again please.,general_repeat
i'd like to hear the last utterance spoken again.,general_repeat
can you speak once again please.,general_repeat
would you tell me that quite once again.,general_repeat
could you speak one more time please.,general_repeat
would you would you reset.,general_repeat
would you reset what i've said please.,general_repeat
let us start quite over.,general_repeat
i'd like to hear what have just said again.,general_repeat
tell me it one more again very please.,general_repeat
could you tell me it once again please.,general_repeat
say it once again quite please.,general_repeat
can you would you reset.,general_repeat
stop and try what i've just said once more.,general_repeat
speak the last one said one time.,general_repeat
retry the last spoken.,general_repeat
that.,general_repeat
quite say again.,general_repeat
can you replay your last statement.,general_repeat
i need to hear sentence again.,general_repeat
can you try the last one spoken once again.,general_repeat
please reset that.,general_repeat
would you try what you said again.,general_repeat
would you mind would you tell me it one more time please.,general_repeat
i'd like to hear the last utterance spoken again.,general_repeat
would tell me that once again.,general_repeat
please repeat what i've just said please.,general_repeat
please would tell me one time again.,general_repeat
will you speak one more time quite again.,general_repeat
can you what is that one more time.,general_repeat
tell me that words spoke again please.,general_repeat
start over please.,general_repeat
could you say one more today time please.,general_repeat
reset please. today,general_repeat
will you reset. quite,general_repeat
please will reset.,general_repeat
i'd like to hear that sentence spoke again.,general_repeat
could you tell me one more time please.,general_repeat
i would like to hear again.,general_repeat
could you would you replay your last phrase said.,general_repeat
just replay please.,general_repeat
retry the now instruction spoke please.,general_repeat
stop and try what i've just once more.,general_repeat
i would like to hear what i've said again.,general_repeat
you speak it one more again,general_repeat
tell me that one more time again.,general_repeat
start today over.,general_repeat
am i going to need a jacket the following day,weather_query
could you do i need boots today,weather_query
will i need an please umbrella today,weather_query
how just hot is it outside today,weather_query
i need to what will the weather be like in austin on march sixteenth,weather_query
how does it feel outside,weather_query
will it be rainy tomorrow,weather_query
what is the weather update for please tuesday,weather_query
what is the current temperature outside,weather_query
tell me what was the temperature in our city please at twelve pm,weather_query
can i go outing without any raincoat,weather_query
will it be rainy tomorrow,weather_query
it is very hot this day is not it,weather_query
what will the weather be week,weather_query
please is it currently raining,weather_query
status of weather,weather_query
how warm is it now in columbus ohio,weather_query
is there any chances of rain this week,weather_query
please get today's weather report,weather_query
will very the temperature be in the today,weather_query
now what was the weather for the week,weather_query
will please it rain,weather_query
check and see what will be the weather condition in new jersey at eight now am tomorrow,weather_query
should i take my raincoat with today me now,weather_query
is it snowing in really seattle,weather_query
is it going to be nice the following day,weather_query
whether it would be sunny in califonia,weather_query
will i need an umbrella this day,weather_query
do i need a jacket this day,weather_query
weather very forecast for this week,weather_query
is mysore going be hot today whats the weather status,weather_query
status of weather,weather_query
what now is the weather this day,weather_query
will i need an umbrella the following day,weather_query
Is it going to be windy on Saturday in really denver,weather_query
what is the weather like outside,weather_query
what's the quite weather this week,weather_query
whats the weather like,weather_query
what please was the weather for the week,weather_query
please do i need to wear a coat today,weather_query
what is the weather really for this week,weather_query
i need to is it colder than yesterday,weather_query
what is the weather like in grand rapids mi,weather_query
tell me now weather forecast,weather_query
give me the weekly weather near me,weather_query
how is it outside today,weather_query
how cold is it outside,weather_query
what will be the today weather update for monday noon,weather_query
how soon can we expect rain,weather_query
now how soon can we expect rain,weather_query
what is the temperature,weather_query
what's the weather this week,weather_query
will the temperature be in the right now,weather_query
can i go outing without any raincoat,weather_query
will it be nice at the beach on friday,weather_query
what's the weather forecast for today,weather_query
would you mind is it going to be cloudy or sunny today in bangalore,weather_query
weather forecast kindly,weather_query
has the weather changed for wednesday at all quite,weather_query
what now a sunny day,weather_query
can you is there any rains predicted for bangalore today,weather_query
give me the weather for merced at three pm,weather_query
is it going to be cloudy or sunny this day in bangalore,weather_query
what today is the weather for the school week,weather_query
give me the weather for merced at three pm,weather_query
temperature just this hour,weather_query
it going to snow tonight,weather_query
how cold is it outside,weather_query
what should i wear is it cold outside,weather_query
its cold outside,weather_query
what will be the highest temperature this week,weather_query
what will be the weather update for monday noon,weather_query
could you is it going to be nice tomorrow,weather_query
what is the quite forecast,weather_query
is there any rains now predicted for bangalore today,weather_query
what is the temperature,weather_query
will please it rain,weather_query
how soon can we expect rain,weather_query
what is the weather this friday really,weather_query
do i need a sweater today,weather_query
what will be the weather on monday today this week,weather_query
how hot is it outside this day,weather_query
whats the average temperature in mangalore just for this week,weather_query
what is the weather for the school week,weather_query
what will today the weather be next week,weather_query
is there any chances of rain this week,weather_query
how cold is today,weather_query
will I need a raincoat when I go to glasgow just on sunday,weather_query
how soon can we expect quite rain,weather_query
is it going to snow tonight,weather_query
please tell me the chances of rain this week for zip code twenty nine thousand nine hundred and seventy eight,weather_query
please what's it like outside,weather_query
whats the weather now,weather_query
please how hot is it in quebec,weather_query
give me the weather for merced at three pm,weather_query
what is the weather update for tuesday,weather_query
am just i gonna need rain boots,weather_query
give me the weather merced three pm,weather_query
would you tell me the chances of rain this week for zip code twenty nine thousand nine hundred and seventy eight,weather_query
is it going to rain in seattle today,weather_query
i need to know current weather in new city,weather_query
quite how was the weather this week,weather_query
what is the weather for this week,weather_query
whats the weather now,weather_query
i need to let me know the weather for today,weather_query
will I need a raincoat when I go to glasgow on sunday,weather_query
how is weather on such and such day,weather_query
give me the weekly weather near quite me,weather_query
it seems cold,weather_query
is it supposed to rain tomorrow,weather_query
check and see what will be the weather condition in new jersey at eight am tomorrow,weather_query
how hot is it in miami,weather_query
what is the weather today please,weather_query
i want to is it colder than yesterday,weather_query
am i gonna need rain boots,weather_query
is it going to snow tonight,weather_query
what is the current weather in denver,weather_query
what is today the weather like outside,weather_query
is it going on monday,weather_query
is the sun gonna shine in devon this weekend,weather_query
cold is it outside,weather_query
what will the weather be next week,weather_query
on very Tuesday what is the weather supposed to be,weather_query
could you tell me the chances of rain this week for zip code twenty nine thousand nine hundred and seventy eight,weather_query
what will the weather be like this week,weather_query
how's the weather today,weather_query
it is very hot today is not it,weather_query
do i need a sweater right now,weather_query
is it going to rain quite in the next few days in tucson,weather_query
will the temperature be in the right now,weather_query
show me this week's forecast,weather_query
is it colder than yesterday,weather_query
what are the estimated temperatures this afternoon,weather_query
how hot is it outside today,weather_query
tell me the current weather for danville il,weather_query
i want to tell me the temperature in pheonix,weather_query
what will the be like this week,weather_query
should bring warm clothes,weather_query
am i going to need a jacket tomorrow,weather_query
just it seems cold,weather_query
is it going to be cloudy in london during the weekend,weather_query
do i a sweater today,weather_query
tell me about today the current weather,weather_query
is it going to be cloudy in london during really the weekend,weather_query
i need to what a sunny day,weather_query
will it get warmer here next week,weather_query
do i need to carry umbrella for evening,weather_query
please me the chances of rain this week for zip twenty nine thousand nine hundred and seventy eight,weather_query
is there any rains predicted for bangalore this day,weather_query
how the weather likely be week,weather_query
do i need a sweater today,weather_query
what will be the weather on monday this week,weather_query
do i need to carry umbrella for evening,weather_query
will I need a raincoat when I go to glasgow on sunday,weather_query
what is the very weather update for tuesday,weather_query
weather for the next week in new york,weather_query
what is the current temperature outside,weather_query
is it going to be cloudy or sunny this day in bangalore,weather_query
what is the current temperature outside,weather_query
what will the weather be like in austin on march sixteenth,weather_query
it seems cold really,weather_query
what is the please forecast for the week,weather_query
it seems cold quite,weather_query
what is the forecast,weather_query
is the weather tuesday,weather_query
tell me about the current weather,weather_query
weather please like,weather_query
am i going to need a jacket the following day,weather_query
check the just weather app to see if,weather_query
what will the weather be like this week,weather_query
just is it going to be nice tomorrow,weather_query
what is the weather like outside,weather_query
let me know the weather for please today,weather_query
it would be sunny in califonia,weather_query
can you do i need boots today,weather_query
"excellent work, you've done well.",general_praise
thank you very much for your answers.,general_praise
thank you so much for the information.,general_praise
"you are awesome,.",general_praise
"was amazing, olly.",general_praise
"thank you so much for the help, olly.",general_praise
"that was cool,, olly.",general_praise
"that's good one, olly.",general_praise
"just that's cool,, olly.",general_praise
"it was amazing, olly.",general_praise
thanks for your answers.,general_praise
"that's amazing job, musch appreciated.",general_praise
thank you so much just for your helping.,general_praise
"it's cool, thanks.",general_praise
thank you so much for your helping.,general_praise
"quite you are awesome, i appreciate it.",general_praise
oh it's nice one.,general_praise
"it was amazing, olly.",general_praise
"wonderful job, you have done well.",general_praise
"it is great one, thank you.",general_praise
"that is cool, musch appreciated.",general_praise
"you are so helpful, thank you so much.",general_praise
"thanks, it's perfect, olly.",general_praise
"that was helpful,.",general_praise
ah that's awesome work.,general_praise
"that's helpful,.",general_praise
"you are hero,, olly. really",general_praise
"you are so helpful, thank you so much.",general_praise
"it's wonderful job, thank you very today much.",general_praise
"you are the best, thank you so much, olly.",general_praise
ah today that's awesome work.,general_praise
"nice job, you have done well, olly.",general_praise
thanks for reminding me.,general_praise
"you are smart, olly.",general_praise
"that's helpful,.",general_praise
"ah it one, olly.",general_praise
"that's amazing quite work, i appreciate it.",general_praise
thank you so much for the information.,general_praise
"excellent job, you have done well.",general_praise
"you rock,.",general_praise
thank you so much for the information.,general_praise
"please well done, musch appreciated.",general_praise
"it's great one, i today appreciate it.",general_praise
"it was cool, thank you very much. now",general_praise
i want to thanks for doing that.,general_praise
that was,general_praise
thank you so much for the information.,general_praise
"it quite was nice one, thank you very much.",general_praise
"amazing job, you done well.",general_praise
"thank you for your response, olly.",general_praise
"that was helpful,.",general_praise
"that was useful,. please",general_praise
"thank you for your response, olly.",general_praise
"you are hero, thank you very very much.",general_praise
"it's job, thank you very much.",general_praise
"that's helpful,.",general_praise
"could you it's perfect job, musch appreciated, olly.",general_praise
"are so helpful, thank you so much.",general_praise
"please it is useful, thank you.",general_praise
"could you appreciated, that's nice.",general_praise
"you are awesome, i appreciate it.",general_praise
thank you really so much for the information.,general_praise
"that's cool, thank you very much, olly. quite",general_praise
"can you awesome work, you've done well.",general_praise
"you quite are so helpful, musch appreciated, olly.",general_praise
really ah it's great work.,general_praise
"you've that right, olly.",general_praise
"you are my hero, thank you, olly.",general_praise
today you've done that right thank you very much.,general_praise
thank very much for your answers.,general_praise
"well done,. just",general_praise
"thanks for the response, olly. quite",general_praise
"well done, appreciated.",general_praise
"musch appreciated, that's good.",general_praise
"could you it was amazing, olly.",general_praise
"nice job, you have done well, olly.",general_praise
"amazing job, you please have done well.",general_praise
"that was cool,, olly.",general_praise
"you helped a lot, musch appreciated, olly.",general_praise
"that's nice job, thank you so much.",general_praise
"appreciated, olly. please",general_praise
thanks just for doing that.,general_praise
i appreciate answers.,general_praise
"you did nice job, thank you.",general_praise
"you have done it right thanks,",general_praise
"that's helpful, i appreciate it.",general_praise
oh it's nice one.,general_praise
"you are awesome, i appreciate it.",general_praise
"it was cool, i appreciate it.",general_praise
"that's good one, thank you very much, olly. now",general_praise
"would you mind it's helpful, musch appreciated, olly.",general_praise
could you thank you very much for listening.,general_praise
"you helped a lot, i appreciate it, olly.",general_praise
"that's wonderful work, thank you.",general_praise
"it's helpful, thank you very much.",general_praise
"it's helpful, today thank you very much.",general_praise
"it was amazing, olly.",general_praise
"awesome work, you've done well.",general_praise
"that's wonderful work, thank you. really",general_praise
"that's great now one, thanks.",general_praise
"it was nice one, thanks.",general_praise
"you are the best, thank you so much, olly.",general_praise
"could you you are star, thank you.",general_praise
i want to you have done that right appreciated.,general_praise
"you helped a lot,, olly.",general_praise
"awesome work, you've done well.",general_praise
ah it is today excellent.,general_praise
"can you i appreciate it, that's amazing.",general_praise
"that's nice one, thanks.",general_praise
"you did nice job, thank you.",general_praise
thank you so much for your helping. just,general_praise
"thank you so much, olly.",general_praise
"that's good one, olly.",general_praise
"that's useful, appreciated, olly.",general_praise
"it's helpful, thank you very much.",general_praise
"you are hero, appreciated.",general_praise
"it's perfect job, musch appreciated, olly.",general_praise
"it was cool, i appreciate very it.",general_praise
thanks for asssistance.,general_praise
"please you are helpful, musch appreciated.",general_praise
you've done it quite correctly thank you.,general_praise
"you are helpful, musch appreciated.",general_praise
"amazing job, you have done well.",general_praise
"nice job, you have done well, olly.",general_praise
"you helped a lot, i appreciate it, olly.",general_praise
you've quite done it right appreciated.,general_praise
"that's useful, thank really you very much.",general_praise
"fantastic work, you've done well.",general_praise
"fantastic work, you've done well.",general_praise
ah that is great one.,general_praise
"please thank you for doing it, olly.",general_praise
"i need to fantastic job, you did well, olly.",general_praise
"i appreciate it, that's amazing.",general_praise
"please it was cool, thank you very much.",general_praise
"it's wonderful job, please thank you very much.",general_praise
"would you mind that's useful, thank you very much.",general_praise
"it's really wonderful job, thank you very much.",general_praise
"that was useful,.",general_praise
"that was useful,. please",general_praise
"that's good one, thank you very much, olly.",general_praise
"well done,.",general_praise
"please that's good one, olly.",general_praise
"please amazing job, you have done well.",general_praise
"that's amazing work, today i appreciate it.",general_praise
"fantastic job, just you did well, olly.",general_praise
thank you very much for your answers.,general_praise
"well really done, thank you so much.",general_praise
"it's useful,, olly.",general_praise
"please it's fantastic, thanks.",general_praise
"thank you very much, olly.",general_praise
i need to you've done that right thank you very much.,general_praise
excellent you've done well.,general_praise
"that's useful, thank you.",general_praise
you've done right thank you very much.,general_praise
"that's useful, appreciated, olly. quite",general_praise
"appreciated, that is great job.",general_praise
i want to thank you so much for the information.,general_praise
thanks for doing that.,general_praise
oh it's great job. very,general_praise
"it's helpful, thank you very",general_praise
i need to that was nice one.,general_praise
are so smart.,general_praise
thanks for reminding me.,general_praise
"you are awesome, i appreciate it.",general_praise
"that's good one, thank you very much.",general_praise
"it's fantastic, thanks.",general_praise
"i want to that's helpful, thank you very much.",general_praise
you have done that quite right appreciated.,general_praise
"good work, you have done well, olly.",general_praise
"appreciated, that's nice.",general_praise
"awesome work, you've now done well.",general_praise
"you quite did good job, thanks.",general_praise
"it was good one, quite thank you very much.",general_praise
"thank you for your response, olly.",general_praise
"well really done,.",general_praise
i want to do i have the contact of tara john,email_querycontact
tell me the office address of my brother,email_querycontact
are my contacts mostly female or male,email_querycontact
how do i dial sarah,email_querycontact
what is joe home address,email_querycontact
may you please pull up information about a contact,email_querycontact
who is the most frequently called person in my phone book,email_querycontact
what is the home phone number of mark,email_querycontact
contacts,email_querycontact
what is charles's email,email_querycontact
do i have a work number for susan,email_querycontact
tell me about mary s. in my contacts,email_querycontact
show of john,email_querycontact
does my worker home phone number,email_querycontact
can you tell me please the phone number of me,email_querycontact
search jack in contacts,email_querycontact
list ana number,email_querycontact
how many contacts do i have in phone,email_querycontact
please delete the contacts that i havent spoken to in three of months,email_querycontact
what is john's phone number quite,email_querycontact
please check tell me where is the of toms new business,email_querycontact
tell me about mary s. in my contacts,email_querycontact
really when is jacob's birthday,email_querycontact
when was the last time that i spoke to john,email_querycontact
make a call to,email_querycontact
very what is charles's email,email_querycontact
just what is jimmy johns's corporate number,email_querycontact
do i have the address for the apple store in my contacts very,email_querycontact
i need to rahul contact,email_querycontact
show me derek's contact information,email_querycontact
how do i dial sarah,email_querycontact
show me derek's contact information,email_querycontact
do i have any missed call from patrick,email_querycontact
when is jacob's birthday,email_querycontact
kindly let me know when is today sam's birthday,email_querycontact
olly i need to call my mom will you check her work number for me,email_querycontact
do i have any other contact phone number for alison quite,email_querycontact
what is the home phone number for sarah,email_querycontact
what are john's,email_querycontact
is this the correct area code for my boss,email_querycontact
could you get john's email address for me,email_querycontact
tell me about mary s.,email_querycontact
can you tell me the phone number of me,email_querycontact
what is the home phone number for today sarah,email_querycontact
call raju phone number,email_querycontact
what's rene phone number,email_querycontact
does my co worker have a home phone very number,email_querycontact
provide contact location,email_querycontact
may you please pull up information about a contact,email_querycontact
i want to find my wife,email_querycontact
how many numbers are saved for alex,email_querycontact
would you give me details of allen from my contact,email_querycontact
what is jimmy today johns's corporate number,email_querycontact
how many numbers are saved for alex,email_querycontact
find all the contacts named john,email_querycontact
what is email id of john,email_querycontact
list phone email id of robert,email_querycontact
would you mind what is the email address for tessa,email_querycontact
please contact really michael m from my list with this text,email_querycontact
tell contact mobile,email_querycontact
tell me today contact of john,email_querycontact
where seth lives,email_querycontact
what is the home phone number of mark,email_querycontact
check in contacts,email_querycontact
what's rene quite phone number,email_querycontact
what is bob stevens phone number it is in my contacts,email_querycontact
tell me the email address for aunt,email_querycontact
what is bob stevens phone number it is in my contacts,email_querycontact
find all the contacts named john,email_querycontact
tell me please the street address of my facebook friend george,email_querycontact
i want to what's rene phone number,email_querycontact
when was the last time that i spoke to john,email_querycontact
i want to what is john doe's address,email_querycontact
what's jesse's number,email_querycontact
search jack now in contacts,email_querycontact
i need to what's the address for alex,email_querycontact
when is jacob's birthday,email_querycontact
please what is a work phone number of emilia,email_querycontact
tell me about joose,email_querycontact
would you contact michael m from my list with this text,email_querycontact
call dad,email_querycontact
really do i have the contact of tara john,email_querycontact
tell please me mary's cell number,email_querycontact
find my wife,email_querycontact
i need to tell me about joose,email_querycontact
what is john smith's number,email_querycontact
what is the home phone for sarah,email_querycontact
find me someone,email_querycontact
make a call to,email_querycontact
what is amber stevens address it is in my contacts,email_querycontact
is there a contact named allen in my list,email_querycontact
tell me about mary s. in my contacts,email_querycontact
search the quite contact,email_querycontact
how do i dial sarah,email_querycontact
is alex saved in my contacts list,email_querycontact
what's the email address of silvia,email_querycontact
would you mind call dad,email_querycontact
tell me the area code for jen k,email_querycontact
please are my contacts mostly female or male,email_querycontact
how many numbers are saved for alex,email_querycontact
really call raju phone number,email_querycontact
is it joes birthday soon,email_querycontact
what's rene phone number please,email_querycontact
contact number,email_querycontact
really show me my contacts,email_querycontact
how do i quite dial sarah,email_querycontact
tell me about joose please,email_querycontact
tell me the area code for jen k,email_querycontact
find jhonny's address,email_querycontact
do i have the address for the apple store in my contacts,email_querycontact
do i have a number for jerry,email_querycontact
what is email id of john,email_querycontact
would you mind is bills house number in my contacts,email_querycontact
would you contact michael m from my list with this text,email_querycontact
could you is this the correct area code for my boss,email_querycontact
look up in contacts,email_querycontact
is this the correct area code for my very boss,email_querycontact
please tell me about mary s. in my contacts,email_querycontact
jay's phone quite number,email_querycontact
what's his number,email_querycontact
can you please give me john's email,email_querycontact
could you find a mail very address of manoj and tell me,email_querycontact
how do i reach sarah,email_querycontact
find me my dad's email address,email_querycontact
do i have the address the apple store in my contacts,email_querycontact
do i have a number for jerry,email_querycontact
get me tom's number,email_querycontact
do i have any other contact today phone number for alison,email_querycontact
are my contacts mostly female male,email_querycontact
can you could you give me john's email,email_querycontact
what is job title just of jan medvesek,email_querycontact
call mom very,email_querycontact
give me the number to mom,email_querycontact
is bills house number in my contacts,email_querycontact
does bob live in france,email_querycontact
please let me know when is sam's birthday,email_querycontact
could you let me know the what raj's status update in facebook,email_querycontact
mary's contact number,email_querycontact
what's leon's email just,email_querycontact
who is the contact that last called me,email_querycontact
give me petey's telephone number,email_querycontact
jay's phone number,email_querycontact
what is job title of jan medvesek,email_querycontact
please very check and tell me contact details of mongomery llc company,email_querycontact
tell contact mobile number,email_querycontact
call raju phone number,email_querycontact
what is the home phone number of mark,email_querycontact
what information do you have on file in my information about bill,email_querycontact
please contact michael m just from my list with this text,email_querycontact
tell very me the office address of my brother,email_querycontact
who is the contact that last called,email_querycontact
can you very provide me with the contact information assigned to this person,email_querycontact
tell contact mobile number,email_querycontact
list really phone and email id of robert,email_querycontact
are my contacts mostly female or male,email_querycontact
what is tom's phone number,email_querycontact
link really me to jeff's email,email_querycontact
would you mind does mary smith live on main street,email_querycontact
ana number,email_querycontact
how can i contact this person,email_querycontact
how many contacts do i have in my phone book,email_querycontact
where does fred work,email_querycontact
can you provide me with the contact information assigned to this person,email_querycontact
look up in contacts,email_querycontact
did i receive a very message from kevin,email_querycontact
please contacts that i havent spoken to in three of months,email_querycontact
can i find out information about a contact,email_querycontact
what is a work phone number of emilia,email_querycontact
tell me the email address for aunt ruth,email_querycontact
now search jack in contacts,email_querycontact
show contact of just john,email_querycontact
make quite a call to,email_querycontact
is it anyone i knows today birthday this month,email_querycontact
are my contacts mostly female or male,email_querycontact
get me tom's very number,email_querycontact
please set this date to repeat,calendar_set
set a two day notification before maria's birthday would you,calendar_set
set appointment with the ceo the following day,calendar_set
add dentist appointment for friday at five,calendar_set
remind me at the start of each month,calendar_set
can you remind me to check my very clothes in a hour,calendar_set
set a notification june fifth every year,calendar_set
would you mind set a reminder for two days prior of the event,calendar_set
can sync my calendar with mark,calendar_set
remind me every year on this date of,calendar_set
can you remind me of sunday gym every saturday evening,calendar_set
can you remind me to my clothes in a hour,calendar_set
add dentist appointment for friday at quite five,calendar_set
i want to let me know of the meeting on tuesday,calendar_set
please put me input to know my schedule,calendar_set
schedule today my conference with my girlfriend lisa in the night today at nine pm,calendar_set
make a calendar entry for next saturday at ten am would you,calendar_set
please remind me that i have a meeting tomorrow ten just in the morning,calendar_set
i want to schedule a reminder on fifteenth march and input name as meeting,calendar_set
would you mind add a reminder to my calendar every year on this date,calendar_set
give me the list of all events coming up in the next month and set notifications for all of them,calendar_set
remind today me on fifth march of every year to arrange wedding anniversary presents,calendar_set
alert me please at the time of the event,calendar_set
just remind me about calendar,calendar_set
schedule a very reminder on fifteenth march and input name as meeting,calendar_set
me about event later five pm,calendar_set
schedule a notification for june fifth every year,calendar_set
set a reminder quite for two days prior of the event,calendar_set
please please remind me for the function at miami tomorrow,calendar_set
schedule a please two day notification before maria's birthday please,calendar_set
remind me very to go grocery shopping today,calendar_set
set quite a two day notification before maria's birthday please,calendar_set
my calendar just is to be updated with all rccg event in march,calendar_set
add a reminder for april twenty as my bro's birthday,calendar_set
could you set the event to recur on the first monday of the month,calendar_set
i need you to remind me to go to store tomorrow,calendar_set
remind me to meet joe for lunch tomorrow,calendar_set
set a reminder for john's birthday next please week,calendar_set
repeating event gathering on mondays,calendar_set
please set really a reminder for church services on sundays for eleven am,calendar_set
write down that i am going to meet with jenny on the third okay,calendar_set
remember dinner now on thursday at bistro italia,calendar_set
give me the list of all events coming up in the month and for all of them,calendar_set
alert really me at the time of the event,calendar_set
set a reminder for two days prior of the event,calendar_set
please tell me to take my umbrella because it will be very hot today,calendar_set
could you remind me about the event later five pm,calendar_set
schedule dinner with sara and jamie,calendar_set
plan a meeting in office with all employees tomorrow morning at eight,calendar_set
remind me to meet with steve at one pm next day,calendar_set
can you add event baseball practice five pm tonight,calendar_set
add practice to calendar on feb four at king's park at two pm,calendar_set
reminders,calendar_set
could you add a reminder to april fourth to go to the dentist,calendar_set
don't let me today forget tomorrow's appointment with sheila,calendar_set
would you mind let me know of the meeting on tuesday,calendar_set
remind me clock that i have a event,calendar_set
on january twenty five set meeting for twelve,calendar_set
just set me reminders about pending payment of children school fees just,calendar_set
notify me very an hour before my two pm appointment at the car dealership,calendar_set
call me for this meeting,calendar_set
remind me clock that have a,calendar_set
alert me at the time of the event,calendar_set
please remind me after a month,calendar_set
add dentist appointment quite for friday at five,calendar_set
schedule a sales meeting for wednesday at eleven am,calendar_set
me of meeting five minutes before time,calendar_set
remember dinner on thursday at bistro italia,calendar_set
create a thanks giving event for friday,calendar_set
me at the start of each month,calendar_set
add my spin class to the calendar for Saturday at seven am,calendar_set
i have a meeting tomorrow morning ten please remind me,calendar_set
set reminder for very tomorrow for this item,calendar_set
please set a reminder for church services on sundays for eleven am,calendar_set
could you add shopping at mall on twenty six march at twelve pm,calendar_set
on february fourteenth make dinner reservations at the restaurant,calendar_set
add dentist appointment for friday at really five,calendar_set
today set a reminder for twelve thirty session with the boss,calendar_set
schedule lunch at tomo in arcata california next day at today noon,calendar_set
add a reminder to my calendar every year on this date,calendar_set
i have a meeting the following really day morning at ten please remind me,calendar_set
schedule lunch at now tomo in arcata california the following day at noon,calendar_set
calendar event send now invite bill malinda,calendar_set
can you tell me on tuesday to today give jane a call,calendar_set
i have a meeting at noon right now,calendar_set
display me the events in my work calendar for next week,calendar_set
reminder for tomorrow this item,calendar_set
set a notification on third march about company meeting,calendar_set
new reminder at three pm,calendar_set
schedule gathering with laura,calendar_set
please remind to sleep at nine pm,calendar_set
can you remind me of sunday gym every saturday evening,calendar_set
add to calendar an medical appointment for the first day of the next five months,calendar_set
thirteenth june is a day of election result would you set it,calendar_set
add event to date,calendar_set
set a notification for june fifth every year,calendar_set
i need you to remind me to go to store the following day,calendar_set
reminder about meeting eight am to twelve,calendar_set
send me notice of conference wednesday nine am,calendar_set
my calendar is to be updated with all rccg event in march,calendar_set
remember to remind me about client meet at four pm,calendar_set
set a reminder on fifteenth march as meeting,calendar_set
me about tomorrow meeting at ten am,calendar_set
please set this date to repeat,calendar_set
schedule a sales meeting for wednesday at eleven am,calendar_set
thirteenth june is a day quite of election result please set it,calendar_set
can you remind me to check my clothes in a hour,calendar_set
remind me of my appointment on very the fifteenth,calendar_set
make reminder notification for three o'clock really,calendar_set
remind me at the start of each month,calendar_set
would you mind create a repeating event on mondays at seven pm,calendar_set
schedule dinner just with sara and jamie,calendar_set
new reminder at three pm,calendar_set
today add event to calendar,calendar_set
can you schedule meeting with laura,calendar_set
remind me if i miss my evening walk routine,calendar_set
on january twenty five set appointment for twelve,calendar_set
remind me about my monday meeting with peter francis fifteen minutes before the meeting very,calendar_set
tell when need leave the airport,calendar_set
set a reminder for my shopping trip the following day at five pm,calendar_set
would you mind add event book club debbie's house wednesday night,calendar_set
remind me to eat when i get home,calendar_set
remind me every year on this date of,calendar_set
add meet with dave at subway on weber on four april at five pm,calendar_set
add event baseball five pm tonight,calendar_set
calendar event send invite bill malinda,calendar_set
on february fourteenth dinner reservations at the restaurant,calendar_set
remind me to eat when i get home,calendar_set
remind me clock that i have a event,calendar_set
just set me reminders about pending payment of children school fees,calendar_set
add to calendar may two is mary's birthday repeat every year,calendar_set
would you remind me about the event later five pm,calendar_set
please set a reminder for church services on sundays for eleven am,calendar_set
remind me about my monday appointment with peter francis fifteen minutes before please the meeting,calendar_set
can you add event book club debbie's house wednesday night,calendar_set
schedule a lunch appointment with brent on Wednesday at noon,calendar_set
could you tell me when i need to leave the airport,calendar_set
add a calendar event to repeat yearly on this date,calendar_set
thursday at three pm there is a teachers meeting i need to please be reminded of,calendar_set
remind me after quite a month,calendar_set
i need you to remind me to go to tomorrow,calendar_set
add to calendar an medical appointment for the day of the five months,calendar_set
invite people to the now calendar event,calendar_set
schedule please lunch at tomo in arcata california next day at noon,calendar_set
add meet with dave at subway on weber on four april at five pm,calendar_set
remind me about my monday appointment with peter francis fifteen minutes before the meeting,calendar_set
i need to set up a really session with the ceo tomorrow,calendar_set
in the following week repeat this event at ten am every day,calendar_set
the location is please my office,calendar_set
could you add shopping at mall on twenty six march at twelve pm,calendar_set
please add the conference with ms boland on wednesday eight hundred am to my calendar,calendar_set
schedule a lunch gathering with brent on Wednesday at noon,calendar_set
call sarah,calendar_set
i need to add event to date,calendar_set
schedule a lunch conference with brent on Wednesday at noon,calendar_set
add today a reminder to my calendar every year on this date,calendar_set
repeat birthday,calendar_set
create a meeting event just in my calendar,calendar_set
schedule a reminder for john's birthday next week,calendar_set
add event book club debbie's wednesday night,calendar_set
add event just to calendar,calendar_set
plan a session in office with all employees tomorrow morning at eight,calendar_set
session update my calendar to reflect appointment,calendar_set
please put me your input please to know my schedule,calendar_set
remind me to go grocery shopping today,calendar_set
reminders,calendar_set
add to calendar an medical appointment for today the first day of the next five months,calendar_set
schedule conference with really laura,calendar_set
today add event to date,calendar_set
send me notice of meeting wednesday nine am,calendar_set
i have a meeting at noon today,calendar_set
on every tuesday remind me to go shopping,calendar_set
the location is my office,calendar_set
remind me everyday at two pm for lunch,calendar_set
please remind me for the function at miami tomorrow,calendar_set
show me cooking websites,cooking_recipe
find the correct temperature for frying a whole turkey,cooking_recipe
really find me a recipe for chicken noodle soup,cooking_recipe
what food is good today,cooking_recipe
quite evaporated,cooking_recipe
find easy recipe for almond milk,cooking_recipe
can you at what temperature should i bake cookies,cooking_recipe
can you eat sweet potato greens raw,cooking_recipe
what's the very recipe for fried chicken,cooking_recipe
how can a cook risotto,cooking_recipe
recipe for meal now,cooking_recipe
how do i make meal,cooking_recipe
recipe can you,cooking_recipe
find the recipe for sambar in cookingforu application today,cooking_recipe
in five sentences let me know the procedure of making thanksgiving turkey,cooking_recipe
can you give me a recipe for homemade chicken noodle soup,cooking_recipe
tell me the now recipe for mashed potatoes,cooking_recipe
healthy foods today,cooking_recipe
i need to find the correct temperature for frying a whole turkey,cooking_recipe
show me a spaghetti recipe,cooking_recipe
could you search for the best spagetti recipe,cooking_recipe
get recipe today for apple pie,cooking_recipe
i want to how long do i chill an icebo pie,cooking_recipe
i want to search for gluten free menus,cooking_recipe
i want to see the recipe of veg biryani,cooking_recipe
find recipe chicken casserole,cooking_recipe
i need a recipe for spaghetti,cooking_recipe
what's an easy recipe to cook for really food,cooking_recipe
what's the recipe really for fried chicken,cooking_recipe
can you prepare a cheese sandwich,cooking_recipe
what temperature do you bake a potato,cooking_recipe
search for please gluten free menus,cooking_recipe
what are the steps for biriyani meal,cooking_recipe
i want to cook pasta in american style list me how,cooking_recipe
tell me how to cook please pasta,cooking_recipe
how just many cups of sugar in texas sheet cake frosting,cooking_recipe
how much meat should i buy to serve ten people,cooking_recipe
tell me the best recipes for a given dish very,cooking_recipe
very what does one have to damage in cream to make butter,cooking_recipe
what is a good vegan egg really substitute,cooking_recipe
i to cook italian dishes show me,cooking_recipe
evaporated,cooking_recipe
how long should i cook a steak to be medium,cooking_recipe
what type of cheese do i need for my enchiladas,cooking_recipe
how do i braise a pork now loin,cooking_recipe
how do you make pasta,cooking_recipe
how much meat should i buy to serve ten just people,cooking_recipe
how today do i braise a pork loin,cooking_recipe
what does one have to damage in cream to make butter,cooking_recipe
how can we prepare biriyani,cooking_recipe
show me what please the ingredients are,cooking_recipe
display me a spaghetti recipe,cooking_recipe
i need to what's an easy recipe to cook for food,cooking_recipe
tell me how to make garlic bread,cooking_recipe
what is the temperature i am supposed to cook this,cooking_recipe
how do you make pasta,cooking_recipe
can you tell me how to cook chocolate chip cookies,cooking_recipe
please tell me the best recipes for a given dish,cooking_recipe
what are the ingredients in macaroni and cheese,cooking_recipe
search for gluten free menus,cooking_recipe
please i need a recipe for spaghetti,cooking_recipe
what temperature should the oil be for frying french fries,cooking_recipe
recipe for meal,cooking_recipe
how many millilitres is two table spoons,cooking_recipe
let me know the recipe for preparing pasta,cooking_recipe
what is the best tasting cut of beef,cooking_recipe
today cook me some oats,cooking_recipe
what ingredients do i need for tomato soup,cooking_recipe
find the right amount of cinnamon for garam masala,cooking_recipe
evaporated,cooking_recipe
what is just the cooking time for mashed potatoes,cooking_recipe
list me tutorials on cooking food,cooking_recipe
how do i make just mashed potatoes,cooking_recipe
now i would like the recipe for baked chicken,cooking_recipe
can you tell me how to cook chocolate chip cookies,cooking_recipe
what ingredients do i need for tomato soup,cooking_recipe
how do you today make cookies,cooking_recipe
what temperature should the oil be for frying french fries,cooking_recipe
today recipe please,cooking_recipe
cooking recipe,cooking_recipe
show me a spaghetti recipe today,cooking_recipe
give me recipes,cooking_recipe
could you find the right amount of cinnamon for the garam masala,cooking_recipe
recipe please,cooking_recipe
how i cook a rare steak,cooking_recipe
what is a good vegan egg substitute,cooking_recipe
how do i cook a,cooking_recipe
how just long should i simmer rice for,cooking_recipe
tell me the recipe for yellow rice,cooking_recipe
good food,cooking_recipe
how do i cook rice,cooking_recipe
please at what temperature should i bake cookies,cooking_recipe
what does one have to damage in cream to please make butter,cooking_recipe
how i meatloaf,cooking_recipe
list me a video on cooking fried chicken,cooking_recipe
instructions to make a meal,cooking_recipe
find the right amount of cinnamon for the garam masala,cooking_recipe
search for gluten quite free menus,cooking_recipe
healthy foods today,cooking_recipe
would you mind show me pancakes,cooking_recipe
what's the recipe for fish soup,cooking_recipe
i want to quite see the recipe of veg biryani,cooking_recipe
what is the best tasting cut of beef,cooking_recipe
what goes with risotto,cooking_recipe
best energy food for gym,cooking_recipe
what can i cook with broccoli and chicken,cooking_recipe
can you how do i braise a pork loin,cooking_recipe
how long do chill an icebo pie,cooking_recipe
do we add rosemary in pasta,cooking_recipe
what do i need to make lamb pathia,cooking_recipe
find the very recipe for sambar in cookingforu application,cooking_recipe
please look up best recipes,cooking_recipe
best energy food for gym,cooking_recipe
find me a recipe for carrot very soup,cooking_recipe
evaporated,cooking_recipe
how long should i simmer rice for,cooking_recipe
how much is one serving of very broccoli,cooking_recipe
do i cook rice,cooking_recipe
find me a for carrot,cooking_recipe
can you pull up a recipe for spaghetti,cooking_recipe
what do i need to make lamb pathia,cooking_recipe
can you eat sweet potato greens raw,cooking_recipe
very give me me what the ingredients are,cooking_recipe
how do i prepare all my food for cooking,cooking_recipe
find me a recipe of spaghetti,cooking_recipe
how to make cheesecake,cooking_recipe
are there any cooking classes nearby my area,cooking_recipe
i need help making pancakes,cooking_recipe
what is the recipe for apple pie,cooking_recipe
tell me chicken tikka recipe,cooking_recipe
i want to recipes,cooking_recipe
what is the best way to cook pasta al dente,cooking_recipe
what are the steps for biriyani meal,cooking_recipe
i would like instructions on how to cook baked really chicken,cooking_recipe
show me a spaghetti recipe,cooking_recipe
please find the recipe for meatballs,cooking_recipe
what temperature do you bake a potato,cooking_recipe
i need to what can i cook with broccoli and chicken,cooking_recipe
please look up best today recipes,cooking_recipe
how do i make meatloaf,cooking_recipe
what is the recipe please for apple pie,cooking_recipe
how do i cook meatballs,cooking_recipe
what is in a curry really,cooking_recipe
very Show chicken tikka recipe,cooking_recipe
for meal,cooking_recipe
how do i prepare all my food for cooking,cooking_recipe
give me me the recipe for cookies,cooking_recipe
in five sentences let me know the procedure of making thanksgiving turkey,cooking_recipe
would you mind what goes with risotto,cooking_recipe
very evaporated,cooking_recipe
find a recipe that uses ground beef and zucchini,cooking_recipe
how do i bake a potato,cooking_recipe
would you mind find the correct temperature for frying a whole turkey,cooking_recipe
whats needed to make pizza,cooking_recipe
what is an alternative to flour,cooking_recipe
i need to in five sentences let me know the procedure of making thanksgiving turkey,cooking_recipe
how can we prepare biriyani,cooking_recipe
give me best cooking very ideas,cooking_recipe
can you what do you use to make cookies,cooking_recipe
find a recipe for chicken alfredo,cooking_recipe
what's the recipe for fish soup,cooking_recipe
how many teaspoons are very in a cup,cooking_recipe
how to cook crabs,cooking_recipe
are the ingredients necessary,cooking_recipe
how today do i prepare all my food for cooking,cooking_recipe
how just do you make sunny side up eggs,cooking_recipe
display me how to cook a recipe,cooking_recipe
Show chicken tikka recipe,cooking_recipe
show me the recipe for cookies,cooking_recipe
find me a recipe very for chicken noodle soup,cooking_recipe
whats needed to make pizza,cooking_recipe
how long do i please need to cook a brisket for it to be medium,cooking_recipe
bring up a recipe quite for turkey meatballs,cooking_recipe
please look up best recipes,cooking_recipe
how do i cook meatballs,cooking_recipe
how time is it,datetime_query
what day of the please week is the first of march,datetime_query
hello what today time it is now,datetime_query
what is very the time in milwaukee,datetime_query
i want to tell me the time now,datetime_query
is there a national holiday on fifth now december,datetime_query
could you may twenty two is my birthdate and i want to know the what day is twenty third may,datetime_query
what is the current day month and year,datetime_query
what is the time for the eastern time zone,datetime_query
what is the current time in quite chennai,datetime_query
what date is the third friday of this month,datetime_query
what day today,datetime_query
list time in china,datetime_query
ten past seven,datetime_query
could you could you tell me what time is in singapore,datetime_query
what is the time in london,datetime_query
could you what time is it in karachi right now,datetime_query
whats now the date today,datetime_query
what is today's date,datetime_query
what is the current time in california,datetime_query
what time is it now in england,datetime_query
whats quite the time in denver,datetime_query
what will be the time now in washington,datetime_query
what day is it today,datetime_query
what's the time for neighboring city,datetime_query
show me the time in new york city,datetime_query
what day of week is the first of march,datetime_query
what time is it on the east coast of the united states,datetime_query
let me know today's date in american format,datetime_query
what day of the week is the twenty second march,datetime_query
what is the month day and year,datetime_query
what day does april sixteenth fall on,datetime_query
quite what time is it in singapore,datetime_query
report the time very in miami,datetime_query
give me me the time,datetime_query
give me the time in pst,datetime_query
display,datetime_query
could you what day of the month is next tuesday,datetime_query
what is time now in california,datetime_query
what is today's day,datetime_query
how time is it very,datetime_query
give me me the time in new york city,datetime_query
i want to what time is it in another city,datetime_query
tell me what time it is right now,datetime_query
give me the time quite,datetime_query
display me the time in new york city,datetime_query
what is the date easter falls very on,datetime_query
what is the day right today now,datetime_query
current date can you,datetime_query
please what day does easter fall on,datetime_query
what is the time for the eastern time very zone,datetime_query
me know today's date in american format,datetime_query
what in this city,datetime_query
could you let me know today's date,datetime_query
please what is today's day,datetime_query
would you mind which week is twenty third,datetime_query
what is the current time right now,datetime_query
ten past seven,datetime_query
show time in china,datetime_query
could you please what time is in singapore,datetime_query
ten past seven,datetime_query
let me know today's date in now american format,datetime_query
what day is it right now,datetime_query
please when is easter in the year two thousand and eighteen,datetime_query
really tell me me the time,datetime_query
what day is the fifteenth,datetime_query
give me the time in pst,datetime_query
can you provide current time in india,datetime_query
time is it in london,datetime_query
give me time,datetime_query
what day is christmas,datetime_query
what is the current date today,datetime_query
what's the time in new please york,datetime_query
what day of the week is first april,datetime_query
what time in las,datetime_query
what day of the week very is the first of march,datetime_query
what time is it in england,datetime_query
today is just monday is it,datetime_query
the twenty second is on what day of the week,datetime_query
what is the current time in please california,datetime_query
what is the current time in chennai just,datetime_query
now what day is the fifteenth,datetime_query
current date please,datetime_query
what is tomorrows date,datetime_query
give me new york's current time,datetime_query
what day is it now on fifth december,datetime_query
what is the time in bangalore,datetime_query
current date please,datetime_query
what is the current time in lagos nigeria,datetime_query
what time is it in england,datetime_query
please give me today's date,datetime_query
what is it in,datetime_query
what time i sit in china right now,datetime_query
what is the current date this please day,datetime_query
what's right now date,datetime_query
what time is it really on the west coast,datetime_query
whats really the time now,datetime_query
i need to what is the current day month and year,datetime_query
do we really have thirty first day on this month,datetime_query
what is mondays actual date,datetime_query
what's the time for neighboring today city,datetime_query
show the time,datetime_query
show me what day the thirty please first is on,datetime_query
now what day is christmas,datetime_query
i want the time for another city outside us,datetime_query
please give me the time,datetime_query
what is the current quite time in california,datetime_query
what day quite of the week does the fifteenth of march fall on,datetime_query
what day of the week is it,datetime_query
what is the current time in chennai,datetime_query
can you tell me the time in new york,datetime_query
what the time canada now,datetime_query
what is the date for next tuesday,datetime_query
what is the time in china,datetime_query
is it Monday right now,datetime_query
display time in china,datetime_query
please the twenty second is on what day of the week,datetime_query
i need to what's today date,datetime_query
what time is it eastern,datetime_query
what is the current time right now,datetime_query
tell me the time now really,datetime_query
is right now march sixth,datetime_query
what's the time in new york,datetime_query
whats the date,datetime_query
hello what it is now,datetime_query
what is the time in milwaukee,datetime_query
please hello what time it is now,datetime_query
what's the time in dubai,datetime_query
what will be the time now in washington,datetime_query
what day of the week is the first of march,datetime_query
can you tell me the current time in dallas texas,datetime_query
what is the current time london,datetime_query
what is today's today current date,datetime_query
what time it eastern,datetime_query
how me the time now in boston,datetime_query
very whats the time now,datetime_query
on what date is easter this year,datetime_query
what time it in,datetime_query
can you tell me the quite time in new york,datetime_query
what date is right now,datetime_query
can you give me the time in this time zone now,datetime_query
show me the time,datetime_query
list me the time,datetime_query
very give me new york's current time,datetime_query
what day is it this day,datetime_query
give me me the time in new york city,datetime_query
on what date is easter this year,datetime_query
what day does easter fall on,datetime_query
is it Monday right now,datetime_query
what is now today's current date,datetime_query
can you tell me very today's date,datetime_query
what day is it now on fifth december,datetime_query
what time is it in another city,datetime_query
what is tomorrows date,datetime_query
very what day is it on fifth december,datetime_query
what today is the day today,datetime_query
tell me time in very china,datetime_query
what is the current date time group,datetime_query
what is the time in bangalore,datetime_query
what time is it in mountain time zone,datetime_query
can you give me the time in london,datetime_query
report the current in,datetime_query
is there christmas on twenty second now,datetime_query
current time new york,datetime_query
can you tell me the current time in dallas texas,datetime_query
what is the date and month please this day,datetime_query
tell me the time now,datetime_query
display today date,datetime_query
please alert me to the time,datetime_query
give me the time in please london,datetime_query
what is the current day month and year,datetime_query
could you please tell me what time is in singapore,datetime_query
is the date easter falls on,datetime_query
please give me today's date,datetime_query
i want the time for another city outside us,datetime_query
did you receive this quite person email,email_query
let me know of any incoming emails for the last hour please,email_query
pull up all emails sent to me from amazon,email_query
how many emails have please i got since yesterday,email_query
check by very inbox for me,email_query
check all new emails in my inbox,email_query
check email for otp sent by my bank,email_query
would you mind do i have any new emails from my dad,email_query
did my mom send me an email just,email_query
please check my gmail for new mail,email_query
can you check to very see if i have any recent email alerts,email_query
did my mom send me an email,email_query
did you receive this person email,email_query
open email for unread mails,email_query
tell me me my emails from the past hour,email_query
could you do i have any new emails from sarah,email_query
update on email,email_query
Check outlook,email_query
i have any new entries in my inbox,email_query
i any from jan,email_query
can you update me on my emails,email_query
did i any replies from jan,email_query
did linda connors reply to any of my emails this morning,email_query
pull up all emails sent to just me from amazon,email_query
show me the latest from amazon,email_query
i want to have any emails come in since four hundred today,email_query
compile information on the data breach,email_query
are there any new please emails received after four o'clock today,email_query
could you do i have a new email from sandy,email_query
is there anything new in my email folder,email_query
up all emails sent to me from amazon,email_query
what new emails do very i have form amie,email_query
did dan very send me any emails,email_query
would you go check my emails for me,email_query
tell me about new really emails,email_query
hey read any email to me,email_query
open now email for unread mails,email_query
any new email last time,email_query
please are any of my new emails from amy,email_query
do i have an email from person a,email_query
hey check emails,email_query
i need to check email for otp sent by my bank,email_query
did i get an email from mike,email_query
get,email_query
i want to any new emails for me,email_query
what is very my recent email activity,email_query
did i get an email from jen last night,email_query
have i gotten any emails from mom lately,email_query
have emails come in since four today,email_query
did i get quite an email from mike,email_query
have quite i received any emails since noon,email_query
is my email activity,email_query
quite list all emails with subject contract,email_query
Check outlook,email_query
could you read the last email for me,email_query
do i have any new today emails from sarah,email_query
have i received any in last,email_query
check inbox for mail from sarah,email_query
do i have a new email just from eric,email_query
who was the last person to email me,email_query
how many emails quite have i got since yesterday,email_query
please check my gmail for new mail,email_query
what are the subject line and sender from today's very email inbox,email_query
today check someone's recent emails,email_query
are there quite any emails i haven't read yet,email_query
how many emails have i got since yesterday,email_query
check by today inbox for me,email_query
do i have now new emails from john,email_query
list all very emails with subject contract,email_query
i need to any new email since last time,email_query
tell me my just latest email,email_query
did you receive this person email,email_query
check all new emails in my inbox,email_query
tell me my just latest email,email_query
what are my new contact emails,email_query
what and who was i emailed about last week,email_query
check if there any new email please,email_query
i need to find new email,email_query
please check new email quite from andy,email_query
show me the latest please emails from amazon,email_query
refresh my inbox and inform me about new,email_query
do i have any quite emails from katherine,email_query
what was the name of my last email,email_query
display latest emails,email_query
how many emails do i have in the last fifteen minutes,email_query
do i have any emails from robert,email_query
check by me,email_query
are there any emails from robert jones,email_query
is the mail from chris about work,email_query
i want to check any mail from amazon,email_query
would you go check my emails for me,email_query
do i have any new entries in my inbox today,email_query
have i received any emails from my father,email_query
what are the subject line and sender from today's email inbox,email_query
did dan send me today any emails,email_query
tell me just my latest email,email_query
did bert write today,email_query
how many new emails since i last today checked,email_query
have any emails come in since four hundred today,email_query
could you tell me my latest email,email_query
do have any new email,email_query
is there any now new email,email_query
hey really read any email to me,email_query
open now inbox,email_query
what is just the last email i received,email_query
please send a notification when just john replies,email_query
check my email messages,email_query
have i received any emails about jared's birthday,email_query
have i received any emails about jared's birthday,email_query
would you mind have i gotten any emails lately,email_query
check email client just,email_query
have i received any emails since noon,email_query
can really you check to see if i have any recent email alerts,email_query
Has really john sent me any new emails,email_query
please check my gmail now for new mail,email_query
is there any new mail please for me,email_query
let me know of any incoming emails for the last hour would you,email_query
what did the clinic say about my exams,email_query
scan inbox for any new from robert,email_query
tell me who send the email about the boss,email_query
check email for otp sent by my bank,email_query
i need to see if i got any really new email,email_query
please inform me of my new emails,email_query
initiate polling for today new email,email_query
tell me very about new emails,email_query
have i gotten any emails lately,email_query
are there any unread emails from patrick,email_query
have any emails come in since today four hundred today,email_query
i need to is there any new email,email_query
did paul email me recently just,email_query
are there any unread messages in my inbox,email_query
beep when i get an email from john,email_query
check recent emails,email_query
what new messages please do i have,email_query
are there any unread messages in really my inbox,email_query
has mike sent quite me an email,email_query
check emails last hour,email_query
quite has amy sent me any new emails,email_query
please very check new email from andy,email_query
how many emails have i got since yesterday,email_query
update me on my emails,email_query
is there anything new in my email folder,email_query
i need to do i have new emails from john,email_query
check emails for last hour just,email_query
do i have email from rachel,email_query
do i have any emails from robert,email_query
check email client,email_query
what new messages do i have,email_query
hey do i have any emails from bob about please the bulldog,email_query
have i received any emails since noon,email_query
hey read any email to me,email_query
please check if there is a new email on the just inbox,email_query
what was the name please of my last email,email_query
i need to see if i got any new email,email_query
who very was the last person to email me,email_query
what new emails do i have form amie,email_query
check email client today,email_query
have i received any emails since noon,email_query
i need to see if i got any new email today,email_query
what and who was i emailed about last week,email_query
have i gotten any emails lately,email_query
do i have new emails from john,email_query
do i have any new emails from sarah,email_query
would you mind do i have any new emails from sarah,email_query
do i have any new emails in my inbox today,email_query
do i have email from my friend rachel,email_query
any notifications,email_query
do i have any mail,email_query
tell email the boss yesterday,email_query
could you show unread new emails,email_query
kindly check my gmail for new really mail,email_query
show me the email of jack really,email_query
did i email tom on very the subject of gun control,email_query
did you this person email,email_query
tell me when please i get new emails from principal lowry,email_query
siri what is one american very dollar in japanese yen,qa_currency
what is a canadian dollar really worth in the us,qa_currency
how much is two thousand five hundred philippine pesos in dollars,qa_currency
given me the exchange rates between u. please s. d. and cad,qa_currency
u. s. d. to yen,qa_currency
convert one us dollar to british pound,qa_currency
i please need the exchange rate for the us dollar and the euro,qa_currency
how many rupies are in a dollar,qa_currency
tell me the exchange rate for the please yen,qa_currency
now what's the exchange rate between the us dollar and the euro,qa_currency
could you how many euro will i get for ten dollars,qa_currency
please show me the exchange rate between the and the yen,qa_currency
could you check exchange rates,qa_currency
which currency the us dollar or yen,qa_currency
give me the exchange rate between japanese yen and the australian dollar,qa_currency
what is the dollar exchange rate,qa_currency
canadian exchange rate,qa_currency
what would be the exchange rate of currency in now japan,qa_currency
now canadian us exchange rate,qa_currency
what is the exchange rate of us dollar this day for rupee,qa_currency
exchange rate between dollar and mexican peso,qa_currency
canadian us exchange rate,qa_currency
what is the current rate of euro to us dollars,qa_currency
give me me the exchange rate between czk now and dollar,qa_currency
what's euro u. s. d. right today now,qa_currency
tell me just the exchange rate of rupee for dollar,qa_currency
please how much is the dollar worth compared to the euro,qa_currency
how much is just the dollar worth compared to the euro,qa_currency
what is the current exchange rate between the dollar and the euro,qa_currency
how many euro in just u. s. d.,qa_currency
convert now five s. d. to rials,qa_currency
would you mind what is the exchange rate for dollars to pounds,qa_currency
what the us dollar and euro exchange rate,qa_currency
find now me the exchange rate between dollars and bitcoin,qa_currency
conversion between dollars and pounds,qa_currency
how much is one u. s. d. in inr,qa_currency
currency to currency just rate,qa_currency
what is dollar in euros,qa_currency
how many dollars are in a euro,qa_currency
what is the exchange rate for the english pound and us dollar,qa_currency
kindly check the exchange rates of the us dollar vs the euro,qa_currency
i need to what's the current exchange rate for the euro against u. s. d.,qa_currency
canadian us exchange rate,qa_currency
what is the currency conversion charges applicable,qa_currency
i need to how many dollars can i get for one yen,qa_currency
what is the current exchange rate between dollars and euros,qa_currency
currency exchange,qa_currency
currency to currency rate,qa_currency
how much is five dollars worth in euros,qa_currency
rate at present,qa_currency
what is quite the current exchange rate between dollars and euros,qa_currency
can you how much is five dollars worth in euros,qa_currency
given me the exchange rates between u. s. d. and cad,qa_currency
exchange quite rate of yan with dollar,qa_currency
what is the exchange rate of rupee for dollar,qa_currency
what would be the exchange rate of currency in japan,qa_currency
is euro the best currency to trade,qa_currency
what is the exchange rate as of today,qa_currency
what is the exchange rate of us dollar right now for rupee,qa_currency
how much is one u. s. d. in inr,qa_currency
from quite dollar to euro,qa_currency
what is the exchange rate between the us dollar and the aus dollar,qa_currency
display exchange rate of euro to now indian rupee,qa_currency
i need to what is the difference between the rate of the american dollar and the pound,qa_currency
exchange quite rate between dollar and mexican peso,qa_currency
how is one dollar in pounds,qa_currency
i want to what is the exchange rate between u. s. d. and inr,qa_currency
let me know the exchange rate of rupee to dirham,qa_currency
can you what is the rate for g. b. p. to u. s. d.,qa_currency
what is the us and euro exchange rate,qa_currency
give me the exchange rate between united states dollar and indian rupee,qa_currency
give me exchange rate between united states canadian dollar,qa_currency
how much is one u. s. d. in inr,qa_currency
how much is indian rupee going really against us dollar,qa_currency
give me the exchange rate between united states dollar and indian rupee,qa_currency
how many rupies are in a dollar,qa_currency
exchange rate of yan with dollar,qa_currency
list me the exchange rate please between czk and dollar,qa_currency
what is the dollar against the pound,qa_currency
what is the exchange rate between the dollar and the euro currently,qa_currency
how much is ten u. s. d. to cad,qa_currency
could you how does the dollar compare to the pound,qa_currency
give me the exchange rate between united states dollar and japanese yen,qa_currency
i would like my to tell me the trend on foreign exchange rates,qa_currency
just convert one dollars to rupees,qa_currency
how many american dollars are in really a euro,qa_currency
what is the exchange rate of euro and dollar,qa_currency
give me the exchange rate just between united states dollar and indian rupee,qa_currency
convert one pound to us dollar,qa_currency
how many yen for each dollar,qa_currency
what's the exchange rate between czk and euro,qa_currency
give me the exchange rate between japanese yen and the australian dollar,qa_currency
what is the difference between the rate of the american dollar and the pound,qa_currency
what the exchange rate between us and canada,qa_currency
give me the exchange rate between united states dollar and canadian dollar,qa_currency
would you mind exchange rate between dollar and mexican peso,qa_currency
what is the current exchange rate from u. s. d. to rupies,qa_currency
what is the us dollar euro very exchange rate,qa_currency
exchange u. s. d. to g. b. p.,qa_currency
i want to what is dollars in pesos,qa_currency
how much is one u. s. d. in inr,qa_currency
please how much is one u. s. d. in inr,qa_currency
how much please is twenty two usd in euros,qa_currency
how much is ten euros in dollars,qa_currency
please give me detail of yen equals,qa_currency
exchange rates of inr and u. s. d. quite,qa_currency
what is the dollar against the pound,qa_currency
how much is an please euro worth,qa_currency
Show me popular exchange,qa_currency
siri what is dollars in yen,qa_currency
quite forex rate of euro to u. s. d.,qa_currency
what is the exchange between just dollar and british pound,qa_currency
exchanges rates any problems,qa_currency
what is the current exchange rate of euro to dollar,qa_currency
euro to u. s. d.,qa_currency
how much is the euro versus the now canadian dollar,qa_currency
currency to currency rate very,qa_currency
currency exchange,qa_currency
how much is twenty argentinian now pesos in pounds,qa_currency
what is the equivalent of one inr in zimbabwe dollars,qa_currency
currency exchange,qa_currency
how much is the euro versus the canadian dollar,qa_currency
how much is indian rupee going against us dollar,qa_currency
tell me the current dollar now ratio for the us and canada,qa_currency
what is the exchange rate between the us dollar and the aus dollar,qa_currency
i need to what's the rate between pesos and yen,qa_currency
i need to what is the exchange between dollar and british pound,qa_currency
conversion between dollars and pounds,qa_currency
i need to currency to currency rate,qa_currency
show conversion rate of u. s. d. and euro,qa_currency
please what's the rate between pesos and yen,qa_currency
convert one us dollar to british pound quite,qa_currency
what's the exchange rates,qa_currency
how much is ten u. s. d. to cad,qa_currency
kindly give me detail of one yen equals dollar,qa_currency
how much is indian going against us,qa_currency
how many bots are in a dollar,qa_currency
how much is one dollar in pounds,qa_currency
what is one dollar in euros,qa_currency
what's the pound to dollar exchange rate,qa_currency
what is the current value of yen in american money,qa_currency
how much is twenty two usd in euros,qa_currency
what would be the exchange now rate of currency in japan,qa_currency
what is the exchange rate between us dollars and bitcoin,qa_currency
from dollar to very euro,qa_currency
exchange rates,qa_currency
i want to what is the current exchange rate between dollars and euros,qa_currency
how much is fifty us dollars with in china,qa_currency
what is one dollar in euros,qa_currency
just how much is the euro versus the canadian dollar,qa_currency
u. s. d. to g. b. p.,qa_currency
check currencies,qa_currency
how is a g. b. p. in u. d.,qa_currency
what's the exchange rate between czk and euro,qa_currency
what is the exchange please rate of euro today to dirham,qa_currency
u. s. d. to g. b. p.,qa_currency
what's the rate between pesos and yen,qa_currency
now what is the exchange rate of rupee for dollar,qa_currency
what would be the exchange rate of currency in japan,qa_currency
check currencies,qa_currency
show exchange of u. s. d. and inr,qa_currency
exchange rate for converting ten today dollar to euro,qa_currency
exchange rate for converting ten dollar to euro,qa_currency
just what the conversion rate from yen to us dollars,qa_currency
what is the exchange rate of u. s. d. to cdn,qa_currency
i need to how much is fifty us dollars with in china,qa_currency
what now is dollars in pesos,qa_currency
is euro the best currency to trade,qa_currency
currency exchange,qa_currency
which currency really is greater the us dollar or yen,qa_currency
please how many dollars can i get for one yen,qa_currency
could you what's the current exchange rate for the euro against u. s. d.,qa_currency
how much is twenty argentinian pesos in pounds,qa_currency
tell me the exchange rate for just the yen,qa_currency
yeap great response. just,general_affirm
yeap you've understood it correcly.,general_affirm
you have gotten that exactly.,general_affirm
yes perfectly.,general_affirm
yes really amazing response.,general_affirm
yeah you've got my instructions right.,general_affirm
yeah right.,general_affirm
yes wonderful response.,general_affirm
yeah fantastic to command.,general_affirm
very yeap you've gotten that correcly.,general_affirm
yes it's confirmed.,general_affirm
you've gotten your understanding correcly.,general_affirm
yeap correct response.,general_affirm
just confirmed.,general_affirm
yes your understanding was perfect.,general_affirm
just it was wonderful.,general_affirm
yes you have gotten it exactly.,general_affirm
got the answer exactly.,general_affirm
yeap you've understood the answer right. quite,general_affirm
i want to yes your understanding was perfect.,general_affirm
yeap good response.,general_affirm
yes amazing response.,general_affirm
yeah you did it exactly.,general_affirm
yes answer was confirmed.,general_affirm
yeap great just response.,general_affirm
yeap you've done that right.,general_affirm
yes your understanding was perfect.,general_affirm
yeap amazing response just to the command.,general_affirm
yeap you've gotten the command correcly.,general_affirm
that is right.,general_affirm
yes that's amazing.,general_affirm
yeap amazing response to the command.,general_affirm
you've done your understanding correcly.,general_affirm
your understanding now is confirmed.,general_affirm
you've got exactly.,general_affirm
yes that's fantastic.,general_affirm
the answer confirmed.,general_affirm
yeap it's confirmed.,general_affirm
can you it's exact.,general_affirm
yeap you've understood my instructions perfectly.,general_affirm
yes exact.,general_affirm
yes you got answer correcly.,general_affirm
you've done the command right.,general_affirm
yeap you've understood it correcly.,general_affirm
yeap the command was exact.,general_affirm
can you fantastic response to command.,general_affirm
yes answer was confirmed.,general_affirm
would you mind yeap strongly agreed.,general_affirm
i need to yes you've done command exactly.,general_affirm
can you that's confirmed.,general_affirm
yeap you get your please understanding exactly.,general_affirm
you understood command perfectly.,general_affirm
yes that's please correct.,general_affirm
you've done your understanding correcly.,general_affirm
that is good.,general_affirm
you have done it correcly.,general_affirm
yeah fantastic response to the command. now,general_affirm
yeap amazing to the command.,general_affirm
i want to yeap fantastic response to command.,general_affirm
yeap it was correct.,general_affirm
yeah please.,general_affirm
yes it was perfect.,general_affirm
yes you get your understanding perfectly.,general_affirm
yes you really got command exactly.,general_affirm
can you yeap the command was exact.,general_affirm
i want to yes your understanding was perfect.,general_affirm
yeah you've got that perfectly.,general_affirm
you understood the answer right.,general_affirm
you have done it perfectly.,general_affirm
yeap you've understood it correcly. quite,general_affirm
you have done your understanding correcly.,general_affirm
yeap you've got my instructions correcly.,general_affirm
you've done your understanding correcly.,general_affirm
yeap exact response today to command.,general_affirm
can you yeap great response.,general_affirm
you have gotten perfectly.,general_affirm
yes you have it exactly.,general_affirm
yes you get your understanding perfectly.,general_affirm
you have done your understanding correcly.,general_affirm
yeap it's good. now,general_affirm
i need to yes wonderful response to command.,general_affirm
today yeap it's confirmed.,general_affirm
it's exact.,general_affirm
just yes it's excellent.,general_affirm
that is excellent.,general_affirm
please you've done your understanding correcly.,general_affirm
yes answer today was amazing.,general_affirm
yes wonderful response to command.,general_affirm
your understanding was exact.,general_affirm
yeap you've got command correcly.,general_affirm
have got the exactly.,general_affirm
yeah you've got that perfectly.,general_affirm
yeap you have done answer exactly.,general_affirm
yeap the command was exact.,general_affirm
it was perfect.,general_affirm
yes you have gotten it exactly.,general_affirm
yeap you have done answer exactly.,general_affirm
yes really it's confirmed.,general_affirm
fantastic response to command.,general_affirm
quite it's perfect.,general_affirm
good response to the command. very,general_affirm
got the answer exactly.,general_affirm
it's amazing.,general_affirm
just you have done it correcly.,general_affirm
yeah you get command just exactly.,general_affirm
really yes strongly agree.,general_affirm
yes it's excellent. now,general_affirm
yeah get that correcly.,general_affirm
now yeah right.,general_affirm
yeap you've done that right.,general_affirm
yeap perfect response to the command.,general_affirm
i want to yeap you've understood my instructions perfectly.,general_affirm
yeah you did the quite command correcly.,general_affirm
please yes right.,general_affirm
yeap you've got command very correcly.,general_affirm
you have today done your understanding correcly.,general_affirm
yes you get your understanding perfectly.,general_affirm
you have done that perfectly.,general_affirm
answer was confirmed.,general_affirm
i want to yes you got command exactly.,general_affirm
your understanding is,general_affirm
really yes wonderful response.,general_affirm
i want to yes great response to the command.,general_affirm
yes affirmative.,general_affirm
i need to yes it's confirmed.,general_affirm
you got that perfectly.,general_affirm
yes it's now confirmed.,general_affirm
you've got the exactly.,general_affirm
the answer is confirmed.,general_affirm
quite correcly.,general_affirm
yes answer was confirmed.,general_affirm
you get it perfectly.,general_affirm
yeap you've understood it correcly.,general_affirm
today yes wonderful response to command.,general_affirm
can you yeap you get that perfectly.,general_affirm
yes affirmative.,general_affirm
yes really it was perfect.,general_affirm
yes you have gotten it exactly.,general_affirm
answer is today confirmed.,general_affirm
yes that's fantastic.,general_affirm
i want to yes it was perfect.,general_affirm
yeah please.,general_affirm
yeap right.,general_affirm
exact response the command.,general_affirm
yeah fantastic really response to command.,general_affirm
it's confirmed.,general_affirm
yeap get that right.,general_affirm
yeap fantastic response.,general_affirm
yes that's fantastic.,general_affirm
yeah you have perfectly.,general_affirm
your understanding is confirmed.,general_affirm
yes that's amazing.,general_affirm
just yes the command is confirmed.,general_affirm
yes you got command exactly.,general_affirm
yes fantastic response.,general_affirm
could you yes amazing response.,general_affirm
yeap got my correcly.,general_affirm
yes you've understood that right.,general_affirm
good response to the command.,general_affirm
yeap good.,general_affirm
you've understood my instructions exactly.,general_affirm
exact. today,general_affirm
yes wonderful response.,general_affirm
would you mind you've done your understanding correcly.,general_affirm
that is right.,general_affirm
yeap fantastic response to command.,general_affirm
yeah you did it exactly.,general_affirm
yeah you've got that perfectly.,general_affirm
yes amazing response.,general_affirm
yeah you've got that perfectly. really,general_affirm
yeah great response to command.,general_affirm
you've gotten my instructions exactly.,general_affirm
yeap it's just confirmed.,general_affirm
yes you've understood that right.,general_affirm
rowan atkinson info,qa_factoid
how high is pikes peak,qa_factoid
how big is really russia,qa_factoid
what is the today total number of oceans in the world,qa_factoid
when was lincoln,qa_factoid
when is president's,qa_factoid
find me the perfect really girlfriend,qa_factoid
is the largest ocean in the world the pacific,qa_factoid
what is the length of quite amazon river,qa_factoid
who prado museum,qa_factoid
how old is tom hanks please,qa_factoid
show me the demographic growth rate of switzerland in the last ten years,qa_factoid
what are very the climatic conditions in that area,qa_factoid
when did beyonce and jay z get married,qa_factoid
area of north america,qa_factoid
when did mount saint helens last erupt,qa_factoid
what please movies is kevin spacey in,qa_factoid
where is stonehenge,qa_factoid
how old is cher,qa_factoid
what is the population of florida,qa_factoid
how many countries are in europe,qa_factoid
is black sea real,qa_factoid
now what was the first car made,qa_factoid
what's the capital of just tanzania,qa_factoid
when was justin bieber born,qa_factoid
where is steven spielberg living,qa_factoid
today find twitter handle of tom cruise,qa_factoid
how many sides are on a pentagon,qa_factoid
now how tall is roraima mount,qa_factoid
how tall is roraima mount,qa_factoid
what is elvis favorite ride,qa_factoid
tell me when obama just was born,qa_factoid
tell me about alexander the great,qa_factoid
area of north america,qa_factoid
tell me when obama was born,qa_factoid
how quite many songs did michael jackson write,qa_factoid
how many kids jackie chan does have please,qa_factoid
get more information on geographic information about this place,qa_factoid
how many songs please did michael jackson write,qa_factoid
tell me please about sean connery,qa_factoid
wikipedia page about sean connery just,qa_factoid
what is the total number of oceans in the world,qa_factoid
how is jennifer garner's career doing,qa_factoid
how big is the tower of london,qa_factoid
what is sean please connery's birthday,qa_factoid
what is hair please made up of,qa_factoid
how old is barack obaba,qa_factoid
how old is betty white,qa_factoid
how much of the today earth is made up of water,qa_factoid
what was the date when the plum street temple in cincinnati ohio was,qa_factoid
is brad pitt married,qa_factoid
what part of the world is the safest,qa_factoid
what part of the world is the safest,qa_factoid
what is elvis favorite ride,qa_factoid
how many hook ups had richard feynman,qa_factoid
wikipedia page about now sean connery,qa_factoid
what is the deepest point on earth,qa_factoid
when is president's day,qa_factoid
what is elvis very favorite ride,qa_factoid
how far above sea level is denver,qa_factoid
how just old is kim kardashian,qa_factoid
would you mind how many cups in a quart,qa_factoid
how smooth is marble floor,qa_factoid
please show various plants in earth,qa_factoid
how many cups in a quart,qa_factoid
where is yellowstone park,qa_factoid
michael jackson family background very,qa_factoid
where is steven spielberg living today,qa_factoid
how today old is christie brinkley,qa_factoid
i want to when did beyonce and jay z get married,qa_factoid
can turkeys fly,qa_factoid
how many bones does a human body have,qa_factoid
what really creates buttermilk,qa_factoid
where is the statue just of liberty located,qa_factoid
when was Dolly parton born,qa_factoid
how bones does a body have,qa_factoid
what is the age of britney spears,qa_factoid
what is the age of britney spears,qa_factoid
where very was marlon brando born,qa_factoid
info of rowan atkinson,qa_factoid
what country was einstein,qa_factoid
how is jennifer garner's career doing,qa_factoid
what did kim kardashian wear to london fashion week,qa_factoid
how is the spouse of obama,qa_factoid
how bones body have,qa_factoid
tell me about alexander the great,qa_factoid
what's bob scrote's net worth,qa_factoid
what is the geographic info of a pop singer rahman,qa_factoid
where is steven spielberg,qa_factoid
what is the deepest point on earth,qa_factoid
who was john dillinger,qa_factoid
how many countries are in europe,qa_factoid
when did beyonce jay z get married,qa_factoid
how old was elvis when he died,qa_factoid
who now is the president of america,qa_factoid
calculate a close integral of exponential function from zero to five today,qa_factoid
how tall is roraima mount,qa_factoid
where is morocco located,qa_factoid
list various plants in earth,qa_factoid
find me the perfect today girlfriend,qa_factoid
how tall is frank goggins,qa_factoid
how old are kim kardashian's children,qa_factoid
where was brando born,qa_factoid
can you where is the statue of liberty located,qa_factoid
can you how old are kim kardashian's children,qa_factoid
how old is kim kardashian,qa_factoid
how many mega pixel is listed in now the description of the canon,qa_factoid
would you mind how far away is the sun,qa_factoid
could you where was marlon brando born,qa_factoid
please where was steve jobs born,qa_factoid
how hot are summers in gibraltar,qa_factoid
get more information today on geographic information about this place,qa_factoid
where jackie chan currently live,qa_factoid
what are the very climatic conditions in that area,qa_factoid
what now johncena do,qa_factoid
area of north america,qa_factoid
how is the spouse of just obama,qa_factoid
how far away is the sun,qa_factoid
how old elvis he died,qa_factoid
how many bones does human body have,qa_factoid
how old quite is cher,qa_factoid
tell me when obama just was born,qa_factoid
awards did erica grebe win last night,qa_factoid
where is morocco located,qa_factoid
how far is france from miami,qa_factoid
when is the next lakers game,qa_factoid
when did mount saint helens last erupt,qa_factoid
i need to where is place,qa_factoid
what part of the world is the safest,qa_factoid
very longest river in the world,qa_factoid
what awards did erica grebe win last night,qa_factoid
tell me about alexander the great,qa_factoid
what creates buttermilk,qa_factoid
did angelina jolie leave brad pitt,qa_factoid
very does pink have a new baby,qa_factoid
area of north america,qa_factoid
when is just president's day,qa_factoid
actually what is the style of sahara desert,qa_factoid
was einstein married today,qa_factoid
when is the next lakers game,qa_factoid
how many cups in a quart,qa_factoid
could you where did rama go on his final journey,qa_factoid
when was Dolly parton born,qa_factoid
how old is rihanna,qa_factoid
what country has the most population,qa_factoid
how big is the tower of london,qa_factoid
how big today is russia,qa_factoid
would you mind how many mega pixel is listed in the description of the canon,qa_factoid
what is connery's birthday,qa_factoid
does pink have a new baby,qa_factoid
area of north america,qa_factoid
what is sean connery's birthday,qa_factoid
how smooth is floor,qa_factoid
where is the hottest desert located,qa_factoid
what's the very capital of tanzania,qa_factoid
how many songs did michael jackson write,qa_factoid
what did kim kardashian quite wear to london fashion week,qa_factoid
could you tell me about our country latitude and longitude,qa_factoid
where is los angeles,qa_factoid
when was justin born,qa_factoid
just let me know really the population of india,qa_factoid
how many kids jackie chan does have,qa_factoid
rowan atkinson info,qa_factoid
what are the now climatic conditions in that area,qa_factoid
look up information on mount rushmore please,qa_factoid
how many legs today does a dog have,qa_factoid
when sunset,qa_factoid
where did rama go on his final journey,qa_factoid
i need to what's bob scrote's net worth,qa_factoid
find twitter handle of tom cruise,qa_factoid
what creates buttermilk,qa_factoid
tell me about neal adams,qa_factoid
how old are kim kardashian's children,qa_factoid
what is the highest the world,qa_factoid
remove birthday,calendar_remove
remove john's birthday from the calendar,calendar_remove
delete just meeting,calendar_remove
remove twenty fourth march gathering from now schedule,calendar_remove
delete an first event of twenty third of march twenty seventeen,calendar_remove
remove john's birthday really from the calendar,calendar_remove
i need to cancel my rsvp for dinner this evening can you erase it on my calendar as well,calendar_remove
please delete all meeting after seven am,calendar_remove
cancel sam's party,calendar_remove
erase all content in my calendar,calendar_remove
delete my meeting for one pm on nineteenth,calendar_remove
delete my dentist appointment very,calendar_remove
clear off the vet appointment next day,calendar_remove
can you delete all very events from my calendar,calendar_remove
take away the doctor's appointment i added to my calendar for february twelfth at nine am,calendar_remove
erase my please next calendar event,calendar_remove
update the calendar with the last now event removed,calendar_remove
erase all the reminders from the calendar,calendar_remove
take all events,calendar_remove
clean my entire calendar,calendar_remove
delete all details in,calendar_remove
delete my dentist appointment,calendar_remove
can you empty my calendar,calendar_remove
take away standup on Friday at ten am,calendar_remove
cancel everything on my calendar,calendar_remove
please clear my next event,calendar_remove
just delete my next meeting,calendar_remove
delete event for tuesday,calendar_remove
please delete all my now calendar events,calendar_remove
rm calendar,calendar_remove
update the calendar the last removed,calendar_remove
delete my next scheduled event could you,calendar_remove
take off the doctor's appointment on march twentieth,calendar_remove
no lunch date really tomorrow,calendar_remove
cancel my meeting tomorrow,calendar_remove
remove my event at one pm in my calendar,calendar_remove
erase all the events in my calendar,calendar_remove
delete my dr k appointment in march,calendar_remove
please clear my calendar,calendar_remove
i need to i want all my events deleted,calendar_remove
remove all the reminders from the calendar,calendar_remove
open calendar and erase all events for all months,calendar_remove
cancel my calendar quite event at one pm today,calendar_remove
delete event for tuesday,calendar_remove
just delete all meetings for tomorrow,calendar_remove
clear everything off my calendar for the rest of the very year,calendar_remove
please clear my calendar,calendar_remove
please delete the next event in the calendar,calendar_remove
give some of today delete in today events,calendar_remove
i need to erase my whole calendar,calendar_remove
delete the monthly recurring team conference till june,calendar_remove
can you delete all events from my calendar,calendar_remove
i am no longer attending the wedding on the tenth remove it my calendar,calendar_remove
please can you erase the next birthday event,calendar_remove
remove all upcoming events,calendar_remove
please delete all calendar events,calendar_remove
please empty my calendar,calendar_remove
get rid of the three events in my calendar,calendar_remove
cancel birthday party quite,calendar_remove
cancel calendar events for this week,calendar_remove
now destroy all events,calendar_remove
open calendar and erase please all events for all months,calendar_remove
check the events on calendar and delete the next very event,calendar_remove
reset all events in quite calendar,calendar_remove
please remove the doctor appointment in my calendar for today february twelfth at nine am,calendar_remove
what do i have to today,calendar_remove
i need to cancel my rsvp for dinner this evening can you erase it on my calendar as well,calendar_remove
take away calendar events for just this week,calendar_remove
please delete all meetings for tomorrow,calendar_remove
clear everything from the calendar,calendar_remove
format data from calendar,calendar_remove
delete my next scheduled event can you,calendar_remove
please remove this event from my calendar,calendar_remove
remove really all upcoming events please,calendar_remove
i don't want to attend the just dinner on march first any more so could you remove it from my agenda,calendar_remove
erase birthday party very,calendar_remove
remove events from calendar,calendar_remove
remove the fundraiser for dolphines very in april,calendar_remove
please remove the appointment which i have made with mrjim,calendar_remove
clear all events from march seven,calendar_remove
take away all events,calendar_remove
cancel future event from place i worked please,calendar_remove
clear quite my calendar for saturday,calendar_remove
now can you delete the not so important events,calendar_remove
please clean my calendar,calendar_remove
quite can you delete the not so important events,calendar_remove
please delete all calendar events,calendar_remove
i am busy tomorrow so delete all calendar quite events,calendar_remove
remove today's gathering at evening,calendar_remove
delete all now recurring staff meetings,calendar_remove
today take away my dinner event for monday,calendar_remove
can you clear out my calendar completely,calendar_remove
erase really next calendar event,calendar_remove
cancel the plan of party,calendar_remove
would you mind hi olly please remove the birthday event on coming sunday,calendar_remove
cancel my meeting the very following day,calendar_remove
olly twentieth my calendar,calendar_remove
destroy all events,calendar_remove
erase my next calendar event,calendar_remove
delete the next event in the,calendar_remove
please delete from the calendar the next event,calendar_remove
make my calendar just empty,calendar_remove
remove all the events and schedules just,calendar_remove
please clean my calendar,calendar_remove
erase my next event just,calendar_remove
delete my next meeting,calendar_remove
can today you delete the not so important events,calendar_remove
delete an first event of twenty third of march twenty very seventeen,calendar_remove
please erase the next birthday,calendar_remove
what do i have to do very today,calendar_remove
today cancel my birthday party,calendar_remove
can you delete not so important,calendar_remove
cancel all my appointments after three pm right now and inform me the details,calendar_remove
can you delete all events from my very calendar,calendar_remove
delete my appointment tomorrow,calendar_remove
delete john's birthday from the calendar,calendar_remove
please delete all my calendar events,calendar_remove
please delete all calendar events,calendar_remove
cancel session at three,calendar_remove
i want you to clear this event,calendar_remove
delete event for tuesday,calendar_remove
delete my calendar,calendar_remove
clean my entire very calendar,calendar_remove
do remove next from the calendar,calendar_remove
delete event,calendar_remove
please my calendar,calendar_remove
i want you to remove this event,calendar_remove
update the calendar with the last event removed,calendar_remove
can you remove on my calendar,calendar_remove
remove next conference this day in my calendar,calendar_remove
clear the fundraiser for dolphines in april,calendar_remove
can just you deleted the current event,calendar_remove
remove john's birthday from calendar,calendar_remove
remove today's meeting at really evening,calendar_remove
can you take off the next event on my calendar,calendar_remove
i want to delete my dentist appointment,calendar_remove
can you take away all events,calendar_remove
check the events on calendar and delete the next event,calendar_remove
delete the next event in the calendar,calendar_remove
all of my appointments with dr smith week,calendar_remove
delete the scheduled meeting quite on fourth october twelve pm,calendar_remove
now delete my next meeting,calendar_remove
please clear all events from march seven,calendar_remove
cancel my conference the following day,calendar_remove
i'm not doing thing this week,calendar_remove
delete quite my next session,calendar_remove
i am no attending the wedding on the so remove it from my calendar,calendar_remove
please remove this event from please my calendar,calendar_remove
can you take out dentist appointment from my calendar,calendar_remove
delete all please events in calendar,calendar_remove
please remove all upcoming events please,calendar_remove
cancel very gathering at three,calendar_remove
very clear my schedule for today,calendar_remove
please please delete all meeting after seven am,calendar_remove
i want to remove john's birthday from the calendar,calendar_remove
please please delete all my calendar events,calendar_remove
cancel future event from place i worked,calendar_remove
can you take off the next event my calendar,calendar_remove
can you remove that on my calendar,calendar_remove
cancel my appointment next day,calendar_remove
delete the next event in the calendar,calendar_remove
erase my appointment for march seven,calendar_remove
i wish this event to be removed from my calendar,calendar_remove
cancel my meeting tomorrow now,calendar_remove
can you delete quite this calendar event,calendar_remove
remove standup on Friday at ten am just,calendar_remove
can you find my next event and delete it please,calendar_remove
please delete please all my calendar events,calendar_remove
clear my day on the twenty ninth,calendar_remove
delete my appointment the following day,calendar_remove
remove my please event at one pm in my calendar,calendar_remove
clear off the vet appointment next day,calendar_remove
delete from the calendar the next event,calendar_remove
clear everything from the calendar,calendar_remove
can you start playing podcast about books,play_podcasts
i'd like to continue to the next episode,play_podcasts
the,play_podcasts
play the newest morning show podcast,play_podcasts
play very me john's podcast,play_podcasts
go to the podcast and play the next episode in friends,play_podcasts
please play me the bbc radio podcast,play_podcasts
start next episode playing,play_podcasts
start podcast,play_podcasts
rohan sharma podcast me,play_podcasts
skip,play_podcasts
show just me the previous episode,play_podcasts
play the last next episode,play_podcasts
move to next section,play_podcasts
find the play it,play_podcasts
next one could you,play_podcasts
start quite playlist for podcast,play_podcasts
i would like to listen to this mornings mike and mike podcast,play_podcasts
i want to hear this podcast,play_podcasts
hey play my favourite podcast from list,play_podcasts
would you mind play the next episode of drunks and dragons please,play_podcasts
podcast play,play_podcasts
could you play forward episode in quite quantico,play_podcasts
start podcast my favorites list,play_podcasts
skip to the next episode of this podcast,play_podcasts
start podcast,play_podcasts
i want to start the podcast over that i started last night,play_podcasts
start my favourite podcast,play_podcasts
please start playing my most recent podcast,play_podcasts
next quite episode in podcast,play_podcasts
start podcasts on quite nfl,play_podcasts
kindly continue with the next podcast episode,play_podcasts
play my favourite podcast,play_podcasts
could you play podcast episode new,play_podcasts
i need to play the next podcast episode,play_podcasts
go to next episode now,play_podcasts
play the last next episode,play_podcasts
play the next episode of a podcast,play_podcasts
i'd like to please continue to the next episode,play_podcasts
play most recent podcast upload,play_podcasts
go next episode,play_podcasts
search podcasts that men's issues,play_podcasts
play next doctor who episode,play_podcasts
would you mind show me the newest podcasts,play_podcasts
start playing ringcast,play_podcasts
could you play the next episode of this series,play_podcasts
today show me the previous episode,play_podcasts
continue onto the next podcast,play_podcasts
go back,play_podcasts
i need to show me the newest podcasts,play_podcasts
start podcast from my favorites list,play_podcasts
rewind the episode of podcast now,play_podcasts
please what are todays top podcasts,play_podcasts
give me me the previous episode,play_podcasts
start very podcast mlb daily,play_podcasts
play my latest podcast,play_podcasts
please play the next episode today,play_podcasts
go just to favourite list,play_podcasts
play today's podcast from the mi,play_podcasts
forward now this one,play_podcasts
kindly start my podcast,play_podcasts
go to the third episode of this podcast,play_podcasts
play podcast one,play_podcasts
i am ready to next of podcast,play_podcasts
ted talks,play_podcasts
will you please play a podcast,play_podcasts
play reason podcast,play_podcasts
start please the podcast over that i started last night,play_podcasts
search now for podcasts that cover men's issues,play_podcasts
i want to see the next podcast available,play_podcasts
play my latest podcast,play_podcasts
play the previous podcast,play_podcasts
play me john's podcast,play_podcasts
please play the next episode of this series,play_podcasts
play stuff you should know,play_podcasts
can you find the dave ramsey podcast that aired earlier right really now,play_podcasts
can you forward an episode really in the podcast,play_podcasts
start quite playing my most recent podcast,play_podcasts
could you go to the next episode of the podcast,play_podcasts
play the most current episode of levin,play_podcasts
play that podcast i was listening to,play_podcasts
skip please,play_podcasts
skip to the next podcast,play_podcasts
quite next podcast,play_podcasts
over that i started night,play_podcasts
go to the podcast and very play the next episode in friends,play_podcasts
play the podcast named ringcast really,play_podcasts
jump the podcast,play_podcasts
start podcasts on nfl,play_podcasts
start today playing my most recent podcast,play_podcasts
i want to listen to the podcast of the super bowl this past year,play_podcasts
play episode two of the just intern,play_podcasts
play that podcast i was listening just to yesterday,play_podcasts
i want to see the next podcast available,play_podcasts
move on to the next podcast episode,play_podcasts
search for podcasts that cover men's issues,play_podcasts
npr ted talks today,play_podcasts
could you play next episode of bbc history podcast,play_podcasts
please continue with the podcast episode,play_podcasts
play next episode on podcast,play_podcasts
please go to the next episode of the podcast very,play_podcasts
you should know,play_podcasts
let me listen to the latest lovett or leave it podcast,play_podcasts
i want to hear yesterday's podcast from my favorite channel,play_podcasts
play the seventh episode of the morning after,play_podcasts
play the serial podcast very,play_podcasts
podcast play,play_podcasts
play the latest very seahawks podcast,play_podcasts
could you skip to next,play_podcasts
continue onto next,play_podcasts
please next podcast,play_podcasts
back one episode,play_podcasts
i want to see the next podcast available,play_podcasts
next one please,play_podcasts
play the next episode of drunks and dragons can you,play_podcasts
start my most recently now played podcast,play_podcasts
will you please play the next episode of podcast,play_podcasts
just start the gilmore guys,play_podcasts
next one please,play_podcasts
next episode on podcast,play_podcasts
next episode of nyt,play_podcasts
today can you pull up the dave ramsey podcast that aired on monday,play_podcasts
please start my podcast now,play_podcasts
today play heavyweight podcast,play_podcasts
please check episode number thirty nine,play_podcasts
next one very please,play_podcasts
next just episode in podcast,play_podcasts
what are todays top podcasts,play_podcasts
play the seventh episode just of the morning after,play_podcasts
could you start joe rogan podcast kindly,play_podcasts
start podcasts on nfl,play_podcasts
play latest reason podcast,play_podcasts
favourite podcast,play_podcasts
please start my podcast,play_podcasts
podcast next episode,play_podcasts
start playing please my most played podcast,play_podcasts
play me the latest podcast about online surveys,play_podcasts
skip to just the next podcast,play_podcasts
will quite you please play a podcast,play_podcasts
please next episode of nyt podcast,play_podcasts
i want to see the previous episode,play_podcasts
go to favourite list,play_podcasts
next episode now would you,play_podcasts
i want to listen to the podcast of the super bowl this past year,play_podcasts
give me me the newest podcasts,play_podcasts
can i see the previous episode,play_podcasts
could you play me a podcast,play_podcasts
skip this podcast,play_podcasts
quite play next on podcast,play_podcasts
play my latest podcast,play_podcasts
move to next section,play_podcasts
play really the next recording,play_podcasts
forward one,play_podcasts
please start playing ringcast,play_podcasts
start podcast,play_podcasts
i would like to listen to this mornings mike and mike podcast,play_podcasts
would like to listen to this mornings mike and mike podcast,play_podcasts
start playing podcast about books,play_podcasts
please go to the next episode of the podcast just,play_podcasts
go to favourite quite list,play_podcasts
tell me me the top rated podcasts,play_podcasts
next podcast,play_podcasts
start the podcast over i last night,play_podcasts
to next episode,play_podcasts
would you mind play my latest podcast,play_podcasts
move on to the next podcast episode,play_podcasts
play a podcast about latest yoga videos,play_podcasts
continue onto the next podcast,play_podcasts
go to the now next episode in this podcast,play_podcasts
play rohan sharma for me,play_podcasts
play musician play list now,play_podcasts
go to favourite list,play_podcasts
i want to see very the next podcast available,play_podcasts
start the gilmore guys,play_podcasts
where is my pizza from domino's at,takeaway_query
find out if the restaurant does takeaway orders,takeaway_query
can i get an order delivered from romero's,takeaway_query
does dominos has a delivery option really,takeaway_query
when is my order ready,takeaway_query
what is the status of last take away,takeaway_query
does today pizza hut have delivery,takeaway_query
tell me if the olive garden allows takeaway,takeaway_query
does dominos has a delivery option,takeaway_query
does john's pizza have takeaway,takeaway_query
could you what time can i pick up my food,takeaway_query
when is my order ready,takeaway_query
can i get delivery from this restaurant,takeaway_query
are there any takeaways around here,takeaway_query
prepare the order as soon as possible,takeaway_query
is gus's a take out place,takeaway_query
call pizza hut and find out please if my order is ready,takeaway_query
prepare the order today as soon as possible,takeaway_query
can i get delivery from this restaurant,takeaway_query
can i delivery from here,takeaway_query
reviews of the just restaurants,takeaway_query
how much time it will take to prepare the order,takeaway_query
reviews of the restaurants,takeaway_query
status for the pizza delivery from pizza hut,takeaway_query
can i get takeaway from,takeaway_query
does arby's do takeaway,takeaway_query
check to see if pizza really hut has my order on the way,takeaway_query
does the restaurant have carryout,takeaway_query
tell me which catering please packages are available,takeaway_query
most rated delivery really options for chinese food,takeaway_query
does just arby's do takeaway,takeaway_query
would you mind what time can i pick up my food,takeaway_query
please call pizza hut and find out if my order is ready,takeaway_query
can i get an order delivered from romero's,takeaway_query
would you mind does ming ten do take out,takeaway_query
i want to does dominos deliver,takeaway_query
can you is michael's a takeaway or delivery restaurant,takeaway_query
most rated delivery options for chinese food,takeaway_query
can i get takeaway from pings,takeaway_query
please is dinner ready yet,takeaway_query
is the last order is ready,takeaway_query
could you would you recommend please a mexican restaurant for take out,takeaway_query
would you mind are there any takeaways around here,takeaway_query
tell me if the olive garden allows takeaway,takeaway_query
just takeaway status,takeaway_query
is gus's a take out place,takeaway_query
where is an olive garden that does takeaway,takeaway_query
does mr pizza deliver just,takeaway_query
can i get delivery from this restaurant,takeaway_query
where is my food,takeaway_query
does pf changs do takeout,takeaway_query
can you does my favourite pizza place available for takeaway,takeaway_query
does the nearby dominos have delivery,takeaway_query
is my order ready for quite pick up now,takeaway_query
my takeaway order will,takeaway_query
please check the dish price and all,takeaway_query
would you mind can i get takeaway from pings,takeaway_query
could you does that restaurant deliver,takeaway_query
please what is the status of my order,takeaway_query
does pf changs accept takeout orders,takeaway_query
what is today the status of my order,takeaway_query
do they have takeout,takeaway_query
does that restaurant allow please take out orders,takeaway_query
does fongs have delivery quite,takeaway_query
could you please recommend a mexican restaurant for take out,takeaway_query
can i get takeaway just from pings,takeaway_query
tell me the soup of the day at panera bread restaurant,takeaway_query
what is the status on my latest order,takeaway_query
does the restaurant have delivery,takeaway_query
does vocelli's do takeaway,takeaway_query
does pf changs accept takeout orders,takeaway_query
do they deliver,takeaway_query
does that restaurant allow take out,takeaway_query
maximum kilometer to delivery,takeaway_query
would you mind where can i order takeout,takeaway_query
does this restaurant only do carryout,takeaway_query
find my food just,takeaway_query
could you can i get delivery from here,takeaway_query
i want some curry to go any recommendations,takeaway_query
can i order olive garden to go,takeaway_query
can i get takeaway from pings,takeaway_query
is there takeaway at donut junction,takeaway_query
when do i need to leave to up my,takeaway_query
how much longer until my pizza will be here,takeaway_query
does the restaurant have carryout,takeaway_query
restaurant delivery update,takeaway_query
can you can i get delivery from this restaurant,takeaway_query
where can i get a shot of tequila and some to go mexican food,takeaway_query
can i pick up my large order at pizza hut,takeaway_query
can now i get delivery from this restaurant,takeaway_query
tell me if taco bell delivers,takeaway_query
can you domino's has takeaway right,takeaway_query
please check if paradise does takeaway,takeaway_query
any restaurant in the very beautiful,takeaway_query
take out available louies,takeaway_query
is there takeaway now at papa john's,takeaway_query
restaurant delivery update,takeaway_query
whats up with my takeaway,takeaway_query
does mr today pizza deliver,takeaway_query
can i get delivery from this restaurant,takeaway_query
can i carry out with this restaurant,takeaway_query
can i just get delivery from this restaurant,takeaway_query
just when is taco bell going to arrive,takeaway_query
please could you tell me if george's geek restaurant can i order takeaway please from there,takeaway_query
will the restaurant deliver the order,takeaway_query
does pizza quite hut have delivery,takeaway_query
now will the restaurant deliver the order,takeaway_query
remember i've ordered a cake for tonight's birthday party let me know the status would you,takeaway_query
can you how is my order,takeaway_query
prepare the quite order as soon as possible,takeaway_query
hey does open sesame do take out,takeaway_query
does restaurant has home delivery,takeaway_query
current status of take out order,takeaway_query
takeaway really status,takeaway_query
find my thai takeaways around grassmarket,takeaway_query
does that restaurant allow call in orders,takeaway_query
does shibaru sushi deliver,takeaway_query
when is my food going to be here,takeaway_query
when did i place my order and what was the projected time it would take,takeaway_query
when will by order from taco bell be delivered,takeaway_query
does restaurant has quite home delivery,takeaway_query
does that please restaurant allow call in orders,takeaway_query
where is the closest spot to order food for pickup,takeaway_query
hows the food order quite going,takeaway_query
is fongs very dine in only,takeaway_query
is michael's a takeaway or delivery restaurant,takeaway_query
tell me if the olive garden allows takeaway,takeaway_query
check please the status of my pizza hut order would you,takeaway_query
kilometer to,takeaway_query
tell me the soup of the day at today panera bread restaurant,takeaway_query
quite does my favourite pizza place available for takeaway,takeaway_query
when is taco bell going to arrive,takeaway_query
i want to can i get the food to go,takeaway_query
status of take away,takeaway_query
does nearby chinese restaurant do delivery,takeaway_query
please last take away order,takeaway_query
does ming do take out,takeaway_query
which restaurants offer take out very food,takeaway_query
when is my order ready,takeaway_query
does dominos deliver,takeaway_query
is my order pick up now,takeaway_query
maximum kilometer to delivery quite,takeaway_query
hows the food quite order going,takeaway_query
can i get an order delivered from romero's,takeaway_query
is michael's a takeaway or delivery restaurant,takeaway_query
would you mind is there takeaway at papa john's,takeaway_query
will the restaurant deliver the order,takeaway_query
is the restaurant having delivery facility,takeaway_query
will they deliver to me,takeaway_query
can you does pf changs accept takeout orders,takeaway_query
does fongs do carry out,takeaway_query
can you whats up with my takeaway,takeaway_query
does peking garden take orders over the phone,takeaway_query
when will my chinese food be delivered,takeaway_query
would you mind is there takeaway at papa john's,takeaway_query
hows the food order going,takeaway_query
can i order olive garden to go,takeaway_query
find my food really,takeaway_query
does john's pizza have takeaway,takeaway_query
i want to does shibaru sushi deliver,takeaway_query
can very i get takeout from pf changs,takeaway_query
call pizza hut and find out if my order is ready,takeaway_query
please check if paradise does takeaway,takeaway_query
can i pick up my large order at pizza hut,takeaway_query
does peking garden take orders the phone,takeaway_query
is really my order ready,takeaway_query
whats with my dinner order,takeaway_query
what asian restaurants nearby offer to food,takeaway_query
where is an olive garden that does takeaway,takeaway_query
can you does charley's steakhouse deliver,takeaway_query
does please restaurant have takeaway,takeaway_query
does peking garden deliver,takeaway_query
what is the phone number for the nearest location today of church's chicken,takeaway_query
look to very see if luigi's has takeaway,takeaway_query
resume quite audio playback of twilight,play_audiobook
play audiobook,play_audiobook
resume the audiobook i listened to last,play_audiobook
i need a break start it after really five minutes,play_audiobook
play audiobook of please jacob,play_audiobook
resume the very playback of zanes se chronicles,play_audiobook
resume play on my most recent audiobook selection,play_audiobook
resume joes book from where i left off last very time,play_audiobook
please continue reading audiobook quite,play_audiobook
play me harry potter from the place i now last stopped listening on,play_audiobook
i need to base on my audiobook collection get me recommendation related audio book i should listen get and play me the resume,play_audiobook
i would like to start this new audiobook,play_audiobook
i would like to listen to my audiobook,play_audiobook
play it after five minutes,play_audiobook
play fault in our stars on audible please,play_audiobook
i want to start war and peace where i left off,play_audiobook
resume audio book history of rome,play_audiobook
resume the last played audiobook,play_audiobook
play audiobook swan from first,play_audiobook
continue with please my audiobook please,play_audiobook
please resume joes book from where i left off last time,play_audiobook
would you play really back some important points summary,play_audiobook
please resume playback,play_audiobook
restart bill nye book,play_audiobook
very stop play,play_audiobook
play the twilight book,play_audiobook
resume audio playback of twilight really,play_audiobook
the playback of a child called it,play_audiobook
put on the god just of small things,play_audiobook
play the book heard on some particular day,play_audiobook
resume audiobook playback,play_audiobook
resume play on my most recent audiobook selection,play_audiobook
can you pause and rewind the audio then resume,play_audiobook
resume the playback of a child called it,play_audiobook
could you play this playback on audiobook,play_audiobook
resume the playback of zanes se chronicles,play_audiobook
open code i off,play_audiobook
play audiobook,play_audiobook
i want to play the audiobook good grief,play_audiobook
could you resume playing the current audiobook,play_audiobook
could you audio start,play_audiobook
can you pause and rewind the audio then resume,play_audiobook
play the twilight book,play_audiobook
keep playing war and,play_audiobook
restart the audiobook heaven is for real,play_audiobook
could you start reading fifty shades of grey from chapter four,play_audiobook
resume playing you now are joking mr feynman,play_audiobook
just play the davinci code,play_audiobook
play audiobook of really planets,play_audiobook
resume playing you are joking mr feynman please,play_audiobook
playback tom clancy splinter just cell,play_audiobook
resume the quite two towers,play_audiobook
play my bookmarked audiobook,play_audiobook
start reading book please,play_audiobook
resume audio,play_audiobook
please continue playing odd thomas by dean,play_audiobook
resume harry potter book one,play_audiobook
i want to resume last played audiobook,play_audiobook
keep playing war and now peace,play_audiobook
could you play audiobook of jacob,play_audiobook
can you pause this audio book now,play_audiobook
please resume playback in,play_audiobook
i want to hear the book written by the mother of the shooter at columbine,play_audiobook
i want to start war peace where i off,play_audiobook
play audiobook today of planets,play_audiobook
would you mind open audible and continue playing the book that i was listening to,play_audiobook
i need to resuming playing my current audio book,play_audiobook
please play back important points summary,play_audiobook
progress from the last paused point of my audio really book,play_audiobook
pause the book,play_audiobook
start reading that alan partridge book,play_audiobook
pick up wuthering heights where left off,play_audiobook
play biography of please jackie kennedy,play_audiobook
read some more of the daisy very goodwin book for me,play_audiobook
continue playing my book of quite vitamins,play_audiobook
can you pause and rewind the audio then resume,play_audiobook
please play recently paused audio,play_audiobook
i want you to fast forward the audio then resume,play_audiobook
play audiobook,play_audiobook
resume playing you are joking mr feynman,play_audiobook
just can you pause the audio,play_audiobook
play the circle just,play_audiobook
start playing very again,play_audiobook
today play audiobook where we left off,play_audiobook
very progress from the last paused point of my audio book,play_audiobook
play the audiobook swan from first,play_audiobook
start audio playback of twilight again,play_audiobook
resume the two towers,play_audiobook
play magic run after thirty min,play_audiobook
i want to listen to be more chill by ned vizzini,play_audiobook
i want to listen treasure island by robert louis,play_audiobook
play the last played audiobook,play_audiobook
can you resume playing the current audiobook,play_audiobook
start reading fifty shades of grey from chapter four,play_audiobook
play this audiobook for me,play_audiobook
i want to stop audiobook,play_audiobook
play audiobook of very planets,play_audiobook
please repeat the last sentence from that book,play_audiobook
please play me a random audio book that has to do with love,play_audiobook
play the twilight book,play_audiobook
can you pause the audio today,play_audiobook
would you restart the handmaid's tale very,play_audiobook
play the very davinci code,play_audiobook
play the god of small things,play_audiobook
play the circle,play_audiobook
could you lets have a break for five minutes,play_audiobook
can you play my latest audio book,play_audiobook
could you play my bookmarked audiobook,play_audiobook
start dune from where i left off,play_audiobook
i want to play the audiobook good grief,play_audiobook
start audiobook please again,play_audiobook
please pause the audiobook,play_audiobook
please resume this playback in audiobook,play_audiobook
resume harry potter book five,play_audiobook
open the two towers today,play_audiobook
play this audiobook for me very,play_audiobook
please begin again book swan,play_audiobook
resume audio playback of twilight,play_audiobook
start reading that alan partridge book,play_audiobook
can you read some more of the daisy goodwin book for me,play_audiobook
resume harry potter today book one,play_audiobook
find me an audio book version of ready player one and very play it for me,play_audiobook
continue with my audiobook kindly really,play_audiobook
play biography of jackie kennedy,play_audiobook
i want to listen to be more chill by ned vizzini,play_audiobook
open the two towers,play_audiobook
resume audio book history of rome,play_audiobook
start chapter seven of alma,play_audiobook
i want to i want you to fast forward the audio then resume,play_audiobook
continue playing my book of vitamins,play_audiobook
i want you to fast forward the audio then resume,play_audiobook
progress from the last paused point of my audio book,play_audiobook
play seven habits of effective people,play_audiobook
today start dune from where i left off,play_audiobook
please continue audiobook,play_audiobook
can you play my latest audio book quite,play_audiobook
begin playing the audiobook beauty and the beast,play_audiobook
would you mind play recently added audiobook,play_audiobook
play audiobook today snow white,play_audiobook
play audiobook of jacob,play_audiobook
please pause this audio book now,play_audiobook
please open audible and continue playing the book that i was listening to,play_audiobook
keep playing secret garden today,play_audiobook
start over the book legacy,play_audiobook
play seven habits of effective people,play_audiobook
start audio playback of twilight again,play_audiobook
resuming playing my current audio book,play_audiobook
pick up wuthering heights where we left off,play_audiobook
play me harry potter from the place i last stopped listening on,play_audiobook
really start reading that alan partridge book,play_audiobook
open audible and continue playing the book that i was listening to,play_audiobook
continue very playing my audiobook,play_audiobook
play seven habits of effective people,play_audiobook
quite i would like to listen to my audiobook,play_audiobook
can you pause the audio,play_audiobook
play scarlet letter,play_audiobook
lets have a break for five minutes,play_audiobook
i would like to listen to my audiobook,play_audiobook
can you pause and rewind the audio then resume,play_audiobook
resume really my audiobook from the beginning of the last chapter i started,play_audiobook
resume playing you are joking mr feynman,play_audiobook
resume the two towers,play_audiobook
resuming playing my current audio book,play_audiobook
look for this playback in audiobook and play for me really,play_audiobook
resume the playback of zanes se chronicles,play_audiobook
can you continue audiobook the circle,play_audiobook
would you mind play the scarlet letter,play_audiobook
play the time machine by h g wells,play_audiobook
resume the playback of zanes quite se chronicles,play_audiobook
recently audiobook,play_audiobook
restart american just gods,play_audiobook
i now want to finally read the mars trilogy,play_audiobook
could you resume harry potter book one,play_audiobook
play audiobook where we left off,play_audiobook
that was not what today i meant.,general_negate
"very stop, this is not right answer.",general_negate
i am sorry but i think it is not the right command.,general_negate
could you this was not correct command.,general_negate
sorry but just i think you got it wrongly.,general_negate
this now was not what i am searching for.,general_negate
"today dammit, it isn't what i asked.",general_negate
sorry but it is not correct.,general_negate
thanks but i think you did not get very the answer correctly.,general_negate
sorry but you have messed up the command.,general_negate
i think you did the task incorrectly.,general_negate
the command is not really correct.,general_negate
"uh no, i think not correct response.",general_negate
"please no, you gave me not correct information.",general_negate
i need to that was not what i meant.,general_negate
"uhh no, i did not say this.",general_negate
i think this is not correct command.,general_negate
i think you've done task all wrong.,general_negate
the was wrong.,general_negate
i am sorry but it's not the right answer.,general_negate
"oh no, you did not get what i was searching for.",general_negate
i did not ask for that.,general_negate
"oh no, please this was not what i was searching for.",general_negate
i think you really didn't understand me.,general_negate
thanks but i think you made some mistakes.,general_negate
i asked for something really else.,general_negate
please check the command.,general_negate
"uhh no, i think not right response.",general_negate
"please wait, you've understood me not right.",general_negate
i am sorry but i think you are not right.,general_negate
"just uh no, i think incorrect command.",general_negate
you didn't say my name right.,general_negate
"nope, you really did a task in wrong manner.",general_negate
i think that's not the right command.,general_negate
"oh no, you did not get what i was searching for.",general_negate
please sorry but it was not the correct response.,general_negate
didn't get correctly.,general_negate
"could you oh no, you did task all wrong.",general_negate
i am sorry but i think you have messed now up with my request.,general_negate
thanks but i think you made some mistakes.,general_negate
"oh no, i think you have done a task wrong.",general_negate
you don't just understand it right.,general_negate
today that must be some mistakes.,general_negate
"dammit, that's not what i meant.",general_negate
i think you now did the task incorrectly.,general_negate
are you just sure that is correct.,general_negate
it's not the correct today command.,general_negate
really i did not say it.,general_negate
seems like the response was quite not correct.,general_negate
thanks but you are incorrect.,general_negate
"nope, i today think you did this all in wrong manner.",general_negate
could you check the command.,general_negate
it must be mistake.,general_negate
thanks but you didn't get me.,general_negate
"oops, you're really wrong.",general_negate
can you sorry but i think you are not right.,general_negate
thanks but i think this was not the now correct command.,general_negate
"oh no, you did not get what i please was searching for.",general_negate
"shit, i didn't ask for this.",general_negate
thanks quite but i think you have gotten me not correct.,general_negate
this was not what i am searching for.,general_negate
i did not say it.,general_negate
"wait, i think just that's not the correct command.",general_negate
could you you have done the task wrong.,general_negate
sorry but it is incorrect.,general_negate
sorry but it is incorrect. please,general_negate
"oops, today that's not the right response.",general_negate
today thanks but it is not correct command.,general_negate
this was not what i am searching please for.,general_negate
thanks but i think you now have messed up my request.,general_negate
could you make sure your command was correct because it doesn't sound right.,general_negate
"i need to oh no, you did task all wrong.",general_negate
"uh no, i quite think incorrect command.",general_negate
thanks but i think you get the answer correctly.,general_negate
can you thats not it please do it again.,general_negate
"nope, incorrect command.",general_negate
"stop, this is not right answer.",general_negate
thanks but this is not the right response.,general_negate
please thanks but it's not the correct command.,general_negate
"shit, i didn't ask for this.",general_negate
"no, i think that's not the today right response.",general_negate
i think this was not correct.,general_negate
can you you have done task all wrong.,general_negate
"uh no, i think incorrect command.",general_negate
sorry but that is not the right very answer.,general_negate
sorry but it's not the right answer.,general_negate
that wasn't it.,general_negate
"uhh no, today you gave me not correct information.",general_negate
it must be mistake.,general_negate
"uhh no, you gave not correct information.",general_negate
i think now incorrect.,general_negate
get it correctly.,general_negate
it was the correct response.,general_negate
"could you uhh no, i did not say this.",general_negate
"uhh no, you didn't interpret the request right.",general_negate
you told me the incorrect date can you correct this.,general_negate
"dammit, it isn't i am for.",general_negate
"hmm, i did not ask for this response.",general_negate
i need to thanks but i think it's wrong response.,general_negate
"nope, you did please a task in wrong manner.",general_negate
"nope, you did please a task in wrong manner.",general_negate
"dammit, it isn't what i am looking for.",general_negate
that was not what i meant.,general_negate
i think it's not the correct please answer.,general_negate
this is not the correct answer.,general_negate
"hmm, i did not ask for this response.",general_negate
thats not it please do it again.,general_negate
"quite uh no, you've done in wrong manner.",general_negate
"shit, not correct.",general_negate
"oh no, you did not get what i was searching for.",general_negate
"oh no, you did task all wrong.",general_negate
thanks but i think that was not the correct command.,general_negate
i think you have done the task really all wrong.,general_negate
"uh no, i think not correct response.",general_negate
"would you mind nope, it's not the correct command.",general_negate
"oops, you just did not get me.",general_negate
i did not ask for that.,general_negate
please thanks but it's not the correct command.,general_negate
thanks but i think it's wrong response.,general_negate
i did not say it.,general_negate
could you thanks but i think it's wrong response.,general_negate
"nope, i did not say it.",general_negate
"uh no, i think you have done task in wrong manner.",general_negate
"oh no, you did now not get what i was searching for.",general_negate
i am sorry but this was just not the right command.,general_negate
that's not what i just said.,general_negate
incorrect,general_negate
"no, i think that's not the right quite response.",general_negate
sorry but it is incorrect. please,general_negate
"shit, it isn't what i was searching for.",general_negate
"no, you don't get what i just requested.",general_negate
"oops, i think this very was not the right response.",general_negate
"wait, you've understood today me not right.",general_negate
thanks but i think this was not the correct very command.,general_negate
i am sorry but that is not quite the right answer.,general_negate
i did not say it.,general_negate
sorry but that is not the right answer.,general_negate
"uhh no, really you didn't interpret the request right.",general_negate
you are me,general_negate
please you didn't get it correctly.,general_negate
listen carefully that correct.,general_negate
sorry but that's not the correct response.,general_negate
that quite was not what i meant.,general_negate
that must quite be some mistakes.,general_negate
quite i think that's not correct answer.,general_negate
"uhh no, i think not just right response.",general_negate
sorry but it is not correct.,general_negate
incorrect command.,general_negate
i think that's not correct answer.,general_negate
thanks but you are incorrect.,general_negate
"stop, i think that's not really the correct command.",general_negate
incorrect now command.,general_negate
"hmm, you've done quite this all in wrong manner.",general_negate
thanks but you didn't get me.,general_negate
"hmm, i think incorrect answer.",general_negate
please make sure your command was correct please because it doesn't sound right.,general_negate
thanks but it is not correct command.,general_negate
i think you did the task incorrectly.,general_negate
"uhh no, that's not what i am searching for.",general_negate
it's not the correct now command.,general_negate
thanks but this is very not the right response.,general_negate
goddammit.,general_negate
thanks but the correct,general_negate
would you mind thanks but it's not the correct command.,general_negate
sorry but that was not the correct response.,general_negate
"oops, i think you just do not understand me.",general_negate
"oh no, i think you have done a task wrong. very",general_negate
i am sorry but i quite think you're incorrect.,general_negate
now it's not the correct command.,general_negate
you don't understand it right.,general_negate
just i asked for something else.,general_negate
would you check the command.,general_negate
"uh no, i think not correct response.",general_negate
it was not the correct response.,general_negate
send email new address,email_sendemail
can you reply to my colleagues mail about his query,email_sendemail
send email gary,email_sendemail
hi buddy send mail to my friend hellen regarding home builders are not accepted the offer,email_sendemail
email chris add following content sorry I really will be late this day,email_sendemail
reply back to this email,email_sendemail
email my mother,email_sendemail
send an bob,email_sendemail
send the email to john just,email_sendemail
send an email to with the subject as test and no content,email_sendemail
please send a reply to mike with the answer four hundred and thirty from his email he sent this morning,email_sendemail
open a new email to contact,email_sendemail
would you mind send an email to fred from work he is in my contacts,email_sendemail
email chris add following content sorry I will be late this day,email_sendemail
send an email to frank and ask now them what the weather going to be like this week,email_sendemail
send a test email to,email_sendemail
email to,email_sendemail
can you start email for address not in contacts,email_sendemail
text sarah if she is free for brunch this day,email_sendemail
please reply email to charlotte,email_sendemail
answer paul's email,email_sendemail
send an email to frank and ask them what the weather going to be like this week,email_sendemail
email my favourite contacts,email_sendemail
email tom,email_sendemail
compose an email just to parisa,email_sendemail
send happy new year to john@gmail dot com,email_sendemail
send an email to qerwerq@hotmail com,email_sendemail
send mom an email now now,email_sendemail
send mail to mom i am planning vacations with her next week,email_sendemail
send an email to my assistant clara to cancel all appointments for tomorrow really,email_sendemail
please start email for address not in contacts,email_sendemail
send an email today to adele,email_sendemail
i want to send the following email to bro hi come down for dinner tonight,email_sendemail
email just co worker about work project,email_sendemail
schedule text messages for later,email_sendemail
please email celine,email_sendemail
send response i will be there,email_sendemail
write an email about next week weather to my wife,email_sendemail
i did not want you to send that text yet wait until i say send,email_sendemail
today send email new address,email_sendemail
i'd like to send a reply,email_sendemail
send an email to frank and ask them what the weather going to be like this week,email_sendemail
prepare email for susan now,email_sendemail
reply to erins email by saying i will be on time just,email_sendemail
email james about the softball game james we need to get some refreshments before heading over,email_sendemail
send a mail to alex asking about the due payment,email_sendemail
send an email to john that i am on my way to home,email_sendemail
email james about the softball game james we need to get some refreshments before heading over,email_sendemail
by mail to my family,email_sendemail
reply an email to i will not come tonight,email_sendemail
respond to mom's mail message about the recipe site,email_sendemail
send reply thank you so much mom quite to mom,email_sendemail
mahaboobsayyad@gmail dot,email_sendemail
compose a mail for jack,email_sendemail
pull up outlook i to send a email,email_sendemail
my friend john has sent me a invitation card to his newly bought home say thanks to him just in his mail id,email_sendemail
start email,email_sendemail
reply to email today i will be late,email_sendemail
compose a mail for jack,email_sendemail
open today a new email to contact,email_sendemail
really email my favourite contacts,email_sendemail
send an email to bill that i'm sorry i didn't realize was so sick,email_sendemail
can you start an email for my sister,email_sendemail
email my sister about mom's birthday jane we should think very about arranging the party at the park,email_sendemail
can you start an email for my sister,email_sendemail
write an email to luke asking how the weather will be this coming week,email_sendemail
tell chris i will be late through email,email_sendemail
reach by mail to just my family,email_sendemail
send an email for me,email_sendemail
send an email for me,email_sendemail
send an email to bob,email_sendemail
hey send please email to john,email_sendemail
pull up outlook i need to send a email,email_sendemail
respond back to the very mail,email_sendemail
send an email to my wife about next week weather,email_sendemail
send email to just david davis email address,email_sendemail
send quite email to cat that i will accept job offer,email_sendemail
pull up outlook i need to send a email,email_sendemail
send today a request to martin,email_sendemail
i want the email to be sent to my new email address abc@gmail dot com,email_sendemail
inbox my family,email_sendemail
send an email to juanpedro@gmail dot com,email_sendemail
send an email to grandma saying we are dropping by on saturday see you then,email_sendemail
send email to please gary,email_sendemail
send an email to next week weather,email_sendemail
respond mom's mail message about the recipe site,email_sendemail
like to send a reply,email_sendemail
send email to bro and say hi come down for dinner tonight,email_sendemail
could you send an email to mom,email_sendemail
send this to reply to the latest emails,email_sendemail
i want to email tom,email_sendemail
the email to john,email_sendemail
reply to heather's latest email by answering no,email_sendemail
could you send an email to mom,email_sendemail
send email how are you dad to dad now,email_sendemail
today answer the email,email_sendemail
please reply to my colleagues mail about his query,email_sendemail
send an email with the you gave me to jean saying meet us eight pm,email_sendemail
pull up need to send a email,email_sendemail
send an email to bob,email_sendemail
send an email to adele,email_sendemail
can you reply back to this email,email_sendemail
send an email to bill that i'm sorry i didn't realize he was so sick,email_sendemail
write this message to the coworker group,email_sendemail
my friend really john has sent me a invitation card to his newly bought home say thanks to him in his mail id,email_sendemail
send email to bro just and say hi come down for dinner tonight,email_sendemail
text sarah if she is free for brunch just right now,email_sendemail
i need to send email to mom asking about the weather,email_sendemail
i need to send email to bill asking to reschedule,email_sendemail
send please a reply to mike with the answer four hundred and thirty from his email he sent this morning,email_sendemail
send email to emma,email_sendemail
start email for address not really in contacts,email_sendemail
send this message to the family group starts with a,email_sendemail
send an email to john that i am on my way to home,email_sendemail
send an quite email to rohit saying i am busy next day,email_sendemail
hello today you have a send an email to someone,email_sendemail
reply email to charlotte,email_sendemail
answer email,email_sendemail
open a new email to contact,email_sendemail
send mom the following email,email_sendemail
compose an email very to parisa,email_sendemail
text sarah is free for brunch today,email_sendemail
send the email to john,email_sendemail
send email to cat that i now will accept job offer,email_sendemail
send now happy new year to john@gmail dot com,email_sendemail
email jan our,email_sendemail
forward just email,email_sendemail
send an email to my boss about now my leave,email_sendemail
write now this message to the coworker group,email_sendemail
hey i want to send an email to my friend,email_sendemail
open terry's email,email_sendemail
i want to send an email to juanpedro@gmail dot com,email_sendemail
compose email,email_sendemail
could you hey send email to john,email_sendemail
i need to send an email to juanpedro@gmail dot com,email_sendemail
send a really confirmation email to sandy,email_sendemail
can you respond back to the mail,email_sendemail
answer email,email_sendemail
send an email to my mum that i will visit her next weekend really,email_sendemail
write an email recipient ray,email_sendemail
send an email to fred from work he is in my contacts,email_sendemail
could you write an email about next week weather to my wife,email_sendemail
can you send an email for me,email_sendemail
reply to john's email this day saying i will be late,email_sendemail
just email my mom,email_sendemail
send an email to bill that i'm sorry i didn't realize he was so sick,email_sendemail
respond back to please the mail,email_sendemail
i need an email to be sent to very comcastcom about my service issues,email_sendemail
a new email but i got a new address this time brandon at example dot,email_sendemail
inbox this mail,email_sendemail
now i need to write an email to my colleague,email_sendemail
start email,email_sendemail
respond to graham and let him know that i quite will be free tomorrow,email_sendemail
would you start an email for my sister,email_sendemail
send an email to with the subject really as test and no content,email_sendemail
send the email to john,email_sendemail
tell chris today i will be late through email,email_sendemail
compose a mail for today jack,email_sendemail
i want to email dad how is the weather this week,email_sendemail
send an email to rohit saying i am busy tomorrow,email_sendemail
start email for address very not in contacts,email_sendemail
send an email to jesse,email_sendemail
send a confirmation quite email to sandy,email_sendemail
will you send the email to greg,email_sendemail
send an email to emma,email_sendemail
email my sister about mom's birthday jane we should think about arranging the party at the park,email_sendemail
send mom an email now,email_sendemail
send an email to fred from work he is in my contacts,email_sendemail
email co now worker about work project,email_sendemail
compose a mail for jack,email_sendemail
send an email to my wife about next week weather,email_sendemail
email mom and ask how the weather is there,email_sendemail
send email to family and tell them to bring the bug spray before coming to the park,email_sendemail
"send email to robert, what time is dinner just",email_sendemail
delete very all lists,lists_remove
we're out of paint so take bathroom painting off the list,lists_remove
trash file,lists_remove
remove item from list,lists_remove
just take that off there,lists_remove
now remove last played song,lists_remove
delete quite this list,lists_remove
quite remove chores from my to do list,lists_remove
erase apple from list,lists_remove
delete mike stein from contacts list,lists_remove
would you delete the shopping list,lists_remove
remove item,lists_remove
delete pencil from stationary,lists_remove
just erase my grocery list,lists_remove
please clear the list,lists_remove
i need to delete the dog list for me,lists_remove
i don't need the shopping list delete quite it,lists_remove
erase spaghetti from list quite,lists_remove
delete the shopping,lists_remove
would you tell me how can I take away the item,lists_remove
delete very the shopping list,lists_remove
erase my grocery list,lists_remove
delete happy dance playlist,lists_remove
abolish an item from list,lists_remove
clear all from my iphone,lists_remove
i don't need tesco item any really more delete it,lists_remove
i don't need tesco item any more delete it,lists_remove
just find my shopping list and delete it,lists_remove
really take that off there,lists_remove
scratch that one from the list,lists_remove
take away list item,lists_remove
would you remove the grocery list from my make of lists,lists_remove
take milk off my grocery list,lists_remove
please delete the shopping quite list,lists_remove
i don't need tesco please item any more delete it,lists_remove
remove pepper from my grocery list,lists_remove
erase that item from my list,lists_remove
delete mike stein from contacts list,lists_remove
delete my to do list,lists_remove
take item now off list,lists_remove
remove soccer list from notes,lists_remove
delete the list,lists_remove
delete my list of appointments for next day,lists_remove
cancel list,lists_remove
please delete list titled quite kickball,lists_remove
today remove noodles from the list,lists_remove
remove apples from my shopping list,lists_remove
remove quite my list of contacts from work,lists_remove
i want you to remove the item from the,lists_remove
really delete the grocery list,lists_remove
list delete,lists_remove
delete the famous actors list,lists_remove
chore list,lists_remove
move buying eggs item to trash now from to do list,lists_remove
delete the shopping list,lists_remove
i need to remove noodles from the list,lists_remove
get rid of tax list from nineteen ninety today,lists_remove
get rid of tax list from nineteen ninety,lists_remove
could you remove events from my list,lists_remove
remove my to just do list,lists_remove
i want to remove chores from my to do list,lists_remove
clear list things to now do this weekend,lists_remove
delete item just four,lists_remove
delete butterfly clips from my wish list,lists_remove
remove event from my list,lists_remove
cancel cheese from my list,lists_remove
take away events from my list,lists_remove
clear all from my iphone,lists_remove
would you mind remove soccer list from notes,lists_remove
i'm done with today's to do list,lists_remove
list delete,lists_remove
could you remove soccer list from notes,lists_remove
take off this list,lists_remove
we're out of paint so take bathroom today painting off the list,lists_remove
remove very lunch with co workers on thursday,lists_remove
remove my list of notes from last week,lists_remove
erase that item from my list,lists_remove
find apple on list and remove,lists_remove
delete out item,lists_remove
i want to cancel the recording i have on the dvr list for this morning,lists_remove
remove quite the list please,lists_remove
please delete from shopping list,lists_remove
could you take off this list,lists_remove
please delete item on list,lists_remove
this list,lists_remove
cancel my list of contacts from work,lists_remove
delete this from list,lists_remove
today take off this list,lists_remove
take away that event from list,lists_remove
delete shopping from my list,lists_remove
remove the bank transaction list,lists_remove
remove vegetables the list,lists_remove
could you cancel list,lists_remove
remove my to do list,lists_remove
i have already given mark his gift this day would you remove him on my christmas gift list,lists_remove
delete call newspaper from my vacation list,lists_remove
cancel that event from list really,lists_remove
delete apples from my shopping list,lists_remove
remove the second from the list,lists_remove
please delete shopping from my list,lists_remove
cancel my shopping list,lists_remove
take out now the milk from the shopping list,lists_remove
remove apple from list just,lists_remove
remove that from my today list,lists_remove
delete sherlock holmes from,lists_remove
just delete out item,lists_remove
delete this from list,lists_remove
remove my list of contacts from work,lists_remove
kill item very,lists_remove
get rid of item on quite the list,lists_remove
really delete list,lists_remove
please delete butterfly clips from my wish list,lists_remove
delete bread list,lists_remove
i want to remove chores from my to do list,lists_remove
erase previous list,lists_remove
i'm done with today's to do list,lists_remove
i don't want eggs,lists_remove
kindly delete the shopping list,lists_remove
can you delete sherlock holmes from library,lists_remove
go to the list and remove item,lists_remove
i want to cancel the recording i have on the dvr list for this morning,lists_remove
go to the list and take away item,lists_remove
delete the last line,lists_remove
remove very apple from list,lists_remove
i want to take item off list,lists_remove
remove the sms recipient which have initials s,lists_remove
i want you to delete my shopping list from last month,lists_remove
throw away my to do list kindly,lists_remove
we're out of paint so just take bathroom painting off the list,lists_remove
remove a list please,lists_remove
get rid now of bananas on the list,lists_remove
we're out of paint so take bathroom painting off the list,lists_remove
quite delete butterfly clips from my wish list,lists_remove
clear all from my iphone,lists_remove
delete that item from the list,lists_remove
abolish an item from list,lists_remove
erase item can you from really my list,lists_remove
get rid of bananas on the list,lists_remove
quite i don't want eggs,lists_remove
erase the second row from the now list,lists_remove
take away noodles from the list,lists_remove
delete the santana music list,lists_remove
scratch that one from quite the list,lists_remove
delete my list,lists_remove
delete shopping list,lists_remove
kill item,lists_remove
clear the item from list,lists_remove
delete my to do list,lists_remove
i don't want eggs,lists_remove
delete the following list,lists_remove
cancel last played song,lists_remove
remove the list please,lists_remove
remove vegetables from the please list,lists_remove
erase spaghetti from list,lists_remove
delete mike stein from contacts list,lists_remove
i want to delete list,lists_remove
cancel quite pencil from stationary,lists_remove
take away list item,lists_remove
can you i need you to remove item s from my list,lists_remove
go to the list and remove item now,lists_remove
quite delete everything on the menu,lists_remove
please remove sporty event from list,lists_remove
remove the sms recipient which have initials s,lists_remove
cancel a list of accessories purchase last week,lists_remove
could you tell me how can I remove the item,lists_remove
clear cart list,lists_remove
remove the second row from the list,lists_remove
delete the item two from the list,lists_remove
delete shopping list,lists_remove
i need to find apple on list and remove,lists_remove
could you delete list titled kickball,lists_remove
remove pencil from stationary,lists_remove
please clear the list please,lists_remove
delete the dog list for really me,lists_remove
i'd like you to confirm that please.,general_confirm
did you get last thing said correctly?,general_confirm
would you confirm the detail.,general_confirm
did you now get my last instruction correctly?,general_confirm
could you confirm the question please.,general_confirm
could you please check confirm the detail.,general_confirm
check and confirm the last thing said please.,general_confirm
could you please check the detail.,general_confirm
could you will you check last thing said.,general_confirm
today can you confirm the details please.,general_confirm
could you please check and confirm last thing i said.,general_confirm
would you check last thing i said.,general_confirm
can you please confirm last thing today i said.,general_confirm
would you confirm last thing i said please.,general_confirm
check and confirm the detail please.,general_confirm
would you confirm the detail.,general_confirm
i'd like you check my last question please please.,general_confirm
did you get my last command now correctly?,general_confirm
i like you to very confirm the details please.,general_confirm
would please confirm that.,general_confirm
i'd like you check my last question please. now,general_confirm
did you get the instruction correctly? really,general_confirm
can you kindly confirm detail.,general_confirm
could you confirm last thing said.,general_confirm
check last thing said please.,general_confirm
can you today please confirm what said.,general_confirm
will you please check and confirm it.,general_confirm
confirm now last thing said please.,general_confirm
did you get the detail correctly?,general_confirm
check last thing i said.,general_confirm
check last thing please.,general_confirm
please will you check confirm it.,general_confirm
i'd like you check last,general_confirm
i would like you now to check and confirm detail please.,general_confirm
check last thing said please.,general_confirm
would you please check what i last said.,general_confirm
i'd like you confirm it please.,general_confirm
check really what just said please.,general_confirm
i'd like you to check and confirm last thing said please.,general_confirm
will you very please check and confirm detail.,general_confirm
confirm that please.,general_confirm
please can you check and confirm what just said.,general_confirm
can you check last thing i said please.,general_confirm
please would you check instruction. today,general_confirm
could you confirm please what i just said please.,general_confirm
will you confirm please.,general_confirm
check and confirm the details please.,general_confirm
please would you confirm detail.,general_confirm
could you confirm my last instruction.,general_confirm
i want you to confirm what i quite last said please.,general_confirm
please confirm my last question.,general_confirm
would you please check what i last said.,general_confirm
please now check detail.,general_confirm
would you mind i'd like you to check and confirm last thing said please.,general_confirm
i want you confirm that,general_confirm
please just can you check and confirm what just said.,general_confirm
could you confirm detail,general_confirm
confirm my last command please.,general_confirm
confirm that very please.,general_confirm
can now you check last thing i said.,general_confirm
could you confirm detail please.,general_confirm
would you confirm my last instruction.,general_confirm
can you would you confirm detail.,general_confirm
i want you confirm that please.,general_confirm
i'd like you to check and confirm last thing just said please.,general_confirm
kindly confirm my last question.,general_confirm
will you check and confirm my last command.,general_confirm
will you please check and confirm the last thing i said.,general_confirm
check last thing,general_confirm
i today like you check what i last said please.,general_confirm
kindly will you confirm the last thing said.,general_confirm
please will you check and confirm it.,general_confirm
could you can you check and confirm what just said.,general_confirm
i like you check what i last said please.,general_confirm
you check what just said.,general_confirm
can you could you check command.,general_confirm
can you confirm what said please.,general_confirm
can you check last thing i said please.,general_confirm
can you can you check and confirm the details.,general_confirm
i want to did you get it correctly?,general_confirm
check last thing i said please.,general_confirm
please would you detail.,general_confirm
can you confirm instruction.,general_confirm
confirm last thing said please. really,general_confirm
would you please confirm details.,general_confirm
check please question.,general_confirm
can you confirm the details please.,general_confirm
i like you confirm details please.,general_confirm
please will you check details. very,general_confirm
i like you to confirm the details please.,general_confirm
you please confirm detail.,general_confirm
i want to would you please check and confirm it.,general_confirm
please confirm details.,general_confirm
please would you confirm just detail.,general_confirm
did you get correctly?,general_confirm
could you would you check and confirm last thing said please.,general_confirm
can you please,general_confirm
check please and confirm last thing said please.,general_confirm
did you get the instruction correctly?,general_confirm
can you please what i last said.,general_confirm
would you mind i like you check and confirm last thing i said please.,general_confirm
could you please check and confirm very the detail.,general_confirm
could you can you check that.,general_confirm
would you confirm my last instruction.,general_confirm
can you would you check and confirm the detail.,general_confirm
please check and confirm detail.,general_confirm
please confirm my last question.,general_confirm
could you kindly check and confirm the detail.,general_confirm
would confirm detail.,general_confirm
could you please check and confirm detail.,general_confirm
can you check last thing said please.,general_confirm
will you please check and confirm the last thing quite i said.,general_confirm
quite i like you confirm details please.,general_confirm
i need to i'd like you to check and confirm last thing said please.,general_confirm
could today you confirm my last question.,general_confirm
would you please check please instruction.,general_confirm
could you please confirm instruction.,general_confirm
would you can you confirm details.,general_confirm
will you please now check and confirm detail.,general_confirm
could you please confirm the instruction.,general_confirm
could you check instruction.,general_confirm
please could you confirm instruction.,general_confirm
check and confirm the last said please.,general_confirm
could you kindly check and confirm my last command.,general_confirm
please will you check and confirm instruction.,general_confirm
i like you to check it please.,general_confirm
can you check my last question.,general_confirm
would you check now and confirm detail please.,general_confirm
could you check last thing i said.,general_confirm
please confirm last thing said.,general_confirm
can you would you check command.,general_confirm
i'd like you to check and confirm thing said please.,general_confirm
could you confirm what i just said please.,general_confirm
and confirm last thing said please.,general_confirm
check what today just said please.,general_confirm
can you confirm my last instruction.,general_confirm
i'd like you confirm it please.,general_confirm
please check last thing i said.,general_confirm
i would like you check and confirm it please.,general_confirm
i'd like you to check and confirm last thing said please.,general_confirm
please can you confirm last thing said.,general_confirm
please can you check and now confirm the details.,general_confirm
i want you check the last thing i said please.,general_confirm
please check and confirm command.,general_confirm
i'd like check what i last said please.,general_confirm
can you i'd like you check and confirm that please.,general_confirm
just can you check and confirm detail please.,general_confirm
check and confirm the detail please.,general_confirm
i would like you to check the question please.,general_confirm
i'd like you check my last question please.,general_confirm
confirm detail please.,general_confirm
can you now would you confirm detail.,general_confirm
confirm the last thing said please.,general_confirm
please will you check and confirm it.,general_confirm
quite could you would you check and confirm the detail.,general_confirm
i really would like you to check what last said please.,general_confirm
would today you please check and confirm detail.,general_confirm
can you confirm instruction.,general_confirm
could you please check and confirm the detail.,general_confirm
can you please check command.,general_confirm
did quite you get the last thing i said correctly?,general_confirm
could you confirm the question please.,general_confirm
could you please check and confirm details. very,general_confirm
i would like you to check what last quite said please.,general_confirm
i like you check what i last said,general_confirm
would you can you confirm details.,general_confirm
would you would you really check it.,general_confirm
can you check and confirm my last command please.,general_confirm
please did you get that correctly?,general_confirm
can you please check and confirm the detail.,general_confirm
just confirm last thing said please.,general_confirm
could you check,general_confirm
just please check my last question.,general_confirm
would you would you check and confirm what i last said.,general_confirm
"s2, i was not clear about that.",general_explain
will you explain just me more on what you just said please.,general_explain
can you please clarify me more on your answers.,general_explain
will you explain me about what you have said once again please.,general_explain
i did not quite catch today that.,general_explain
"s2, i was not clear about it.",general_explain
i am not clear about your answers.,general_explain
"s1, can you further clarify me on it.",general_explain
please explain me more on what you said.,general_explain
"s1, will please you please further explain me about what you said.",general_explain
would you please once again rephrase on your answers.,general_explain
could you please further really elaborate me about what you have just said.,general_explain
quite further explain.,general_explain
please will you explain me more on what you've said.,general_explain
"s1, can you further clarify me on it.",general_explain
can you will you further clarify me on that.,general_explain
please rephrase more on what you have just said very to me.,general_explain
"s1, can quite you further clarify me on it.",general_explain
i don't understand what today you have said.,general_explain
will you further elaborate me on it please.,general_explain
"s2, i am unclear about it.",general_explain
i was not so clear about your answers.,general_explain
will you explain me about what quite you have said once again please.,general_explain
what you have said was not very so clear.,general_explain
i did please not quite catch that.,general_explain
can you please further explain me about that.,general_explain
could you clarify further on what you said now to me please.,general_explain
can you explain me further on what you just now said.,general_explain
would you please further clarify me on answers.,general_explain
"s1, could you could you clarify please me about what you've just said once again.",general_explain
can you please clarify me more your answer.,general_explain
"s1, rephrase me please further on it please.",general_explain
"s1, please clarify me about your answers once",general_explain
will you rephrase please this again to me please.,general_explain
"can you s1, again elaborate me on what you have just said please.",general_explain
"s1, rephrase please this further.",general_explain
elaborate me about your answers further.,general_explain
i am unclear about your answer.,general_explain
please explain me more on what just said.,general_explain
"s1, would you please further clarify me on your today answers.",general_explain
please explain me about your words once quite again.,general_explain
can you elaborate me on your answers again.,general_explain
i am not so clear please about your answers.,general_explain
"s2, i am unclear about your words.",general_explain
i could not understand this.,general_explain
explain further please.,general_explain
will you rephrase me on what you've just said again please.,general_explain
clarify me on your answers please.,general_explain
i am not clear quite about last sentence.,general_explain
i did not quite catch that.,general_explain
please explain me about your words once again.,general_explain
explain further please.,general_explain
was not what you just said now.,general_explain
once again explain your answer.,general_explain
"s1, further rephrase me about what you just said now please. please",general_explain
i can not quite catch up with you.,general_explain
"s2, i just was unclear about your response.",general_explain
"i want to s1, please once again clarify to me.",general_explain
"s2, i don't get your words.",general_explain
would you mind i could not quite catch up with you.,general_explain
could you will you further clarify me on that.,general_explain
what do you please mean.,general_explain
very what you have said was not so clear.,general_explain
"please s2, i didn't catch that.",general_explain
please rephrase again to very me.,general_explain
can you could you further elaborate what you just said.,general_explain
i don't quite catch,general_explain
i am unclear about your today answer.,general_explain
didn't now understand your answers.,general_explain
me further on what you have said please.,general_explain
would you please once again rephrase me on your answers.,general_explain
could not understand it.,general_explain
would you please once again explain me today about your words.,general_explain
elaborate me about your answers further.,general_explain
i am really not so clear about what you just said.,general_explain
i don't understand what you have said.,general_explain
kindly once again rephrase me really about what you have said.,general_explain
"i need to s1, could you please clarify me about what you've just said once again.",general_explain
"s2, i could not catch up with you.",general_explain
can you explain again to me.,general_explain
"s1, kindly explain me really more on your answers.",general_explain
please just elaborate once again to me.,general_explain
i don't quite get this.,general_explain
what very do you mean.,general_explain
please will you clarify me more on it.,general_explain
"s1, could you could you clarify me about what you've just said once again.",general_explain
your answer is not clear.,general_explain
please can you please explain more on last sentence to me.,general_explain
will you please clarify really again.,general_explain
i am not clear about your words.,general_explain
could you rephrase me about really your response again please.,general_explain
could you elaborate me further on your answer please.,general_explain
i could not quite catch up with you.,general_explain
can you please just clarify once again.,general_explain
would you explain me more on what you said.,general_explain
"s1, again clarify your answers please.",general_explain
"s2, now i am unclear about your words.",general_explain
i need to i was not clear about your response.,general_explain
would you please elaborate more on your response to me.,general_explain
can you me further on what just said.,general_explain
your response was not clear.,general_explain
please further clarify me on that.,general_explain
"i need to s1, explain more on your response.",general_explain
would you please once again explain me about your words.,general_explain
"s1, please explain me more on your",general_explain
would you once again today clarify me about your response please.,general_explain
"s1, would you please further clarify me on your answers.",general_explain
please explain me more on what you've just said.,general_explain
i was unclear about what you have said.,general_explain
what did you mean by saying it.,general_explain
"s2, very i didn't catch up with you.",general_explain
your answer was not so clear.,general_explain
what did you mean by saying please it.,general_explain
what do you just mean.,general_explain
will you rephrase this again to very me please.,general_explain
will you please rephrase me further on that. now,general_explain
"s2, do not get your answer.",general_explain
today can you please clarify me more on your answer.,general_explain
"i need to s1, would you please further clarify me on your answers.",general_explain
please what do you mean.,general_explain
once clarify me about your answers please.,general_explain
could you please further elaborate me about you have just,general_explain
"s1, can you further clarify me on it.",general_explain
it was not clear.,general_explain
"s2, i was not now clear about it.",general_explain
i do not catch up with you.,general_explain
i could really not understand this.,general_explain
"s1, could you once again clarify to me.",general_explain
"s2, i am unclear about quite it.",general_explain
could you rephrase me about your response again please.,general_explain
explain further please.,general_explain
i was not so clear about your answers.,general_explain
i didn't that.,general_explain
"s2, do not get your today answer.",general_explain
"s2, i don't get your words.",general_explain
"s1, further rephrase me about what you just said now please.",general_explain
can you further explain very me on it please.,general_explain
can you please explain more on last sentence to me.,general_explain
elaborate me about your answers please further.,general_explain
i do catch up with you.,general_explain
clarify further on that just to me please.,general_explain
"i want to s1, please once again clarify to me.",general_explain
"s1, can you further clarify me on it.",general_explain
can you could you clarify once again.,general_explain
can you please clarify me about this further.,general_explain
i am not clear about your,general_explain
"quite s1, can you rephrase me more on the last sentence please.",general_explain
now i didn't catch that.,general_explain
can you explain me further on what you just said.,general_explain
i want to rephrase further on your response please.,general_explain
can you please further explain me really about that.,general_explain
will you please explain me about the last sentence further please.,general_explain
"s2, i didn't catch that.",general_explain
can you elaborate further on this to me please.,general_explain
"s2, today i could not catch up with you.",general_explain
"s1, explain more on your response.",general_explain
can you what did you mean by saying it.,general_explain
i am not just so clear about that.,general_explain
i want to explain further please.,general_explain
will you explain me about the last really sentence further please.,general_explain
"s1, again elaborate me on what you very have just said please.",general_explain
"s1, very rephrase this further.",general_explain
"s1, can you further clarify just me on it.",general_explain
please further rephrase it.,general_explain
"just s1, rephrase me further on it please.",general_explain
could you would you further elaborate me about what you have just said.,general_explain
please will you further clarify me on that.,general_explain
"s2, i didn't quite catch that.",general_explain
what do you mean.,general_explain
again clarify me on your answers please.,general_explain
could you now clarify me on it further.,general_explain
"s2, i could not catch up with you.",general_explain
could you could you further elaborate me about what you now have just said.,general_explain
would you once again clarify me about your response please.,general_explain
make coffee at eight am,iot_coffee
make some coffee,iot_coffee
would you mind do a coffee for me please,iot_coffee
i today need coffee,iot_coffee
can i get a cup of coffee,iot_coffee
kindly make me a cup of coffee,iot_coffee
make me coffee please,iot_coffee
prepare a cup of coffee,iot_coffee
let get cup of coffee please,iot_coffee
now make coffee for me,iot_coffee
how do i quite set my coffee machine to make coffee,iot_coffee
would you get the coffee machine to make me some coffee,iot_coffee
brew coffee,iot_coffee
you some coffee,iot_coffee
run coffee maker,iot_coffee
can you brew some coffee,iot_coffee
can you start the coffee machine for me,iot_coffee
make coffee for please me,iot_coffee
how do i very set my coffee machine to make coffee,iot_coffee
please turn on coffee maker and start brew now cycle,iot_coffee
go please and make me a coffee,iot_coffee
brew some coffee,iot_coffee
make some coffee,iot_coffee
make the coffee maker to on,iot_coffee
make me a cappuccino,iot_coffee
let me get a cup of coffee please,iot_coffee
make me happy juice,iot_coffee
get coffee maker started for a fresh cup,iot_coffee
make me some coffee from the coffee machine,iot_coffee
please start the coffee,iot_coffee
i want coffee from the machine,iot_coffee
how do i set my coffee machine to make,iot_coffee
make me a cooled coffee,iot_coffee
turn on coffee machine and make a of coffee,iot_coffee
i need to wake up make me the strongest coffee you can make,iot_coffee
can i have an espresso please,iot_coffee
please make me nice coffee,iot_coffee
a cup of coffee would you,iot_coffee
create the coffee maker to on,iot_coffee
turn please on the coffee machine to make me some coffee,iot_coffee
can i have cup of coffee,iot_coffee
how do i set my machine to make coffee,iot_coffee
do coffee,iot_coffee
please make me a cappuccino,iot_coffee
start the quite coffee maker,iot_coffee
i hot coffee,iot_coffee
"very I'll take my coffee, black",iot_coffee
prepare my now coffee,iot_coffee
i fancy some coffee now quite,iot_coffee
please today make me a coffee,iot_coffee
can you quite get the coffee machine to make me some coffee,iot_coffee
could you fix me some coffee,iot_coffee
start quite brewing could you,iot_coffee
i need a cup of coffee,iot_coffee
get coffee maker started for a fresh cup,iot_coffee
start the coffee machine at three,iot_coffee
make me happy juice,iot_coffee
cook some coffees,iot_coffee
hey can you please make me a creamy coffee,iot_coffee
prepare my coffee,iot_coffee
can you help today serve me coffee with a no sugar,iot_coffee
do a coffee for me kindly please,iot_coffee
please start me some coffee now,iot_coffee
can you make me coffee now,iot_coffee
really start coffee machine,iot_coffee
i need to wake up make me the you can make,iot_coffee
really can you please make a coffee,iot_coffee
time quite mr coffee for six am,iot_coffee
i'd like a coffee please,iot_coffee
order a latte from starbucks,iot_coffee
i need to wake up make me the strongest coffee you can make,iot_coffee
make coffee maker to start at three,iot_coffee
please turn on coffee maker and start brew cycle,iot_coffee
make coffee at eight am,iot_coffee
prepare coffee,iot_coffee
time mr coffee for six am,iot_coffee
kindly get the coffee machine to make me some coffee,iot_coffee
brew coffee really at noon,iot_coffee
please turn on coffee maker and start brew cycle,iot_coffee
i would like a cup of coffee quite,iot_coffee
really make me some coffee from the coffee machine,iot_coffee
i want some coffee,iot_coffee
i fancy some coffee quite now,iot_coffee
i very want coffee,iot_coffee
program coffee machine quite to brew coffee in two minutes,iot_coffee
please make me a cappuccino,iot_coffee
do,iot_coffee
very could you make a coffee,iot_coffee
turn on the coffee pot,iot_coffee
i would like a cup of coffee with one cream and three sugars,iot_coffee
could you fix me some coffee,iot_coffee
make me a today cup of coffee please,iot_coffee
i need a coffee,iot_coffee
i want the coffee machine to make me coffee,iot_coffee
make coffee really for me,iot_coffee
i need to wake up make me the strongest coffee you can make,iot_coffee
a cup of coffee kindly,iot_coffee
get the coffee just started could you,iot_coffee
instruct the coffee maker to make a filter coffee ready in ten minutes,iot_coffee
start up the coffee machine,iot_coffee
please order one coffee to starbucks coffee shop,iot_coffee
please make me coffee without sweetener,iot_coffee
make me a cappuccino today,iot_coffee
please make me a coffee using the coffee machine,iot_coffee
can you add my coffee machine to make today me coffee at four pm time,iot_coffee
can you make me some coffee,iot_coffee
can you make me a cup of coffee,iot_coffee
kindly make ke a coffee,iot_coffee
is the coffee ready,iot_coffee
can i kindly now have a cafe americano,iot_coffee
make us a brew,iot_coffee
brew me some coffee,iot_coffee
greg wants black quite coffee can you make one,iot_coffee
order a latte from starbucks,iot_coffee
it's coffee time,iot_coffee
can i have cup of coffee,iot_coffee
make me coffee now,iot_coffee
can i have an espresso would you,iot_coffee
please do a coffee for me would you,iot_coffee
can you i want hot coffee,iot_coffee
can you would you make me a cup of black coffee,iot_coffee
start the coffee machine,iot_coffee
cup now of coffee please,iot_coffee
can you make me some coffee,iot_coffee
i want to drink the coffee that you made,iot_coffee
could you i want the coffee machine to make me coffee,iot_coffee
make me a cappuccino,iot_coffee
prepare coffee,iot_coffee
please make coffee,iot_coffee
i need a cup of coffee,iot_coffee
turn on the coffee machine to make me some coffee,iot_coffee
i today need to wake up make me the strongest coffee you can make,iot_coffee
cup of coffee please,iot_coffee
make me a cappuccino,iot_coffee
time mr coffee for am,iot_coffee
explain how to schedule my coffee machine,iot_coffee
"I'll take my coffee, black",iot_coffee
program coffee machine to brew coffee in two minutes quite,iot_coffee
instruct coffee maker to make a filter coffee ready in ten minutes,iot_coffee
turn on the coffee machine to make me some really coffee,iot_coffee
program coffee machine to brew coffee in two now minutes,iot_coffee
can please you make some coffee,iot_coffee
i would like to have a cup of coffee,iot_coffee
turn coffee maker on,iot_coffee
please make coffee according to today my earlier preference,iot_coffee
i want hot coffee,iot_coffee
start the coffee maker,iot_coffee
can you make some coffee,iot_coffee
can you make today me some coffee,iot_coffee
coffee make now,iot_coffee
set coffee maker to start today at three,iot_coffee
i want to i need a coffee,iot_coffee
make me a coffee,iot_coffee
please make now me a coffee using the coffee machine,iot_coffee
would you help serve me coffee with a no sugar,iot_coffee
i very need some coffee,iot_coffee
start a cup of coffee for me,iot_coffee
i want to drink the coffee that you made,iot_coffee
coffee now,iot_coffee
today make a pot of strong coffee,iot_coffee
prepare coffee,iot_coffee
cook some coffees,iot_coffee
start making some coffee,iot_coffee
can you bring me a nice coffee,iot_coffee
i need a drink,iot_coffee
i very need a cup of coffee,iot_coffee
please make me coffee,iot_coffee
i need some coffee really,iot_coffee
i want to i fancy some coffee now,iot_coffee
you please get coffee machine make some coffee,iot_coffee
would you make me nice coffee,iot_coffee
is very the coffee ready,iot_coffee
can i have an espresso please,iot_coffee
brew just me some coffee,iot_coffee
what is the please current traffic situation,transport_traffic
what really is the traffic like now,transport_traffic
what is traffic like right now,transport_traffic
how congested is the traffic on my way to now work,transport_traffic
what is the traffic quite situation right in broadway street,transport_traffic
can i pass the bypass quite road at current traffic,transport_traffic
i need to what about the new york city traffic,transport_traffic
what does the today traffic look like headed to la,transport_traffic
traffic very congestion issues,transport_traffic
is traffic heavy,transport_traffic
i like to know the traffic condition,transport_traffic
in delhi traffic level too high very,transport_traffic
few traffic roads,transport_traffic
are there any today delays in traffic today,transport_traffic
please give me the road forecast for i95 sb,transport_traffic
how was the traffic now,transport_traffic
what's the traffic situation from kamycka to dejvicka,transport_traffic
i want to is there more traffic in canal street,transport_traffic
please let me know about please current traffic in carmen drive,transport_traffic
can i make back home without a traffic jam,transport_traffic
how long will quite it take me to drive to work today,transport_traffic
please update me please the traffic status,transport_traffic
how is the traffic around city center,transport_traffic
traffic,transport_traffic
i need to what is traffic,transport_traffic
how is traffic from work to home,transport_traffic
please are there any traffic delays,transport_traffic
can you tell me please about the traffic,transport_traffic
are there any construction areas on harvard,transport_traffic
may i know the traffic situation,transport_traffic
are there any accidents on harvard,transport_traffic
what is the like right now,transport_traffic
is to clear,transport_traffic
how was the traffic now,transport_traffic
road traffic,transport_traffic
how traffic today,transport_traffic
i need to will traffic be good when i leave in five minutes,transport_traffic
traffic to work clear,transport_traffic
are there any accidents this day,transport_traffic
what does the traffic look really like headed to la,transport_traffic
is there is a high traffic,transport_traffic
how is the traffic today,transport_traffic
fast road to get home,transport_traffic
kindly give me the traffic report for this afternoon,transport_traffic
how long will it take me to drive to work today,transport_traffic
what are the traffic conditions currently,transport_traffic
what is the traffic like now,transport_traffic
how is the traffic from home to work,transport_traffic
are there any backups on route today eighty today,transport_traffic
please how was the traffic now,transport_traffic
are there any detours that i need to know about,transport_traffic
current traffic conditions,transport_traffic
place traffic,transport_traffic
can you tell now me about the traffic,transport_traffic
how is the traffic on just third street,transport_traffic
system pull any traffic news for my commute,transport_traffic
what is the latest traffic report for miami,transport_traffic
just is traffic heavy,transport_traffic
is traffic light,transport_traffic
tell me the traffic condition from here to home,transport_traffic
current traffic,transport_traffic
how is the traffic this day,transport_traffic
are there any traffic delays,transport_traffic
how is the traffic in broadway street,transport_traffic
please how is traffic over the donner summit now,transport_traffic
is there any traffic downtown right now,transport_traffic
whats the traffic density in,transport_traffic
is there traffic right now in maiden lane,transport_traffic
give details about the current very traffic,transport_traffic
what's traffic on the one hundred and one,transport_traffic
there any traffic issues,transport_traffic
please update the traffic status,transport_traffic
show traffic in quite ohio,transport_traffic
how is the traffic in mg road,transport_traffic
what is the traffic just like right now,transport_traffic
how is the traffic on the i fifteen in las vegas today,transport_traffic
is the road a free way or a toll road,transport_traffic
is there any construction on route sixty six,transport_traffic
traffic congestion issues,transport_traffic
is the road a free way or a toll road,transport_traffic
any traffic issues this day,transport_traffic
is there on the route to pittsburgh airport,transport_traffic
would you mind what's traffic likexchange on four hundred and forty one,transport_traffic
how heavy is traffic interstate twenty,transport_traffic
traffic congestion issues,transport_traffic
traffic report,transport_traffic
what is the average speed very on main highway,transport_traffic
now how is the traffic situation in houston street,transport_traffic
how long will it take me to drive to today,transport_traffic
quite should i go through the valley or on the ten to get to westwood,transport_traffic
current conditions,transport_traffic
how just long will it take to get home,transport_traffic
give me the idea of traffic condition,transport_traffic
traffic report,transport_traffic
i need to is traffic light,transport_traffic
give me the update on traffic at new york,transport_traffic
give me current information about traffic at central park road,transport_traffic
can i pass the bypass road at current traffic,transport_traffic
how heavy is traffic on interstate twenty,transport_traffic
how long will it take me to drive to work this day,transport_traffic
kindly give me the road forecast very for i95 sb,transport_traffic
can you how long will it take me to get to the west side,transport_traffic
what is the status quo for traffic right,transport_traffic
are there any construction areas on harvard,transport_traffic
traffic could you,transport_traffic
is there heavy traffic on the I fifteen in las vegas right now,transport_traffic
is traffic to work clear,transport_traffic
please give me the road today forecast for i95 sb,transport_traffic
about the new york city traffic,transport_traffic
i need to will traffic be good when i leave in five minutes,transport_traffic
how is quite the traffic at the moment,transport_traffic
are there any delays in please traffic right now,transport_traffic
how is traffic,transport_traffic
today how is traffic,transport_traffic
quite traffic,transport_traffic
can you is there a traffic jam on my route,transport_traffic
latest news traffic at my current location,transport_traffic
just let me know about current traffic very in carmen drive,transport_traffic
what does the traffic look like on my usual now route to work,transport_traffic
how congested is the traffic very on my way to work,transport_traffic
what's the traffic situation from really kamycka to dejvicka,transport_traffic
how long really should the drive to work take,transport_traffic
what's the traffic on the one hundred and one,transport_traffic
how's are the roads looking right now,transport_traffic
please traffic please,transport_traffic
very may i know the traffic situation,transport_traffic
i want to what does the traffic look like headed to la,transport_traffic
can you tell me the current traffic condition of my location,transport_traffic
how heavy is traffic on interstate twenty,transport_traffic
what is my eta to the office if i leave in thirty minutes,transport_traffic
do you really have a traffic update,transport_traffic
are there any delays in traffic right now,transport_traffic
will traffic be good when i leave in five,transport_traffic
are there any accidents on my way to work,transport_traffic
traffic report,transport_traffic
there any detours that need to know about,transport_traffic
any traffic issues this day,transport_traffic
can you current traffic conditions,transport_traffic
what's the traffic now situation from kamycka to dejvicka,transport_traffic
will traffic be good when i leave in five minutes,transport_traffic
is there traffic right now in maiden lane,transport_traffic
is now traffic heavy on route eighty today,transport_traffic
please give me the traffic very report for this afternoon,transport_traffic
what just are the traffic conditions currently,transport_traffic
current traffic,transport_traffic
tell me about really city traffic,transport_traffic
what is the traffic condition really of florida,transport_traffic
can you what's traffic likexchange on four hundred and forty one,transport_traffic
what amount of traffic just in this road,transport_traffic
how is the current traffic between,transport_traffic
show traffic very,transport_traffic
is today traffic heavy on route eighty today,transport_traffic
is the road a free or toll road,transport_traffic
what is the traffic this just morning,transport_traffic
are there any roadblocks,transport_traffic
system just pull any traffic news for my commute,transport_traffic
traffic report,transport_traffic
how heavy please is traffic now in denver,transport_traffic
in delhi traffic level too high,transport_traffic
what is the traffic please now,transport_traffic
how congested is the traffic on my just way to work,transport_traffic
are there any detours that i need to know about,transport_traffic
a traffic jam on my route,transport_traffic
in jaipur traffic level is high,transport_traffic
how is the traffic in mg road,transport_traffic
how is the traffic in mg road,transport_traffic
in delhi traffic level too high now,transport_traffic
what is the current traffic situation,transport_traffic
is there bad traffic on the highway right now,transport_traffic
can i make quite back home without a traffic jam,transport_traffic
how is my commute,transport_traffic
would you update me the traffic status,transport_traffic
i would have avoided the traffic today if i went early,transport_traffic
give me me latest notifications,social_query
show me a list of places where my relatives have been based on their photos,social_query
what now is trending on twitter,social_query
received any mentions on twitter,social_query
social info,social_query
are there any news regarding our president on facebook today,social_query
please check my last post on instagram,social_query
tell me what's happening on social today media,social_query
please update me on my social now media accounts,social_query
tell me me my latest social media please activity,social_query
who has responded to my business within the last twenty four hours,social_query
can today you read my facebook feed,social_query
who has responded to my business within the last twenty four hours,social_query
just what did happen today,social_query
did tracy update her status today,social_query
is there anything important happening on social media,social_query
what is the latest from my feed,social_query
new updates,social_query
has wendy please posted on facebook,social_query
what are very today's highlights from facebook,social_query
who has responded to my business within the last twenty four hours,social_query
have i got new content in my twitter feed,social_query
tell me what's on twitter,social_query
what's hot social media please topics,social_query
hi what kind of pictures you uploaded in pinterest,social_query
social media,social_query
i need to is anything trending on social media today,social_query
facebook,social_query
what's new on social media,social_query
is trump tweeting right now,social_query
do i have any new messages in twitter instagram or facebook,social_query
is there anything exciting on twitter today,social_query
new updates,social_query
check my twitter notification please,social_query
what's hot social media topics,social_query
what is trending on twitter,social_query
i have any new,social_query
tell me what's new,social_query
what's new in facebook,social_query
have i received any mentions very on twitter,social_query
social media updates,social_query
i got new in my twitter feed,social_query
check my facebook notification,social_query
what are the today latest tweets from the new york times,social_query
did tracy update her facebook status this day,social_query
please read my facebook feed,social_query
are there any new snapchats,social_query
please give me the latest feed updates,social_query
is there any post from my friend mike in facebook,social_query
what are today's highlights from facebook very,social_query
any new facebook posts from amy,social_query
do i have quite new likes,social_query
tell me whats on the,social_query
quite is trump tweeting right now,social_query
live show,social_query
what friends were in popular places the last day,social_query
any new facebook posts from amy,social_query
what does my facebook feed look like,social_query
has john replied to my facebook post very,social_query
what's happening in my social media,social_query
i want to has anyone follow me today on twitter today,social_query
please has john replied to my facebook post,social_query
how many likes did i get this day,social_query
hows now twitter,social_query
social media updates,social_query
would you mind show me latest notifications,social_query
what posts have i missed from my friends,social_query
do i have any new friend requests,social_query
what is going on right now,social_query
give me my facebook update every three hours,social_query
are there any new snaps on snapchat,social_query
what's going on on fb,social_query
do i have any new tweets,social_query
facebook info,social_query
what's new on my facebook account,social_query
what's new in facebook,social_query
let me know what maria has put on her facebook over the weekend,social_query
what's going on facebook,social_query
please scan my social media and tell me what's happening,social_query
get me latest updates from facebook,social_query
has anyone follow me this day really on twitter today,social_query
what time is bina going live with her sale on facebook,social_query
what friends were in popular places the last day,social_query
can you any new interests from linda,social_query
may i know what is trending in facebook,social_query
has wendy posted on facebook,social_query
any new interests from just linda,social_query
check my last post on instagram,social_query
now what was the latest post,social_query
is anyone likes my latest photo,social_query
what's hot social media topics just,social_query
what was the last thing my mom said,social_query
what are the big news stories on twitter,social_query
what today trending on twitter,social_query
what really posts have i missed from my friends,social_query
media updates,social_query
have i received any mentions on twitter very,social_query
please let me today know what's happening to my social media,social_query
please tell very me latest video going viral on twitter for topic narendra modi,social_query
please find me new comments from my facebook,social_query
what's happening on social just media right now,social_query
let me know quite if linda posts anything on my facebook right now,social_query
what are today's highlights from facebook,social_query
let me know if linda posts anything on my quite facebook today,social_query
i need to how many likes does my last instagram photo have,social_query
what very trending on twitter,social_query
can you let me know what's happening to my social media,social_query
is now trump tweeting today,social_query
how many likes did i get,social_query
can you give me the latest feed updates,social_query
have i received any mentions on twitter,social_query
please latest news feed from facebook,social_query
let me know i get a new personal message from martha on facebook today,social_query
please inform me status updates,social_query
can i see my just facebook feed,social_query
any new interests from linda,social_query
are there any updates on facebook,social_query
tell me my friends most recent update,social_query
have i received any mentions on twitter,social_query
check last post on,social_query
show me my media,social_query
check my twitter really notification,social_query
display me my husbands facebook posts today,social_query
i need to what are today's highlights from facebook,social_query
give me some now funny facebook posts,social_query
can you update me on my social media accounts,social_query
has commented on my status,social_query
is there anything important happening on social media,social_query
check instagram very,social_query
has anyone tagged me in a facebook,social_query
facebook quite,social_query
let me know if i get a new personal message from martha on facebook right now,social_query
instagram please,social_query
info,social_query
could you update me on my social media accounts,social_query
what new posts are on my page,social_query
my facebook update in every three hour should really be available,social_query
who has written to me or mentioned me in social media,social_query
is there anything important happening on social quite media,social_query
show me my social media notifications really,social_query
what posts have i missed from my friends,social_query
was there any articles on shark attacks on snapchat yesterday,social_query
latest instagram posts really,social_query
give me my facebook update every three hours,social_query
check my last post on instagram,social_query
what are the really big news stories on twitter,social_query
what does my facebook feed look like,social_query
is anyone likes my latest photo,social_query
what's hot social media topics very,social_query
tell me my friends most recent update really,social_query
has sarah posted anything right now,social_query
very instagram,social_query
tell today me my friends most recent update,social_query
please read facebook feed,social_query
social media,social_query
are there any updates on facebook,social_query
what the latest photos on instagram account,social_query
do i have any private messages on any now social media,social_query
tell me what's new,social_query
has sarah posted anything this day,social_query
has derek logged into facebook this day,social_query
new just updates,social_query
can you what's going on on fb,social_query
i haven't checked my facebook yet are there any updates from my close friends,social_query
facebook info,social_query
who has please responded to my business within the last twenty four hours,social_query
can you tell me me the popular posts from facebook today,social_query
book for me an uber taxi to bardonia,transport_taxi
i need a ride home,transport_taxi
call a car for me,transport_taxi
book me a ride,transport_taxi
where is the closest uber,transport_taxi
book a taxi at my home address for right now,transport_taxi
can you book an uber for me,transport_taxi
get me a uber,transport_taxi
i am going to chinatown in half an hour book an uber for me,transport_taxi
book me today a cab,transport_taxi
could you send a taxi to my house,transport_taxi
very i need a ride to the airport,transport_taxi
i need to book a taxi,transport_taxi
call a uber in thirty minutes,transport_taxi
book taxi for pickup at my location in one hour's time,transport_taxi
can you book an uber tomorrow,transport_taxi
i need to to location call a,transport_taxi
could you book a cab to office for me,transport_taxi
book a taxi for quite me,transport_taxi
book for airport today evening,transport_taxi
i need a cab in thirty minutes,transport_taxi
i am going to chinatown really in half an hour book an uber for me,transport_taxi
book an uber to pick very me up now,transport_taxi
schedule me a for after my thursday meeting,transport_taxi
i need a ride now home,transport_taxi
can you book me a ride,transport_taxi
send a taxi to come pick me up really from my location,transport_taxi
lets get a taxi,transport_taxi
book very a taxi for me,transport_taxi
check very all cab companies and get a time booked for three pm,transport_taxi
uber would you,transport_taxi
book uber taxi for my travel,transport_taxi
call a taxi company,transport_taxi
quite can you get me a taxi home,transport_taxi
i quite need a ride in an hour,transport_taxi
get me uber,transport_taxi
help me transportation the mall of america,transport_taxi
google uber,transport_taxi
get me a car,transport_taxi
get me a uber,transport_taxi
can you book uber for me,transport_taxi
book my nearest available taxi,transport_taxi
send an uber to me right now,transport_taxi
can you an uber for me,transport_taxi
call uber for right now,transport_taxi
now hail taxi,transport_taxi
can you find me a ride to the mall of america please,transport_taxi
can you book an uber after i left for office,transport_taxi
i need a ride home,transport_taxi
book an uber from my location to the theatre today,transport_taxi
a taxi company,transport_taxi
book my nearest available taxi,transport_taxi
catcha a ride,transport_taxi
book taxi for now,transport_taxi
call an uber now,transport_taxi
call an uber now,transport_taxi
book a taxi to quite airport for me in the evening,transport_taxi
book me golden taxi for today at five pm quite,transport_taxi
send an uber to me right now just,transport_taxi
can you book uber for tonight at seven pm,transport_taxi
i need to book a taxi,transport_taxi
reserve a taxi,transport_taxi
arrange a taxi,transport_taxi
get me a taxi to take me to the airport on friday at five thirty am,transport_taxi
book quite taxi for now,transport_taxi
look for a taxi to go home,transport_taxi
i need a taxi for tomorrow at really seven pm to the arena,transport_taxi
could you request a taxi from udrive service,transport_taxi
get me an uber would you,transport_taxi
get me a car really,transport_taxi
book a cab to office for me,transport_taxi
find a taxi to book,transport_taxi
please a taxi me,transport_taxi
really google uber,transport_taxi
would you mind book uber taxi for my travel,transport_taxi
i need a cab in thirty minutes,transport_taxi
kindly book very the next taxi,transport_taxi
book a taxi to the airport for tomorrow morning,transport_taxi
can you book me a taxi,transport_taxi
please open uber,transport_taxi
now get me a uber,transport_taxi
get city cab here to airport,transport_taxi
please call a taxi to arrive at four hundred and take me to the manor theater,transport_taxi
reserve a taxi,transport_taxi
i really need a ride home,transport_taxi
book uber taxi for my travel,transport_taxi
i need a taxi for next day at seven pm to the arena,transport_taxi
check in booking,transport_taxi
please google uber,transport_taxi
send an uber to really me right now,transport_taxi
today book uber taxi for my travel,transport_taxi
i want to make a taxi booking in uber,transport_taxi
call me a cab,transport_taxi
schedule very me a taxi for after my thursday meeting,transport_taxi
find me a ride to the mall of america please,transport_taxi
call a taxi for me to arrive tonight at five,transport_taxi
uber kindly,transport_taxi
i need a ride home,transport_taxi
book me golden please taxi for today at five pm,transport_taxi
get me an uber,transport_taxi
get me the number for local taxi service,transport_taxi
book a the airport,transport_taxi
kindly now book a taxi for me to go to the railway station,transport_taxi
book uber from my very home,transport_taxi
call a taxi company,transport_taxi
i need to book a taxi,transport_taxi
book a cab which have cheapest price,transport_taxi
create just up a taxi for eleven am tomorrow,transport_taxi
get today me a car,transport_taxi
would you mind find me a taxi,transport_taxi
call rta and book a taxi for three o'clock in the morning,transport_taxi
me a taxi for after my thursday meeting,transport_taxi
book a local cab,transport_taxi
i need to get to location call a cab,transport_taxi
find quite a taxi to book,transport_taxi
where is the closest uber,transport_taxi
call a taxi for me to where i am currently located,transport_taxi
can you send a taxi to my house,transport_taxi
book me a cab,transport_taxi
could you would you hire me a taxi to go to the opera tonight,transport_taxi
quite call a car for me,transport_taxi
request an uber now,transport_taxi
find transportation to rome please,transport_taxi
call me a cab to the train station,transport_taxi
get now me a uber,transport_taxi
lets get a taxi,transport_taxi
call me a cab to the just train station,transport_taxi
book me an uber please,transport_taxi
arrange a taxi,transport_taxi
can you book an uber for me,transport_taxi
reserve the very closest uber,transport_taxi
schedule city cab from home to today airport at eight am,transport_taxi
today book my nearest available taxi,transport_taxi
i need a uber to my current location,transport_taxi
get city cab here to airport,transport_taxi
need a taxi tomorrow at eight in the morning,transport_taxi
schedule city cab from home to airport at eight am,transport_taxi
reserve the today closest uber,transport_taxi
i need a taxi to pick me up at the house and take me downtown,transport_taxi
i need to need a taxi tomorrow at eight in the morning,transport_taxi
get me a taxi very,transport_taxi
i need to book an outstation cab for tomorrow,transport_taxi
can i get an uber home from the fox downtown as soon as possible,transport_taxi
set up a taxi for eleven am tomorrow,transport_taxi
taxi pickup for at noon,transport_taxi
book a taxi my address for right now,transport_taxi
call a taxi for me,transport_taxi
open uber app and get me a car please,transport_taxi
call rta and book a taxi for three o'clock in the morning,transport_taxi
can quite you call an uber for me,transport_taxi
book an uber to the nearest mall in the next half hour,transport_taxi
schedule taxi pickup for monday at noon,transport_taxi
book me an ride to home,transport_taxi
where is the closest uber,transport_taxi
can you call an uber for me,transport_taxi
book a local cab,transport_taxi
book uber taxi for my travel,transport_taxi
call me a cab,transport_taxi
call a taxi for me really to where i am currently located,transport_taxi
find me please a ride to the mall of america please,transport_taxi
book a taxi to the airport,transport_taxi
make a note could you i like modern alternative rock music,music_likeness
I love the eternal voice of the singer she is my favourite,music_likeness
i need to add this song to my favorite list,music_likeness
I love the eternal voice of the singer she is my favourite,music_likeness
add this song to my music,music_likeness
i like senatra today songs,music_likeness
what a wonderful song can you save what i just said for me,music_likeness
today i love hip hop,music_likeness
give five stars to this song,music_likeness
i like soft rock music,music_likeness
this is a nice song,music_likeness
save the information which is provided by aman on quite this song,music_likeness
you like the song,music_likeness
i want to download and save song of dangal movie,music_likeness
this is the best ever,music_likeness
i want to slow rock it's ok,music_likeness
store opinion on song,music_likeness
i love kfi so much he's by far my favorite,music_likeness
send this please song to my favorites,music_likeness
nice today music,music_likeness
save my music preferences,music_likeness
hey i like music by sigur ros,music_likeness
please save the opinion that i just posted to this song,music_likeness
i need to i like music,music_likeness
i want to listen daily to this song,music_likeness
i like this,music_likeness
i want to what a wonderful song can you save what i just said for me,music_likeness
i really like a song sing by arijit singh,music_likeness
i want to i'm into music,music_likeness
kfi is my favorite rapper,music_likeness
great song for the commute,music_likeness
save my very opinion on the currently playing song,music_likeness
could you add this song to my playlist,music_likeness
save my just music preferences,music_likeness
rate five,music_likeness
very i find rap music really enjoyable,music_likeness
save the information which is provided by aman on really this song,music_likeness
i'm into just music,music_likeness
the song touches my heart,music_likeness
can you keep that song for when i need cheering up,music_likeness
save my opinion on the currently playing song,music_likeness
please add note to this file good tune,music_likeness
make a note please i like modern alternative rock music,music_likeness
this a good please notate file accordingly,music_likeness
add this song to now my favorite list,music_likeness
add this today song to my catalogue,music_likeness
note current song as awesome can you,music_likeness
save all of my preferences information specific to songs,music_likeness
save my opinion on adele's song,music_likeness
give five stars to this song,music_likeness
save this song to my favorites,music_likeness
you like the song,music_likeness
that's a good song,music_likeness
Olly save all the songs i have listened to more than once,music_likeness
rate this song five stars and save the please rating,music_likeness
could you the music of this song is very melodious and relaxing,music_likeness
rate five please,music_likeness
could you keep everything i have on this song,music_likeness
you like the song,music_likeness
i want to i like rock music,music_likeness
the song makes me really remember certain memories,music_likeness
find lyrics of this save it it very nice song,music_likeness
save this song as a favorite,music_likeness
remember that this is my favorite music,music_likeness
i like music,music_likeness
save my song preferences playlist,music_likeness
i am forever hip hop please,music_likeness
make a note can you i like modern alternative rock music,music_likeness
my favorite is rock from the early two thousands,music_likeness
please save this song to my favorites,music_likeness
can you save this now what a nice song for me,music_likeness
this is a good song put it on repeat,music_likeness
find please lyrics of this song and save it it is very nice song,music_likeness
could you save the remarks i have on this current song,music_likeness
i like senatra songs,music_likeness
you save what a nice song for,music_likeness
i want to i like rock music,music_likeness
tag this song with five stars,music_likeness
this is one of the now best songs for me,music_likeness
could you i really enjoy rock and roll,music_likeness
save this post about the please song that i just listened to,music_likeness
save my opinion on now the currently playing song,music_likeness
record the opinion of each individual about this song,music_likeness
save my spotify preferences,music_likeness
i need to give five stars to this song,music_likeness
i vocals,music_likeness
thumbs up this song,music_likeness
i like the songs of yeshudas please play please it,music_likeness
i want to listen daily to this song quite,music_likeness
this is my favorite song,music_likeness
can save this music in my playlist,music_likeness
isn't it a lovely song can you save this for me,music_likeness
would you mind i love this music can you please save this to my dance playlist and remember that i like it,music_likeness
i really enjoy rock and roll,music_likeness
could you record what i have said about this song,music_likeness
i like this song please that is playing,music_likeness
i like rock music,music_likeness
please save my spotify preferences,music_likeness
i like rock music,music_likeness
store opinion on song really,music_likeness
please add this song to my playlist favorites today,music_likeness
this is a good tune can you notate file accordingly,music_likeness
please really save this song to my favorites,music_likeness
i like rock music,music_likeness
i love kfi so much he's by far my favorite,music_likeness
make this my favorite,music_likeness
i like this song,music_likeness
i love this song,music_likeness
can you save this song to my favorites,music_likeness
i like songs from,music_likeness
save this song as a favorite,music_likeness
this to favorites,music_likeness
save that song and my opinion,music_likeness
please keep everything i on,music_likeness
save all of my preferences information specific to songs,music_likeness
i like this very song,music_likeness
today add this song to my catalogue,music_likeness
save my spotify preferences just,music_likeness
could you i like vocals,music_likeness
add the song just to my favorites,music_likeness
i'm really enjoying this song,music_likeness
save chhana mereya song in my playlist,music_likeness
put that in my favourite list,music_likeness
i like the songs of yeshudas please play it,music_likeness
i need to isn't keith urban wonderful,music_likeness
this song was today very good,music_likeness
record the opinion of each individual about this song,music_likeness
isn't it a lovely song kindly save this for me,music_likeness
this is a nice song,music_likeness
i want to compile favorites list according to my song feedback,music_likeness
remember that this is my favorite music,music_likeness
i like now music,music_likeness
i want the music just to be saved can you do it for me,music_likeness
i like a song sing by arijit singh,music_likeness
i like the songs of yeshudas could you play it,music_likeness
save quite this music to my favorites,music_likeness
this song was very good,music_likeness
my favorite singer is shakira just,music_likeness
slow it's ok,music_likeness
remind me that quite i like that song,music_likeness
i please love hip hop,music_likeness
i rap music really enjoyable,music_likeness
its peaceful,music_likeness
my favorite music is rock from the early two thousands,music_likeness
add this song to my favorite list today,music_likeness
remember this music,music_likeness
my favorite singer is shakira,music_likeness
save all songs from katy perry,music_likeness
nice music,music_likeness
my favorite singer is shakira,music_likeness
can you i like vocals,music_likeness
remember music,music_likeness
i want to save my opinion on adele's song,music_likeness
you have to check out kfi he's the best,music_likeness
save this channel on pandora can you,music_likeness
nice music,music_likeness
nice music,music_likeness
put that song in list,music_likeness
i like songs from today,music_likeness
i need to save this music to my favorites,music_likeness
get the quite roomba to clean up,iot_cleaning
turn very on vacuum cleaning,iot_cleaning
vacuum the dining room,iot_cleaning
can you start the vacuum,iot_cleaning
clear the really dust and then on the cleaner,iot_cleaning
does the robot vacuum cleaner have to be plugged in,iot_cleaning
quite start vacuum,iot_cleaning
please activate my vacuum cleaner,iot_cleaning
turn on vacuum cleaner just,iot_cleaning
turn on the vacuum cleaner,iot_cleaning
have my iroomba clean the house,iot_cleaning
clean the floor,iot_cleaning
by ten to eleven am daily start my vacuum cleaner,iot_cleaning
does the robot vacuum have to be plugged in,iot_cleaning
turn on robot vacuum very cleaner,iot_cleaning
please clean the floor,iot_cleaning
please start today the vacuum cleaner,iot_cleaning
vacuum the kitchen,iot_cleaning
activate the vacuum just cleaner,iot_cleaning
please turn on the robot vacuum cleaner,iot_cleaning
quite vacuum start,iot_cleaning
start the vacuum for me,iot_cleaning
would you mind activate vacuum,iot_cleaning
turn on the very roomba for me,iot_cleaning
get the roomba please to clean up,iot_cleaning
vacuum the please house,iot_cleaning
does the robot vacuum cleaner please have to be plugged in,iot_cleaning
start the robot cleaner at one pm today,iot_cleaning
activate vacuum,iot_cleaning
clean the carpets,iot_cleaning
activate cleaner for furniture cleaning,iot_cleaning
activate the robot and now vacuum the floor,iot_cleaning
please start house cleaning,iot_cleaning
if my vacuum cleaner is not activated kindly activate it,iot_cleaning
activate the robot vacuum,iot_cleaning
i want to turn on the robot vacuum cleaner,iot_cleaning
vacuum the house,iot_cleaning
turn the just vacuum on,iot_cleaning
have iroomba clean the house,iot_cleaning
i need to turn on vacuum cleaner,iot_cleaning
the robot vacuum cleaner,iot_cleaning
vacuum start,iot_cleaning
can you turn the robot vacuum cleaner on,iot_cleaning
please turn on vacuum cleaning,iot_cleaning
start vacuuming,iot_cleaning
now activate the robot vacuum,iot_cleaning
vacuum the mud room,iot_cleaning
get the roomba to now clean the kitchen,iot_cleaning
start the vacuum for me,iot_cleaning
power up the vacuum,iot_cleaning
get the roomba to clean up,iot_cleaning
i need to company coming over turn on the vacuum cleaner right now,iot_cleaning
begin vacuuming,iot_cleaning
i need to start the vacuum for me,iot_cleaning
get the roomba to clean up,iot_cleaning
start the,iot_cleaning
can you power up the vacuum,iot_cleaning
olly i need the room vacuumed can you turn on the vacuum cleaner,iot_cleaning
have the roomba run the living room,iot_cleaning
get the to clean the kitchen,iot_cleaning
robot vacuum the living room now,iot_cleaning
start house cleanup,iot_cleaning
at one pm right now start the robot vacuum cleaner,iot_cleaning
do i start the vacuum cleaner,iot_cleaning
turn cleaner on,iot_cleaning
on the roomba for me,iot_cleaning
get the roomba to clean up today,iot_cleaning
cleaning is good dust is so bad do now your magic clean my carpet,iot_cleaning
would you clean the floor,iot_cleaning
you turn on the vacuum,iot_cleaning
vacuum the carpet freshener from the carpet,iot_cleaning
can you put the vacuum on,iot_cleaning
initiate cleaning please process,iot_cleaning
start robot cleaner,iot_cleaning
activate robot cleaner in an hour,iot_cleaning
start robot vacuum cleaner,iot_cleaning
switch on the roomba,iot_cleaning
will you have now the vacuum start cleaning,iot_cleaning
turn on robot vacuum cleaner,iot_cleaning
i want to turn on the robot vacuum cleaner,iot_cleaning
kindly run the vacuum,iot_cleaning
on the button of cleaner,iot_cleaning
turn cleaner very robot on,iot_cleaning
can you vacuum the dining room,iot_cleaning
activate robot cleaner in an hour,iot_cleaning
let's suck out the today dust,iot_cleaning
get the cleaning quite on,iot_cleaning
please start vacuum cleaner,iot_cleaning
start cleaning robot cleaner,iot_cleaning
clear the dust and then on the cleaner,iot_cleaning
start the vacuum at nine am,iot_cleaning
start the robot vacuum cleaner now really,iot_cleaning
run the vacuum cleaner,iot_cleaning
please activate the vacuum cleaner,iot_cleaning
vacuum the living room in really ten minutes,iot_cleaning
start just the vacuum,iot_cleaning
start the robot vacuum at one pm today,iot_cleaning
can you turn on the vacuum,iot_cleaning
open vacuum cleaner,iot_cleaning
could you run the vacuum,iot_cleaning
would you mind clean the carpets,iot_cleaning
how do you turn on the robot vacuum cleaner,iot_cleaning
vacuum on,iot_cleaning
very switch on the vacuum cleaner,iot_cleaning
have my really iroomba clean the house,iot_cleaning
start cleaning robot cleaner,iot_cleaning
now go near vacuum cleaner,iot_cleaning
company coming over turn on the vacuum cleaner right now,iot_cleaning
will you have the vacuum start cleaning,iot_cleaning
clean the floor kindly,iot_cleaning
activate the roomba,iot_cleaning
go near vacuum cleaner,iot_cleaning
vacuum cleaner start,iot_cleaning
would you start the vacuum,iot_cleaning
quite please start vacuum,iot_cleaning
please start the vacuum,iot_cleaning
get the cleaning on,iot_cleaning
just switch on the roomba,iot_cleaning
initiate to operate robot vacuum cleaner,iot_cleaning
there is a pile of torn paper just on the rug to suck up,iot_cleaning
how do you turn on the robot vacuum cleaner,iot_cleaning
activate the vacuum cleaner,iot_cleaning
initiate cleaning process,iot_cleaning
by ten to eleven am daily start my vacuum cleaner,iot_cleaning
clear the dust please and then on the cleaner,iot_cleaning
vacuum the please kitchen,iot_cleaning
robot vacuum the living room please now,iot_cleaning
turn the robot vacuum cleaner on,iot_cleaning
get the roomba to clean the kitchen,iot_cleaning
can you put the vacuum on,iot_cleaning
kindly turn on my robot vacuum cleaner,iot_cleaning
get quite the roomba to clean the kitchen,iot_cleaning
i want to start robot vacuum,iot_cleaning
turn on robot vacuum cleaner,iot_cleaning
company coming over turn on the vacuum cleaner right now,iot_cleaning
olly i need the vacuumed can you turn on vacuum cleaner,iot_cleaning
vacuum on,iot_cleaning
start vacuum cleaner really,iot_cleaning
robot vacuum cleaner on,iot_cleaning
hey go from off to on my vacuum in five minutes,iot_cleaning
start vacuuming now please,iot_cleaning
turn please on my robot vacuum cleaner now,iot_cleaning
can you could you put the vacuum on,iot_cleaning
could you activate the vacuum cleaner and use it,iot_cleaning
vacuum the floor,iot_cleaning
i need to vacuum the mud room,iot_cleaning
enable cleaner robot,iot_cleaning
please can you clean the floor,iot_cleaning
quite initialize the robot vacuum,iot_cleaning
by ten to eleven am daily start my vacuum cleaner,iot_cleaning
turn on vacuum cleaner,iot_cleaning
silent mode on for the next three hours,audio_volume_mute
silent really,audio_volume_mute
set just to mute,audio_volume_mute
google please be extra the baby is,audio_volume_mute
speakers off today,audio_volume_mute
it's quiet time,audio_volume_mute
activate silent,audio_volume_mute
volume control,audio_volume_mute
i want to mute the speaker,audio_volume_mute
i you to mute,audio_volume_mute
silence yourself until i say otherwise,audio_volume_mute
speakers today off,audio_volume_mute
i need to mute for the next hour please,audio_volume_mute
can you be quiet for the next two hours,audio_volume_mute
down the speaker volume at the of level,audio_volume_mute
silent mode,audio_volume_mute
quiet the living room speakers,audio_volume_mute
from now mute,audio_volume_mute
goodnight very,audio_volume_mute
turn off sound for the next hour please,audio_volume_mute
i want to mute the speaker,audio_volume_mute
sound off,audio_volume_mute
quiet mode on until i am home today from work,audio_volume_mute
don't speak for a while,audio_volume_mute
do not talk just,audio_volume_mute
silence sound,audio_volume_mute
mute today for the next hour please,audio_volume_mute
disable music player,audio_volume_mute
do not speak today,audio_volume_mute
could you mute audio,audio_volume_mute
turn sound off,audio_volume_mute
please do not talk for thirty minutes,audio_volume_mute
very google please be extra quiet the baby is sleeping,audio_volume_mute
please for a,audio_volume_mute
i need to it's quiet time,audio_volume_mute
really touch the mute button,audio_volume_mute
don't make any sounds,audio_volume_mute
will you can you mute my speakers,audio_volume_mute
goodnight,audio_volume_mute
don't speak for an hour very,audio_volume_mute
quiet mode on until i am home from work,audio_volume_mute
turn on silent mode until very my alarm goes off,audio_volume_mute
please today stop for a bit,audio_volume_mute
set mute,audio_volume_mute
could you mute the sound,audio_volume_mute
i want to turn off sound the speaker,audio_volume_mute
would you hold for the next hour,audio_volume_mute
please keep now quiet for the next hour,audio_volume_mute
i need to mute audio,audio_volume_mute
pause the music,audio_volume_mute
could you speakers off,audio_volume_mute
disable music player,audio_volume_mute
please shut now off,audio_volume_mute
don't speak for an hour,audio_volume_mute
can you mute my speaker,audio_volume_mute
audio control,audio_volume_mute
just please silence the volume control,audio_volume_mute
would you mind disable music player,audio_volume_mute
help me to mute my speaker,audio_volume_mute
please change the sound to mute,audio_volume_mute
don't speak today for an hour,audio_volume_mute
touch the mute please button,audio_volume_mute
set volume very to zero,audio_volume_mute
can very you kindly be muted for a while,audio_volume_mute
touch the mute button,audio_volume_mute
sound off just please,audio_volume_mute
be quiet,audio_volume_mute
do not make any noise until morning alarm,audio_volume_mute
sound off,audio_volume_mute
off the very speakers,audio_volume_mute
hey olly mute the speakers,audio_volume_mute
i want you to mute,audio_volume_mute
off the speakers,audio_volume_mute
go silent until three pm,audio_volume_mute
shut quite up,audio_volume_mute
down the volume at the end of level,audio_volume_mute
mute the sound,audio_volume_mute
keep quiet,audio_volume_mute
could you mute my speaker,audio_volume_mute
silence the speaker could you,audio_volume_mute
speakers off please,audio_volume_mute
don't talk until i ask you to,audio_volume_mute
i'm in a gathering please do not speak,audio_volume_mute
quiet on,audio_volume_mute
quiet sound,audio_volume_mute
quiet for fifteen minutes,audio_volume_mute
mute yourself please until five pm,audio_volume_mute
silent,audio_volume_mute
turn off audio please,audio_volume_mute
silence please,audio_volume_mute
silent mode,audio_volume_mute
set to silent for five minutes,audio_volume_mute
mute now sound on speakers please,audio_volume_mute
add audio to zero,audio_volume_mute
mute the audio,audio_volume_mute
silence enabled until i today say so,audio_volume_mute
quite can you kindly be muted for a while,audio_volume_mute
today please unmute yourself,audio_volume_mute
sound off would you,audio_volume_mute
help me to mute my speaker,audio_volume_mute
can you hold for the next hour,audio_volume_mute
could you keep quiet for the next very hour,audio_volume_mute
yourself until i say otherwise,audio_volume_mute
disable today music player,audio_volume_mute
silently adjust,audio_volume_mute
hold for the next hour,audio_volume_mute
do just not make any noise until morning wake-up call,audio_volume_mute
i'm in a please do not speak,audio_volume_mute
get yourself muted,audio_volume_mute
silence would you,audio_volume_mute
don't please speak for an hour,audio_volume_mute
stay now quiet,audio_volume_mute
i really want to mute the speaker,audio_volume_mute
please stop talking,audio_volume_mute
do not today talk,audio_volume_mute
go silent for a day,audio_volume_mute
quiet the sound,audio_volume_mute
stop making sounds for forty minutes,audio_volume_mute
now disable music player,audio_volume_mute
would you do not talk for thirty minutes,audio_volume_mute
will you please mute my speakers,audio_volume_mute
really mute for fifteen minutes,audio_volume_mute
can you place the sound on quiet,audio_volume_mute
don't speak for hour,audio_volume_mute
can you stop talking,audio_volume_mute
please turn sound off,audio_volume_mute
don't speak for a while,audio_volume_mute
keep quiet,audio_volume_mute
kindly pause the song,audio_volume_mute
silence audio,audio_volume_mute
activate silent,audio_volume_mute
really could you quiet the speaker,audio_volume_mute
be silent,audio_volume_mute
can you set today radio to mute,audio_volume_mute
set music system to now mute,audio_volume_mute
silent mode on for the next three hours,audio_volume_mute
add volume to zero,audio_volume_mute
be silent for thirty minutes,audio_volume_mute
don't respond for fifty seconds,audio_volume_mute
set mute just mode for one hour,audio_volume_mute
kindly do not talk for thirty minutes,audio_volume_mute
just mute please,audio_volume_mute
tell me the very answer for two plus two,qa_maths
what is twelve times eight,qa_maths
multiply one thousand by twelve,qa_maths
divide six in two parts,qa_maths
how many cm make one foot,qa_maths
let's do math,qa_maths
what is fourteen divided by two,qa_maths
would you mind what is the answer to that question,qa_maths
what is the square root of forty now two,qa_maths
what is three hundred and four plus one,qa_maths
what's thirteen today plus fourteen,qa_maths
what is just ten times ten,qa_maths
one very plus two equal,qa_maths
can you take five and divide it by three,qa_maths
what is three times seven,qa_maths
what is three hundred and four plus one,qa_maths
can you take five and divide it by three,qa_maths
i want to tell what is the value of sin thirty,qa_maths
how much is twelve divided by four,qa_maths
what does two very plus two equal,qa_maths
i've got dollars for the month how much can i spend every day this month,qa_maths
answer just for three times four,qa_maths
what is four plus four,qa_maths
i need to what is two plus four,qa_maths
what is the answer to dollars minus dollars now,qa_maths
tell me what one plus one is,qa_maths
ten percentages of hundred,qa_maths
what is two plus four,qa_maths
what is the square root of thirty four,qa_maths
tell me the answer for two plus two,qa_maths
solution for eighty one divided by nine,qa_maths
seven times seven really,qa_maths
please what's two plus two,qa_maths
what's the sum of the two numbers four and six,qa_maths
i need now to figure out this percentage,qa_maths
can you how much is one hundred and thirty six plus three hundred and eighty seven,qa_maths
what is fifty now five minus two,qa_maths
what does two plus two equal,qa_maths
tell me if five hundred and forty is subtracted seven time by twenty eight,qa_maths
solution for eighty one divided by nine,qa_maths
how many three are available very in twenty seven,qa_maths
now what's three plus three hundred and fifty five,qa_maths
can you seven times seven,qa_maths
figure out what percentage thirty is of one hundred and sixty three,qa_maths
what is twelve divided by four,qa_maths
tell what is the value of please sin thirty,qa_maths
calculate two multiplied by two,qa_maths
what's the answer to one plus quite one,qa_maths
what is the result of one hundred minus fifty,qa_maths
what is time,qa_maths
tell me what the product of eighteen and thirty one is,qa_maths
please what is the square root of ninety seven,qa_maths
what is four plus four,qa_maths
find the sum of thirteen and fourteen,qa_maths
what is one,qa_maths
i want to what does two plus two equal,qa_maths
what is eighty seven minus fourteen,qa_maths
can you how much is one hundred and thirty six plus three hundred and eighty seven,qa_maths
what is the result of two by two,qa_maths
what's one plus one,qa_maths
how many three are available in twenty seven,qa_maths
please what is two hundred divided by ten,qa_maths
what's the answer to one plus one,qa_maths
solve this equation one plus one,qa_maths
i want to know the result of twenty is to two,qa_maths
what do you get when you multiply sixteen by nine,qa_maths
what is the factorial of x,qa_maths
please this math,qa_maths
what is one hundred and twenty three times one hundred and twenty three,qa_maths
are you solve my math,qa_maths
answer this mathematical question,qa_maths
is the remainder when five hundred and twenty one is divided by three,qa_maths
how much is remaining after subtracting four from eight,qa_maths
i want to know the result of twenty is to two,qa_maths
what is nine time ten,qa_maths
what is four plus please four,qa_maths
now can you help me find the answer to this question,qa_maths
convert ten miles to kilometers,qa_maths
tell me sum of five and six,qa_maths
what is the answer to that question,qa_maths
figure out what very percentage thirty is of one hundred and sixty three,qa_maths
answer this mathematical question,qa_maths
what is ten times ten,qa_maths
how many times does fifty go into one million,qa_maths
this mathematical,qa_maths
how much is twelve divided by four,qa_maths
figure out what percentage thirty is of one hundred and sixty three,qa_maths
what's the answer to one plus one,qa_maths
would you mind what is two plus two,qa_maths
what is two hundred divided by ten really,qa_maths
what is the root of six today hundred and twenty five,qa_maths
is the answer of five plus two seven,qa_maths
what is twenty four times twenty four really,qa_maths
i need to figure out what percentage thirty is of one hundred and sixty three,qa_maths
what is six minus four,qa_maths
what is three hundred and four plus one just,qa_maths
what is nine time ten just,qa_maths
multiply one thousand by twelve,qa_maths
what is the square root of,qa_maths
what is very two plus four,qa_maths
what is the sum of fifteen ninety nine dollars and six sixty five dollars,qa_maths
how much is twelve divided by four,qa_maths
answer this now mathematical question,qa_maths
if i have fifty dollars and spend twenty four how many dollars will very i have left,qa_maths
what is twenty percent of one hundred and fifty,qa_maths
what is the answer to that question,qa_maths
what is the to that question,qa_maths
what does two now plus two equal,qa_maths
what is two plus today two,qa_maths
what is two hundred divided by ten,qa_maths
can you tell me what twenty five percent of two thousand one hundred is,qa_maths
can you tell me what twenty five percent of really two thousand one hundred is,qa_maths
can you really take five and divide it by three,qa_maths
how many miles in five kilometers,qa_maths
calculate two plus 29,qa_maths
let's math,qa_maths
what's three plus please three hundred and fifty five,qa_maths
convert one to pound,qa_maths
please is the answer of five plus two seven,qa_maths
what is the square root of very forty two,qa_maths
could you what is the linear equation,qa_maths
what is three hundred and four plus one,qa_maths
solve today this equation one plus one,qa_maths
tell me the answer now for two plus two,qa_maths
please what is twelve divided by four,qa_maths
i want to what is the remainder when five hundred and twenty one is divided by three,qa_maths
how do i subtract four from two,qa_maths
find the sum of thirteen and fourteen,qa_maths
tell me what the product of eighteen today and thirty one is,qa_maths
can you help me find the answer to this question,qa_maths
tell me simple of seven with interest in two year,qa_maths
what is the answer to dollars minus dollars,qa_maths
please sum of five and two,qa_maths
i want to know the result of twenty is to two,qa_maths
what is the total of now 500 and 23,qa_maths
please what is the square root of thirty six,qa_maths
what's one just plus one,qa_maths
what is the answer to two plus two,qa_maths
i want to Volume louder softer,audio_volume_up
make sound louder,audio_volume_up
can you turn it up a little,audio_volume_up
can you speak a little louder,audio_volume_up
now would you speak up,audio_volume_up
unmute my sound,audio_volume_up
please increase volume in music player,audio_volume_up
could you more volume please,audio_volume_up
i am unable to hear you can you speak little loud,audio_volume_up
change the speaker audio to sixty five percent,audio_volume_up
increase the volume to seventy percent,audio_volume_up
change my music player volume quite to eighty percent,audio_volume_up
turn up the loudness,audio_volume_up
adjust media sound up,audio_volume_up
can you speak louder,audio_volume_up
make louder the volume could you,audio_volume_up
unmute,audio_volume_up
the volume of the music playing now should be raised now,audio_volume_up
i am to hear you can you speak little loud,audio_volume_up
i need to hear sound on my speakers,audio_volume_up
unmute after,audio_volume_up
hello beef up the volume a little bit,audio_volume_up
audio on,audio_volume_up
turn the sound up on music player,audio_volume_up
up quite,audio_volume_up
please increase volume in music player,audio_volume_up
please raise the of speaker,audio_volume_up
raise volume,audio_volume_up
kindly raise the volume of speaker,audio_volume_up
can you speak louder,audio_volume_up
please increase volume in music player,audio_volume_up
change my music player volume to eighty percent,audio_volume_up
i need to increase the volume to fifty,audio_volume_up
hello beef up the a little bit,audio_volume_up
kindly turn my speakers on google,audio_volume_up
increase the volume of the music ninety,audio_volume_up
i want volume on speakers,audio_volume_up
i need to hear sound on my speakers,audio_volume_up
unmute,audio_volume_up
can you turn it up a little,audio_volume_up
please increase the volume of the current song,audio_volume_up
can you turn it up a little,audio_volume_up
raise now the volume to sixty,audio_volume_up
get louder,audio_volume_up
please hello beef up the volume a little bit,audio_volume_up
you up the,audio_volume_up
increase the volume a bit,audio_volume_up
increase the volume of the very speaker,audio_volume_up
lower my player volume by percent of its current,audio_volume_up
turn up sound,audio_volume_up
turn up the volume of my speakers,audio_volume_up
can you increase the volume of the speakers,audio_volume_up
could you i want volume on my speakers,audio_volume_up
can please you turn up the volume on itunes,audio_volume_up
turn up media sound,audio_volume_up
increase the volume a bit,audio_volume_up
please decrease the please volume of this song,audio_volume_up
i can't hear just increase the loudness,audio_volume_up
increase the volume of the to ninety,audio_volume_up
audio quite on,audio_volume_up
could you increase the volume of the current song,audio_volume_up
play it louder please,audio_volume_up
set the music volume to ninety,audio_volume_up
raise the volume today of the current music,audio_volume_up
louder,audio_volume_up
speaker volume turn up,audio_volume_up
increase quite the loudness of the music to ninety,audio_volume_up
i couldn't hear you repeat that louder,audio_volume_up
can you speak louder,audio_volume_up
please decrease really the sound of this song,audio_volume_up
can you turn up your audio,audio_volume_up
could you up,audio_volume_up
i can't hear you can you say it again louder today,audio_volume_up
the volume of the music playing now very should be raised,audio_volume_up
i am unable to hear you can you speak little loud,audio_volume_up
turn quite up media volume,audio_volume_up
schedule the quite volume higher,audio_volume_up
turn the sound up,audio_volume_up
could you speak more softly,audio_volume_up
increase sound by one,audio_volume_up
i want to hello beef up the volume a little bit,audio_volume_up
i need you to say that last information again but much louder,audio_volume_up
can you change the speaker volume to sixty five percent,audio_volume_up
i need you to the volume louder,audio_volume_up
i need to raise the volume of the speakers,audio_volume_up
hey sound is low can you tune it up,audio_volume_up
get louder,audio_volume_up
could you yell the answer out to me,audio_volume_up
change my music player volume to eighty very percent,audio_volume_up
please increase volume,audio_volume_up
turn now up the sound,audio_volume_up
turn up volume of music,audio_volume_up
raise the sound to fifty,audio_volume_up
loudness louder softer,audio_volume_up
volume louder please,audio_volume_up
make sound louder,audio_volume_up
please increase the volume of the current song now,audio_volume_up
please make louder the volume of the current song,audio_volume_up
i cant hear a thing,audio_volume_up
could you speak up very,audio_volume_up
would you mind audio on,audio_volume_up
could you speak more softly,audio_volume_up
can you turn up your volume,audio_volume_up
very make sound louder,audio_volume_up
change my music player sound to eighty please percent,audio_volume_up
please turn up volume,audio_volume_up
please turn up the volume,audio_volume_up
set the audio higher,audio_volume_up
today increase volume,audio_volume_up
turn up,audio_volume_up
very can you turn up your loudness,audio_volume_up
could you raise the loudness of speaker,audio_volume_up
please more volume please,audio_volume_up
can you increase the loudness of the speakers,audio_volume_up
increase the volume,audio_volume_up
raise the volume the current music,audio_volume_up
could you please yell the answer out to me,audio_volume_up
i can't hear you,audio_volume_up
play it please louder,audio_volume_up
i want to louder,audio_volume_up
unmute the speaker now quite,audio_volume_up
i can't hear you,audio_volume_up
turn up the audio,audio_volume_up
Speak louder could you,audio_volume_up
would you mind Hey turn the volume high,audio_volume_up
raise the sound to sixty,audio_volume_up
slightly raise light,iot_hue_lightup
can you adjust the lighting for me to be brighter,iot_hue_lightup
i now want to raise the light,iot_hue_lightup
could you make arrangements to make the hall so brighter,iot_hue_lightup
can you adjust the just lighting for me to be brighter,iot_hue_lightup
brighter,iot_hue_lightup
slightly raise the light,iot_hue_lightup
i want to raise the light,iot_hue_lightup
could you increase the light,iot_hue_lightup
brighten up the lighting,iot_hue_lightup
it is too dark in here increase the brightness of the,iot_hue_lightup
more bright,iot_hue_lightup
raise the light a little,iot_hue_lightup
brighten the lights in living room,iot_hue_lightup
spread some lights,iot_hue_lightup
turn up the lights in the living,iot_hue_lightup
change up the light colors at now home,iot_hue_lightup
i the lights raised can you do that,iot_hue_lightup
i want to bright the now room more,iot_hue_lightup
retrieve the light me,iot_hue_lightup
i can't see turn up the lights,iot_hue_lightup
raise the light,iot_hue_lightup
please turn up the lights in here please,iot_hue_lightup
every light just of room increase its intensity,iot_hue_lightup
can you increase the brightness of the lights,iot_hue_lightup
could you turn the lights brighter,iot_hue_lightup
please turn the lights today up,iot_hue_lightup
raise the really light,iot_hue_lightup
up the brightness on these lights,iot_hue_lightup
make the lights brighter,iot_hue_lightup
can you bright lights please,iot_hue_lightup
turn up the brightness,iot_hue_lightup
turn the lights higher,iot_hue_lightup
make the room brighter,iot_hue_lightup
make the light more visible just,iot_hue_lightup
turn up lights,iot_hue_lightup
can you increase the brightness in the room,iot_hue_lightup
more light could you,iot_hue_lightup
can you turn today up the brightness in the room,iot_hue_lightup
just could you brighten the room,iot_hue_lightup
can you bright the lights please,iot_hue_lightup
i need to it is too dark in here increase the brightness of the lights,iot_hue_lightup
want bright the room more,iot_hue_lightup
can you turn the lights up,iot_hue_lightup
brighten lights please,iot_hue_lightup
please increase brightness in this room,iot_hue_lightup
raise brightness in the room,iot_hue_lightup
a little brighter thanks,iot_hue_lightup
raise lights,iot_hue_lightup
increase the bright of the just light,iot_hue_lightup
raise brightness in the room,iot_hue_lightup
make louder lighting,iot_hue_lightup
would you mind make it brighter in here please,iot_hue_lightup
would you now make the room brighter,iot_hue_lightup
more bright,iot_hue_lightup
set lights to full now power,iot_hue_lightup
change up the light colors at home,iot_hue_lightup
please turn the lights brighter,iot_hue_lightup
turn the lights brighter,iot_hue_lightup
turn up very the lights,iot_hue_lightup
please set the brightness of lightness appropriately in kitchen really,iot_hue_lightup
kindly increase the light,iot_hue_lightup
a little brighter thanks,iot_hue_lightup
make the light more visible,iot_hue_lightup
hey olly turn up the lights a little,iot_hue_lightup
turn up the please light,iot_hue_lightup
hey olly turn up really the lights a little,iot_hue_lightup
up the brightness on these lights,iot_hue_lightup
please olly put on multi colored lightning in my apartment set for festival diwali,iot_hue_lightup
raise,iot_hue_lightup
raise the light,iot_hue_lightup
would you mind make the light more visible,iot_hue_lightup
turn up the lights in here please,iot_hue_lightup
now set lights brightness higher,iot_hue_lightup
more,iot_hue_lightup
add please light,iot_hue_lightup
lights up,iot_hue_lightup
can you i need the lights raised can you do that,iot_hue_lightup
slightly raise light,iot_hue_lightup
brighten lights in living room,iot_hue_lightup
turn up lights,iot_hue_lightup
would you mind brighten up the lighting,iot_hue_lightup
brighten the lights on the front porch,iot_hue_lightup
can you light colour for study room,iot_hue_lightup
please increase the light,iot_hue_lightup
increase light brightness,iot_hue_lightup
more lights please,iot_hue_lightup
please increase the brightness in this room,iot_hue_lightup
make the lights brighter,iot_hue_lightup
set lights brightness,iot_hue_lightup
every light of room turn up its intensity,iot_hue_lightup
switch up the color of the lights in the house,iot_hue_lightup
more bright,iot_hue_lightup
turn the chandelier all the way up,iot_hue_lightup
retrieve the light for me,iot_hue_lightup
can you brighten the lights for me,iot_hue_lightup
please lights up,iot_hue_lightup
raise the light,iot_hue_lightup
brighten the lights a little bit,iot_hue_lightup
brighten lights in living room,iot_hue_lightup
i want to light colour for study room,iot_hue_lightup
make the lights brighter,iot_hue_lightup
brighten the lights in this room,iot_hue_lightup
make the light more visible,iot_hue_lightup
turn out the lights,iot_hue_lightup
connect to lights,iot_hue_lightup
can you adjust the lighting for please me to be brighter,iot_hue_lightup
brighten really my bedroom light,iot_hue_lightup
brighten the lights please,iot_hue_lightup
brighten the lights in living room,iot_hue_lightup
make it brighter,iot_hue_lightup
can you just make the room brighter,iot_hue_lightup
increase the light,iot_hue_lightup
make louder the brightness in this room,iot_hue_lightup
increase the light a little,iot_hue_lightup
turn up lights,iot_hue_lightup
lights brighter,iot_hue_lightup
please set the brightness of lightness appropriately in kitchen really,iot_hue_lightup
very increase the brightness in this room,iot_hue_lightup
turn up the brightness,iot_hue_lightup
i more,iot_hue_lightup
can you increase the brightness in the room,iot_hue_lightup
can you brighten the lights for me,iot_hue_lightup
bring up lights,iot_hue_lightup
raise the light please,iot_hue_lightup
can you would you turn up the lights,iot_hue_lightup
dim the lights very a bit,iot_hue_lightdim
turn down the brightness,iot_hue_lightdim
down the light power,iot_hue_lightdim
dim the lights in the living room,iot_hue_lightdim
please lower the lights,iot_hue_lightdim
lower now the overhead lights,iot_hue_lightdim
reduce light intensity very,iot_hue_lightdim
dim the lights down a bit,iot_hue_lightdim
please dim the garden light by half,iot_hue_lightdim
give me low lighting in quite the kitchen,iot_hue_lightdim
it is time to lower very the kitchen lights,iot_hue_lightdim
turn the lights down to very seven,iot_hue_lightdim
show me the dim colour,iot_hue_lightdim
dim the lights in my bedroom,iot_hue_lightdim
can you lower the lights,iot_hue_lightdim
lights,iot_hue_lightdim
please bring the lights down a bit,iot_hue_lightdim
dim my light,iot_hue_lightdim
lower today hallway lights,iot_hue_lightdim
turn the down to seven,iot_hue_lightdim
nighttime mode,iot_hue_lightdim
lower hallway now lights,iot_hue_lightdim
make a room quite darker,iot_hue_lightdim
reduce brightness,iot_hue_lightdim
turn the lights down to quite seven,iot_hue_lightdim
change the dim,iot_hue_lightdim
system please dim lights today to dull blue,iot_hue_lightdim
i lights less brighter,iot_hue_lightdim
lower the brightness,iot_hue_lightdim
make a room darker,iot_hue_lightdim
kindly turn down the lights in the living room,iot_hue_lightdim
turn down the lights in the living room,iot_hue_lightdim
i want a lower light,iot_hue_lightdim
quite give me low lighting in the kitchen,iot_hue_lightdim
reduce light intensity please,iot_hue_lightdim
quite decrease brightness,iot_hue_lightdim
make a room darker very,iot_hue_lightdim
turn down the lights the living room,iot_hue_lightdim
please the lights are too bright,iot_hue_lightdim
lower hallway lights just,iot_hue_lightdim
lower lights now,iot_hue_lightdim
lower the lights in the house can you,iot_hue_lightdim
can you dim lights in living room,iot_hue_lightdim
decrease quite brightness,iot_hue_lightdim
i want to lower brightness of lights,iot_hue_lightdim
lower hallway today lights,iot_hue_lightdim
can you i want the lights less brighter,iot_hue_lightdim
i want to lower the light level in my house,iot_hue_lightdim
i need to show me the dim colour,iot_hue_lightdim
turn the quite lights down to seven,iot_hue_lightdim
bring just the lights down a bit,iot_hue_lightdim
will you dim all the lights,iot_hue_lightdim
please dim the lights in the bedroom,iot_hue_lightdim
i want a just lower light,iot_hue_lightdim
can you turn down the lights by twenty quite percent,iot_hue_lightdim
give me some dim light,iot_hue_lightdim
dim the bedroom lights to half,iot_hue_lightdim
kindly turn down the lights to fifty percent in the den,iot_hue_lightdim
turn the lights down,iot_hue_lightdim
turn down the brightness,iot_hue_lightdim
lights down,iot_hue_lightdim
turn down lights,iot_hue_lightdim
please quite dim the lights,iot_hue_lightdim
lower the lights in the bedroom now,iot_hue_lightdim
lower brightness of lights,iot_hue_lightdim
dim the lighting in my living room,iot_hue_lightdim
today reduce the brightness,iot_hue_lightdim
lower brightness of lights,iot_hue_lightdim
dim the lights today,iot_hue_lightdim
lower the light level in my house,iot_hue_lightdim
reduce the lights,iot_hue_lightdim
would you mind the lights are too bright,iot_hue_lightdim
would you mind give me some dim light,iot_hue_lightdim
lower the light level in my house,iot_hue_lightdim
turn down the brightness,iot_hue_lightdim
lower now hallway lights,iot_hue_lightdim
darken room a bit,iot_hue_lightdim
i want to turn the lights down,iot_hue_lightdim
dim the bedroom lights to half,iot_hue_lightdim
please dim the quite lights in the bedrooms,iot_hue_lightdim
reduce the lights,iot_hue_lightdim
color of light should be dimmed bright,iot_hue_lightdim
reduce the brightness,iot_hue_lightdim
this is too bright,iot_hue_lightdim
lights down,iot_hue_lightdim
reduce the quite intensity of lights,iot_hue_lightdim
attenuate the lights,iot_hue_lightdim
reduce the quite brightness,iot_hue_lightdim
would you dim the lights,iot_hue_lightdim
turn down lights,iot_hue_lightdim
dim the lights in very the living room,iot_hue_lightdim
reduce the very brightness,iot_hue_lightdim
i want lower light,iot_hue_lightdim
dim the lights down a just bit,iot_hue_lightdim
lower lights in my room,iot_hue_lightdim
lower brightness of really lights,iot_hue_lightdim
lower lights down,iot_hue_lightdim
give me some dim light,iot_hue_lightdim
turn down,iot_hue_lightdim
please darken the lights,iot_hue_lightdim
i want to the lights are too bright,iot_hue_lightdim
will you dim all the lights,iot_hue_lightdim
dim the lights in my bedroom,iot_hue_lightdim
i need to lower lights please,iot_hue_lightdim
lower lights,iot_hue_lightdim
down the light power,iot_hue_lightdim
dim the lights a bit,iot_hue_lightdim
lower quite the brightness,iot_hue_lightdim
please lights down to seven,iot_hue_lightdim
color just of light should be dimmed bright,iot_hue_lightdim
would love a less bright up room,iot_hue_lightdim
turn please the lights down,iot_hue_lightdim
lower lights down,iot_hue_lightdim
do you know any good jokes,general_joke
i want to hear a funny joke today,general_joke
joke of the very day,general_joke
do you know any please jokes,general_joke
crack a joke,general_joke
crack a joke,general_joke
search now for new jokes,general_joke
can you open some cools jokes,general_joke
what is a funny joke,general_joke
i want to share me a joke,general_joke
jokes today,general_joke
tell me a funny joke,general_joke
i need to hear a joke can you tell me one,general_joke
i need to crack a joke,general_joke
humor me,general_joke
now be funny for me,general_joke
crack today a joke,general_joke
would you tell me a joke,general_joke
can you tell me a joke,general_joke
what is a funny joke about car,general_joke
tell me some funny joke to laugh,general_joke
tell me a dirty joke,general_joke
could you say a good joke for me right now,general_joke
can you tell me a joke,general_joke
be funny for me,general_joke
find the joke about the orange and the banana,general_joke
find a joke in your vault and tell me,general_joke
say a funny,general_joke
make me laugh i want to hear a joke,general_joke
make me laugh i want hear a joke,general_joke
let me laugh hearing some joke,general_joke
humor me,general_joke
do you know any joke,general_joke
open some cools jokes,general_joke
hey olly make me laugh with a good joke,general_joke
let me hear a joke,general_joke
can you find an animal joke for me,general_joke
quite whats a good joke,general_joke
say some jokes,general_joke
i want to hear a funny joke,general_joke
can you now tell me a nice joke,general_joke
please tell me a joke that i'll think is funny,general_joke
have you heard any good jokes lately,general_joke
tell me jokes,general_joke
make me laugh i want to hear a joke,general_joke
i want please to hear a good joke,general_joke
do you know any good jokes,general_joke
would you mind hey olly have you heard any funny jokes lately,general_joke
jokes,general_joke
tell me a joke about dogs,general_joke
do you know quite any jokes,general_joke
could you what is a funny joke,general_joke
tell me a clean joke,general_joke
could you tell me funny things really,general_joke
very tell me joke,general_joke
can you tell me a now joke,general_joke
are you aware this joke,general_joke
how many jokes do you know,general_joke
find me the best knock knock joke on the internet,general_joke
tell me really a clean joke,general_joke
tell me a joke about dogs,general_joke
tell me jokes please,general_joke
can you i need a good joke,general_joke
what's the famous monty python joke about the bird,general_joke
tell me a joke about a man,general_joke
would you mind find jokes on the web,general_joke
i want to find jokes on the web,general_joke
tell me a joke about,general_joke
please share me a joke,general_joke
what is a funny joke about car,general_joke
find me the knock joke on the internet,general_joke
what's a good joke,general_joke
say joke really,general_joke
give me me a funny quite joke,general_joke
a just priest walks into a bar,general_joke
tell me a dirty joke,general_joke
what is the highest please rated joke today,general_joke
find the joke about the orange and the banana,general_joke
tell me a dirty joke,general_joke
please humor me,general_joke
what's the funniest joke,general_joke
what's the funniest joke,general_joke
tell a joke,general_joke
cheer me now up,general_joke
could you tell me funny things,general_joke
tell me joke,general_joke
do you know any good jokes,general_joke
do now you know any joke,general_joke
now funny story,general_joke
can you tell me a joke,general_joke
tell,general_joke
joke very of the day,general_joke
tell me a clean joke,general_joke
can you find really an animal joke for me,general_joke
can i hear quite the joke about the old woman again,general_joke
tell me a joke about chickens,general_joke
priest walks into a,general_joke
tell funny quite things,general_joke
a walks into a,general_joke
what is a good joke,general_joke
i want to tell funny things,general_joke
can i hear the joke about the old woman again,general_joke
really whats a good joke,general_joke
joke of very the day,general_joke
tell me a joke about chickens,general_joke
hey do you know any jokes,general_joke
tell me please a good doctor joke,general_joke
i need to hear a joke can you tell me one,general_joke
how many jokes do you know,general_joke
kickball is over do not need the alarm for kickball on wednesday evening any longer,alarm_remove
remove all alarms set today,alarm_remove
remove wake up calls for this week,alarm_remove
the alarm,alarm_remove
get rid of the five pm alarm please,alarm_remove
cancel the alarm set for ten pm just,alarm_remove
erase the first alarm,alarm_remove
delete my alarm very for eight am,alarm_remove
i dont want any alarms,alarm_remove
turn off my reminder,alarm_remove
remove the alarm set for ten pm very,alarm_remove
could you i no longer need the daily five pm alarm,alarm_remove
cancel wake-up call for tenth of march two thousand seventeen,alarm_remove
i want to olly cancel alarms,alarm_remove
i would like this alarm permanently removed,alarm_remove
do not wake me up the following day,alarm_remove
olly cancel yoga alarms,alarm_remove
remove just the alarm for tomorrow,alarm_remove
please take away the alarm that is set for weekdays at nine,alarm_remove
very delete my alarm for eight am,alarm_remove
can you disable alarm for three pm,alarm_remove
kickball is over i do not need the notification for kickball on wednesday evening any longer,alarm_remove
can you remove alarm of six am on tuesday,alarm_remove
kickball is over i do not need the alarm for kickball on wednesday evening any longer,alarm_remove
turn today off the alarm,alarm_remove
turn off all of my alarms,alarm_remove
stop wake up calls for this really week,alarm_remove
take off my alarms,alarm_remove
this reminder needs to be please permanently silenced,alarm_remove
cancel please the notification at four am ten pm,alarm_remove
today unset all alarm which is set,alarm_remove
please remove this alarm,alarm_remove
i want to olly cancel all soccer practice alarms,alarm_remove
snooze all today's just alarms permanently,alarm_remove
i dont want any alarms,alarm_remove
olly cancel soccer practice alarms,alarm_remove
olly cancel alarms,alarm_remove
take off very my alarms,alarm_remove
cancel my three pm alert very,alarm_remove
delete all alarms if any,alarm_remove
remove alarms for,alarm_remove
delete the meeting alarm at two pm just on tuesday,alarm_remove
do not wake me up tomorrow,alarm_remove
stop seven am reminder,alarm_remove
delete reminder now,alarm_remove
delete the alarm for tomorrow,alarm_remove
remove my earliest alarm for tomorrow please,alarm_remove
cancel alarm for the following day,alarm_remove
delete my eight pm reminder very,alarm_remove
remove all please alarms if any,alarm_remove
please remove the alarm set for wednesday called kickball,alarm_remove
one pm removed please,alarm_remove
take away my alert for tomorrow at very four thirty am,alarm_remove
remove the first alarm,alarm_remove
remove alarms set for tomorrow,alarm_remove
delete my eight pm notification,alarm_remove
quite take away the latest alarm,alarm_remove
cancel wake calls for this week,alarm_remove
cancel the alarm that is set for the following day at eight am,alarm_remove
could you cancel the alarm at four am ten pm,alarm_remove
would you mind remove my wake up alarm,alarm_remove
very cancel my eight am alarm,alarm_remove
cancel my three pm alarm,alarm_remove
clear all alert of sunday,alarm_remove
cancel all alarms,alarm_remove
get rid of the five pm wake-up call,alarm_remove
delete my eight pm notification,alarm_remove
olly cancel all soccer practice alarms,alarm_remove
remove the alarm,alarm_remove
alarm,alarm_remove
get rid of pm alarm,alarm_remove
cancel my seven am alarm,alarm_remove
cancel wake up calls for this week,alarm_remove
please remove the alarm set for called kickball,alarm_remove
can you remove any alarms just that i have set,alarm_remove
really cancel wake-up call for tenth of march two thousand seventeen,alarm_remove
cancel my eight am alarm,alarm_remove
remove my earliest alarm for tomorrow today,alarm_remove
i need to remove the first alarm,alarm_remove
can you delete my eight pm alarm,alarm_remove
i want to turn off any morning alarms after Friday,alarm_remove
cancel alarm for just tomorrow,alarm_remove
delete just my alarm for eight am,alarm_remove
quite snooze,alarm_remove
cancel my eight quite am alarm,alarm_remove
remove the alarm for tomorrow,alarm_remove
do not wake me up on weekends,alarm_remove
remove alarm,alarm_remove
remove six am alarm of whole week for future,alarm_remove
remove all alert of sunday,alarm_remove
erase all alarms set today,alarm_remove
get rid of my wake up wake-up call now set for saturday,alarm_remove
disable all alarms set for this day,alarm_remove
cancel eight am alarm,alarm_remove
clear my really nine am alarms,alarm_remove
please remove the alarm set for wednesday called kickball,alarm_remove
remove six am alarm of whole week for future,alarm_remove
take away alarm of six am on tuesday,alarm_remove
turn please off all alarms,alarm_remove
off any morning after Friday,alarm_remove
remove alarm if any very,alarm_remove
olly cancel alarms,alarm_remove
please remove any now alarms that i have set,alarm_remove
remove my work alarm,alarm_remove
twelve am removed,alarm_remove
Get rid of my current alarms,alarm_remove
remove tuesday wake-up call of really nine am,alarm_remove
what movies are playing this week,recommendation_movies
would you mind movies with good rotten tomato ratings,recommendation_movies
logan,recommendation_movies
whats a new sci fi movie,recommendation_movies
what time please does thor start,recommendation_movies
what movies are going around me,recommendation_movies
tell me me best in class theatre,recommendation_movies
what is the best movie to watch with a glass of wine quite,recommendation_movies
what do you suggest that i watch this please weekend,recommendation_movies
movies with good rotten tomato ratings,recommendation_movies
what's brea plaza,recommendation_movies
what film should i watch,recommendation_movies
would you mind check for all the movie theater prices and availability for a newly released movie in my location,recommendation_movies
what's today worth watching,recommendation_movies
what is a good iranian film from two thousand and sixteen,recommendation_movies
now theaters near to me,recommendation_movies
what movies are playing at theatres near me,recommendation_movies
what movies are being shown at the quite regal cinema,recommendation_movies
recommend a romantic comedy in me area,recommendation_movies
tell me movies playing in oceanside tonight,recommendation_movies
recommend a movie which is last Friday,recommendation_movies
i want to what should i watch today,recommendation_movies
show me movie times,recommendation_movies
please what new movies are good,recommendation_movies
what new movies are good,recommendation_movies
could you deadpool,recommendation_movies
what today movies are playing nearby,recommendation_movies
today what is the nearest theatre that plays the new vin diesel movie,recommendation_movies
what movies are playing near me,recommendation_movies
deadpool,recommendation_movies
name a rom com movie playing in and around new quite york theatres,recommendation_movies
can you recommend some movies to watch in theater near me,recommendation_movies
what today movies are playing right now,recommendation_movies
look up movies near me,recommendation_movies
give me a movie today for tonight,recommendation_movies
what is the nearest theatre that plays the new vin diesel movie,recommendation_movies
deadpool,recommendation_movies
what highly rated movies are playing this weekend,recommendation_movies
can you tell me what movie has the best reviews,recommendation_movies
top ten movies,recommendation_movies
what movies are playing at carmike cinemas,recommendation_movies
can you recommend some movies to watch in theater near me,recommendation_movies
Show times for nearest theater,recommendation_movies
what movies are going around quite me,recommendation_movies
does thor start,recommendation_movies
please what movies are playing this week,recommendation_movies
what are the current movies playing in me area,recommendation_movies
what are the show times for logan at the nearby today theatre,recommendation_movies
find an oscar nominee movie,recommendation_movies
two thousand and seventeen movies,recommendation_movies
latest movie releases,recommendation_movies
theaters near to me,recommendation_movies
very movie times tonight,recommendation_movies
do you have any quite suggestion action movies,recommendation_movies
what movies is out there in the local cinema,recommendation_movies
display me theatre where pirates of caribbean is playing,recommendation_movies
what movies really are playing nearby,recommendation_movies
what movies please are showing in cinema today,recommendation_movies
whats a just new sci fi movie,recommendation_movies
what is please the best movie to watch with a glass of wine,recommendation_movies
local theater screening which movie,recommendation_movies
what are good movies playing now,recommendation_movies
what movies is out there in the local cinema,recommendation_movies
whats a new sci fi movie,recommendation_movies
what is the latest action movie now running in theaters,recommendation_movies
what movies are playing at nine pm at the amc nine,recommendation_movies
what movies are playing tonight at nine at the amc,recommendation_movies
theaters near to,recommendation_movies
what do you suggest that i watch this weekend,recommendation_movies
what movies are playing near me,recommendation_movies
when is trolls playing today,recommendation_movies
i need to show me best in class theatre,recommendation_movies
what is a good iranian film from two thousand and sixteen,recommendation_movies
what movies are showing in cinema this day,recommendation_movies
what movies is out there in the local cinema,recommendation_movies
which rom com movie can i watch in theatres around new york,recommendation_movies
movies with really good rotten tomato ratings,recommendation_movies
would you mind fast and the furious,recommendation_movies
what time does thor start,recommendation_movies
local theater screening which movie,recommendation_movies
are the show times for logan at the nearby theatre,recommendation_movies
top ten movies,recommendation_movies
could you movies with good rotten tomato ratings,recommendation_movies
what's playing in the roosendaal cinema,recommendation_movies
can you what movie do you recommend tonight,recommendation_movies
what is the nearest theatre that plays the new vin today diesel movie,recommendation_movies
what is the biggest blockbuster now this week,recommendation_movies
what are new drama movies just opening this weekend,recommendation_movies
tell me movies playing in oceanside tonight,recommendation_movies
show me where of is playing,recommendation_movies
what are good movies playing now,recommendation_movies
list me movie times,recommendation_movies
tell me the movie with best imdb ratings going on in theatres near please me,recommendation_movies
give me please a movie for tonight,recommendation_movies
kung fu panda three,recommendation_movies
what movies please are playing tonight at nine pm at the amc nine,recommendation_movies
what movie theatres are in stephenville,recommendation_movies
show me best in class theatre,recommendation_movies
would you mind logan,recommendation_movies
check for all the movie theater prices and availability for a newly released movie in my quite location,recommendation_movies
switch off the plug socket,iot_wemo_off
i want the smart socket off now,iot_wemo_off
socket off,iot_wemo_off
smart plug socket off please,iot_wemo_off
Switch off the smart socket,iot_wemo_off
would you mind i want the smart socket off now,iot_wemo_off
turn off my wemo plug socket,iot_wemo_off
disable my okug,iot_wemo_off
the wemo plug should be turned off on,iot_wemo_off
turn off plug,iot_wemo_off
can you turn off wemo plug socket,iot_wemo_off
turn off my wemo today plug,iot_wemo_off
make the smart socket turn off,iot_wemo_off
could you turn off the smart plug socket,iot_wemo_off
turn off wemo socket,iot_wemo_off
can you turn off the plug socket of my phone quite when it'll be charged,iot_wemo_off
turn off the fan in master bedroom,iot_wemo_off
i want the wemo socket off,iot_wemo_off
power really off the wemo plug,iot_wemo_off
turn off kettle socket,iot_wemo_off
keep the socket in off condition,iot_wemo_off
Switch now off the smart socket,iot_wemo_off
power off the wemo now plug,iot_wemo_off
the wemo plug should be turned off on,iot_wemo_off
i'd like you to shut my smart plug socket now please,iot_wemo_off
disable my okug really,iot_wemo_off
can you smart plug socket off please,iot_wemo_off
shut down sps,iot_wemo_off
disable smart socket,iot_wemo_off
the wemo plug should be turned off on,iot_wemo_off
now switch off the plug point,iot_wemo_off
i want to i'd like you to shut off my smart plug socket now please,iot_wemo_off
switch off the plug point,iot_wemo_off
turn off the socket,iot_wemo_off
turn off the lamp socket now,iot_wemo_off
i need to switch off the power,iot_wemo_off
switch wemo plug socket off,iot_wemo_off
disable smart socket,iot_wemo_off
i want the wemo socket off just,iot_wemo_off
smart plug socket off could you,iot_wemo_off
Switch off the smart socket,iot_wemo_off
switch wemo plug socket off,iot_wemo_off
can you please turn off the wemo plug socket,iot_wemo_off
please off the plug,iot_wemo_off
turn off the smart plug,iot_wemo_off
please turn now off the smart plug socket,iot_wemo_off
could you switch off the plug socket,iot_wemo_off
would you mark the wemo socket to today off,iot_wemo_off
please switch off the smart plug socket now,iot_wemo_off
would you mind disable smart socket,iot_wemo_off
hello i want to turn off my wemo plug,iot_wemo_off
now off the plug,iot_wemo_off
can you mark the wemo socket to off,iot_wemo_off
i need to turn off smart socket,iot_wemo_off
can you turn off the wemo plug,iot_wemo_off
turn off plug quite,iot_wemo_off
turn off my wifi,iot_wemo_off
kindly make the smart socket turn off,iot_wemo_off
i need to cut wemo power please,iot_wemo_off
i need to switch off the plug socket,iot_wemo_off
turn off on the socket,iot_wemo_off
turn wemo plug socket off quite,iot_wemo_off
switch off the wemo plug,iot_wemo_off
outlet off,iot_wemo_off
smart plug socket off please,iot_wemo_off
turn off sockets quite,iot_wemo_off
please turn off the lamp socket,iot_wemo_off
switch off wemo,iot_wemo_off
turn off plug just,iot_wemo_off
can you turn off on the wemo plug socket,iot_wemo_off
switch off the socket now,iot_wemo_off
turn off wemo plug in game room,iot_wemo_off
can you please turn off the wemo very plug socket,iot_wemo_off
turn very off socket,iot_wemo_off
can you turn off please wemo plug socket,iot_wemo_off
really turn off on the socket,iot_wemo_off
switch the wemo plug,iot_wemo_off
now socket off,iot_wemo_off
can you turn off the wemo plug socket,iot_wemo_off
turn off just my wifi,iot_wemo_off
i want the wemo socket off,iot_wemo_off
switch off the wemo plug socket,iot_wemo_off
i'd like you to shut today off my smart plug socket now please,iot_wemo_off
i want you to turn off the plug socket before the cellphone is charged,iot_wemo_off
very turn off socket,iot_wemo_off
deactivate smart plug socket,iot_wemo_off
turn off the smart socket,iot_wemo_off
would you mind turn the wemo off,iot_wemo_off
turn off the fan,iot_wemo_off
turn the plug off,iot_wemo_off
convert current time from ist to est,datetime_convert
would you mind convert twenty one thirty from gtm four to g. m. t. four thirty,datetime_convert
how many hours distance is between my and new york,datetime_convert
it is five forty five am in liverpool what time is now new york,datetime_convert
eight am manila time is what in eastern time,datetime_convert
what is the time difference between india and ivory coast,datetime_convert
convert current time from g. m. t. to est,datetime_convert
convert current time from ist to est please,datetime_convert
what is the time difference just between india and ivory coast,datetime_convert
can you convert my time zone to the time zone today i'm currently in,datetime_convert
the time difference between lagos and new york is quite what,datetime_convert
it's eight at night in france what time is it in new york,datetime_convert
how many hours distance is between my location and new york,datetime_convert
change this time zone to washington,datetime_convert
what is the time difference between california and michegan,datetime_convert
what time can i call from pennsylvania and it will be business hours in australia,datetime_convert
eight am manila time is what in eastern time,datetime_convert
could you very convert nine am cst to est time,datetime_convert
when it's ten pm here what time is it in brisbane,datetime_convert
how many hours difference is there between london and new york,datetime_convert
switch to los angeles time,datetime_convert
what is the time difference between eastern time and pacific time,datetime_convert
convert eastern time please to western time,datetime_convert
would you mind when it is nine in the east what time is it in the west,datetime_convert
how many hours difference is there between london and new york,datetime_convert
what is now the time in india when the time in us is twelve pm,datetime_convert
if it is twelve hours ahead of eastern standard centaur time what's the time in the philippines now,datetime_convert
i need you to convert nine am cst to est time,datetime_convert
what is the nine cst to est,datetime_convert
can you change my time zone to central,datetime_convert
please can i know please what time will it be at six pm here in australia,datetime_convert
what is time now in japan compared to usa,datetime_convert
set the time zone to g. m. t.,datetime_convert
change the time in this location to ist,datetime_convert
if it's sunrise in stockholm what time is it in okinawa,datetime_convert
what time is twelve pm eastern time in pacific time,datetime_convert
what is the time difference between india and ivory coast,datetime_convert
change the time zone from irish time zone to moscow time zone,datetime_convert
how many distance is between my location and new york,datetime_convert
what's the time difference between and queensland,datetime_convert
what please is the time difference between central and eastern,datetime_convert
what's the time difference between here and queensland,datetime_convert
convert eight thirty from gtm four to g. m. t. five thirty,datetime_convert
if i call mike in california at six pm what will his time be,datetime_convert
what is the time difference between california and michegan really,datetime_convert
convert g. m. t. to ist,datetime_convert
what is time now in japan compared to usa,datetime_convert
can you convert my time zone to the time zone i'm currently in,datetime_convert
what is the time difference between india and ivory coast,datetime_convert
can you convert my time zone to the time zone i'm currently in,datetime_convert
what is the time difference between my location and hong kong,datetime_convert
how many hours difference is hong kong from new york city,datetime_convert
when it is nine in the east what time is quite it in the west,datetime_convert
how many hours difference is there between london and new york,datetime_convert
convert current time from ist to est,datetime_convert
i want to now it's five thirty pm in india what about the time in ivory coast,datetime_convert
please convert the time of here at nine pm to brasil time zone,datetime_convert
what is time in india when the in is twelve pm,datetime_convert
convert usa time in to now indian time,datetime_convert
convert eastern time to western time,datetime_convert
i need to convert g. m. t. to ist,datetime_convert
what is the time in india when the time in us is twelve pm,datetime_convert
if it's midnight in colorado what time is it in munich,datetime_convert
given it is four thirty five pm in london what time it in melbourne,datetime_convert
convert time very zone,datetime_convert
if it is noon in virginia what time is it in california,datetime_convert
change the time in this location ist,datetime_convert
change this just time to ist,datetime_convert
convert twenty one thirty from gtm four to g. now m. t. four thirty,datetime_convert
the time difference between and new york is what,datetime_convert
switch to eastern time zone just,datetime_convert
how many hours difference is there between london and new york,datetime_convert
what is the time difference between central and eastern,datetime_convert
switch to eastern time zone,datetime_convert
could you it is five forty five am in liverpool what time is now new york,datetime_convert
what time can i call from pennsylvania now and it will be business hours in australia,datetime_convert
what the time difference from here to ottawa,datetime_convert
quite what is the time difference between my location and hong kong,datetime_convert
can you convert my time zone to the time zone i'm currently in,datetime_convert
add new email address,email_addcontact
save that email as a new contact very,email_addcontact
can you add a new email to my contacts,email_addcontact
add this new email with contact,email_addcontact
add new email to my contacts macs@gmail dot com,email_addcontact
open up contacts and now add email something@gmail dot com,email_addcontact
add apahelp@yahoo dot com in my contact list,email_addcontact
add this new email with contact,email_addcontact
just save to contacts,email_addcontact
Update my contacts with the new contact sam@gmail dot com,email_addcontact
add apahelp@yahoo dot com to my contacts,email_addcontact
add very the email oriam@gmail dot com to my contacts,email_addcontact
make this email a new,email_addcontact
could you add new email to anna,email_addcontact
please add the email oriam@gmail dot com to my contacts,email_addcontact
i need to save that email as a new contact,email_addcontact
really add new email address,email_addcontact
add new email address,email_addcontact
now store my contacts,email_addcontact
add dan@dancom to my contacts,email_addcontact
add this email address to my contacts and send an email to,email_addcontact
add this new email now with contact,email_addcontact
would you add smithjoe@email dot com to the contact information really for joe smith,email_addcontact
please open up contacts and add email something@gmail dot com,email_addcontact
save my contacts,email_addcontact
create new contact,email_addcontact
i want to add jpearsonjessica@gmail dot com to email contacts,email_addcontact
just save my contacts,email_addcontact
locate the email to giant eagle and put it into my contact list very,email_addcontact
here's email address,email_addcontact
add erosser@hotmail dot com as a new contact for emily rosser,email_addcontact
now add a new email contact to my list,email_addcontact
remember this email,email_addcontact
please add contact email johndoe@yahoo dot com to john doe's just contact information,email_addcontact
send an email and save the contact information for samuelwaters@hotmail dot com,email_addcontact
add sam@gmail dot com to my contacts list,email_addcontact
Update my contacts with the new contact sam@gmail com,email_addcontact
please place my new email address to the contact,email_addcontact
i want to just add a new email in my contacts from michael,email_addcontact
please place my new email address to the contact really,email_addcontact
can now you add smurfette@gmail dot com to my email contacts,email_addcontact
can you add a new email to my contacts,email_addcontact
could you place my new email address to the contact,email_addcontact
i need you to add this email in my contacts,email_addcontact
please add tom to my contact list,email_addcontact
i need to add this new contact for sam smith ssmith@yahoo dot com,email_addcontact
please add smurfette@gmail dot com to email contacts,email_addcontact
add this email to my contact,email_addcontact
save this email in really contact,email_addcontact
please place my new email address to the contact,email_addcontact
please add dan's email please to my contacts,email_addcontact
would you mind create new contact,email_addcontact
create very new contact with email,email_addcontact
please add this email to a new contact,email_addcontact
add a new email contact to my very list,email_addcontact
remember this please email,email_addcontact
store just my contacts,email_addcontact
would you mind store my contacts,email_addcontact
add this email to my address book,email_addcontact
i want to and my now email address,email_addcontact
please add contact email johndoe@yahoo dot com to quite john doe's contact information,email_addcontact
i need you to add this today email in my contacts,email_addcontact
store my contacts,email_addcontact
now add sarah as email contact,email_addcontact
please add smithjoe@email dot com to the contact information for joe smith just,email_addcontact
add new email to my contacts dot com,email_addcontact
add email to existing contact,email_addcontact
would you add a quite new email in my contacts from sara,email_addcontact
save to please contacts,email_addcontact
i need you please to add gary's email to my favorites,email_addcontact
add apahelp@yahoo dot com to my contacts,email_addcontact
add email to please contacts,email_addcontact
here's an email address,email_addcontact
i want to and email address,email_addcontact
save new now email addresses to my contacts,email_addcontact
here's an email address,email_addcontact
email hwu@gmail dot com add to email contacts,email_addcontact
add dale@gmail dot com to my contacts,email_addcontact
i would like you to add now an email to my contacts,email_addcontact
open music very player settings,music_settings
repeat song,music_settings
olly skip song,music_settings
select shuffle all,music_settings
would you lower the shuffle rate of hips don't lie,music_settings
repeat song number ten list,music_settings
disable shuffle,music_settings
music today change,music_settings
equalize the bass of this music,music_settings
open music player settings,music_settings
can you lower the shuffle rate of hips don't lie,music_settings
please program volume settings sixteen when i'm in the fourteen for when gone to bed,music_settings
turn on spotify shuffle,music_settings
repeat the really music,music_settings
really please repeat the current song is being played,music_settings
olly shuffle playlist,music_settings
please put radio in shuffle,music_settings
repeat music,music_settings
stop repeating this song,music_settings
repeat the music,music_settings
really change song,music_settings
please go to settings of the music player and make the equalizer in the flat sound mode,music_settings
today repeat all,music_settings
shuffle song,music_settings
replay the musics today,music_settings
olly skip song,music_settings
put the current song really on repeat,music_settings
olly skip songs,music_settings
shazam this music today,music_settings
please lower the shuffle rate of very hips don't lie,music_settings
list current track just in music player,music_settings
turn on repeat,music_settings
please go to settings of the music player and make the equalizer in the flat sound mode,music_settings
please playlists jazz music,music_settings
play only particular singer songs,music_settings
on shuffle,music_settings
olly shuffle really playlist,music_settings
turn on repeat,music_settings
put the playlist on shuffle,music_settings
turn shuffle on music player on,music_settings
Please turn off shuffle setting,music_settings
please now add this song to work out playlist,music_settings
turn off shuffle,music_settings
equalize the bass really of this music,music_settings
shuffle song really,music_settings
please add this song to quite work out playlist,music_settings
would you mind turn shuffle on music player on,music_settings
please set the equalizer in the party mode,music_settings
can you turn on repeat all,music_settings
Please turn off shuffle setting,music_settings
really would you check my playlists for jazz music,music_settings
could you change song,music_settings
could you put radio in shuffle,music_settings
enable shuffle,music_settings
can you proceed to really the next available rock song,music_settings
create track twenty eight in music player just on repeat,music_settings
please add this just song to work out playlist,music_settings
please don't shuffle songs in music player just playing continuously,music_settings
repeat music,music_settings
kindly lower the shuffle rate of hips don't lie,music_settings
kindly skip to the next song very,music_settings
shuffle the current album of just songs,music_settings
equalize the bass of this music,music_settings
shuffle the songs in the music library,music_settings
open now music player settings,music_settings
would you turn on repeat all,music_settings
turn off shuffle,music_settings
please olly skip two songs,music_settings
really repeat song number ten from main list,music_settings
please program volume settings for sixteen when i'm in the room at fourteen for when i've gone to bed,music_settings
olly skip two songs,music_settings
shuffle the songs in the music library,music_settings
lower volume to half,audio_volume_down
i want just to slow down my speaker,audio_volume_down
decrease speaker really volume,audio_volume_down
start the radio now on low loudness,audio_volume_down
please decrease the of music player,audio_volume_down
your loudness is too high kindly repeat that lower,audio_volume_down
lower your volume please,audio_volume_down
quieter,audio_volume_down
please turn down the volume now,audio_volume_down
lower the speakers,audio_volume_down
turn down media sound,audio_volume_down
lower the sound today on the speakers,audio_volume_down
please change the quite sound low of the speakers,audio_volume_down
make quieter twenty now percent,audio_volume_down
lower audio,audio_volume_down
i want to speak quieter,audio_volume_down
now talk quieter please,audio_volume_down
turn down the audio,audio_volume_down
really low the volume,audio_volume_down
please reduce the sound,audio_volume_down
lower the volume kindly,audio_volume_down
lower the loudness ten percent,audio_volume_down
please turn down the volume of music player,audio_volume_down
slow down the speaker volume,audio_volume_down
today lower the speakers,audio_volume_down
slow the sound speaker,audio_volume_down
lower the volume ten percent please,audio_volume_down
down the loudness,audio_volume_down
would you lower the speaker audio,audio_volume_down
turn the volume,audio_volume_down
decrease sound to very please soft,audio_volume_down
want slow down my speaker,audio_volume_down
your now volume is too high can you repeat that lower,audio_volume_down
can you turn that down,audio_volume_down
decrease the volume to very ten,audio_volume_down
turn please down the speakers,audio_volume_down
i need to turn down the sound,audio_volume_down
quieter,audio_volume_down
turn off the bass from the audio,audio_volume_down
please lower the speaker volume,audio_volume_down
turn the loudness down,audio_volume_down
speak quieter,audio_volume_down
lower audio,audio_volume_down
can you you're too loud,audio_volume_down
turn down volume twenty please percent,audio_volume_down
kindly lower the speaker audio,audio_volume_down
lower speaker volume now,audio_volume_down
turn down volume twenty percent,audio_volume_down
i want to slow very down my speaker,audio_volume_down
turn down the speakers,audio_volume_down
cut down the today sound,audio_volume_down
turn_down speakers,audio_volume_down
now down,audio_volume_down
could you speak quieter to me,audio_volume_down
lessen the speaker loudness,audio_volume_down
turn_down now speakers,audio_volume_down
turn speaker volume down,audio_volume_down
speaker volume decrease,audio_volume_down
decrease the volume,audio_volume_down
please down,audio_volume_down
set the volume to low quite,audio_volume_down
i want to now slow down my speaker,audio_volume_down
make the loudness lower,audio_volume_down
lower your loudness could you,audio_volume_down
speak please,audio_volume_down
decrease the volume to,audio_volume_down
can you lower the volume please,audio_volume_down
please speak softer please,audio_volume_down
speak softer kindly,audio_volume_down
speak softer quite would you,audio_volume_down
can you lower volume,audio_volume_down
slow now down the speaker loudness,audio_volume_down
turn wemo on just,iot_wemo_on
please turn on just the smart socket,iot_wemo_on
turn wemo plug socket on,iot_wemo_on
could you please turn on the plug,iot_wemo_on
please turn really on the smart socket,iot_wemo_on
outlet on,iot_wemo_on
kindly turn on my smart plug socket,iot_wemo_on
could you please turn on the plug,iot_wemo_on
turn the smart plug on,iot_wemo_on
could you would you turn on the plug,iot_wemo_on
like you to turn turn on the tv,iot_wemo_on
turn on the please smart plug,iot_wemo_on
turn quite on the geyser,iot_wemo_on
turn very on the light socket,iot_wemo_on
turn on the socket quite,iot_wemo_on
turn on the wemo,iot_wemo_on
turn on now when plugged in else turn off,iot_wemo_on
turn on the wemo plug socket to plug in my dongle,iot_wemo_on
turn the smart plug on,iot_wemo_on
i need to turn on the plug in my office for my computer,iot_wemo_on
i need to on mobile charger plug,iot_wemo_on
turn my smart plug socket on,iot_wemo_on
on the plug,iot_wemo_on
turn on my son's room plug socket on off,iot_wemo_on
on the plug,iot_wemo_on
turn on the wemo plug just socket to plug in my dongle,iot_wemo_on
turn on the wemo plug socket to plug in my dongle,iot_wemo_on
activate the wemo plug socket,iot_wemo_on
can you turn on the wemo,iot_wemo_on
start the smart really plug,iot_wemo_on
turn on my wemo socket,iot_wemo_on
turn now on when plugged in else turn off,iot_wemo_on
please on the plug,iot_wemo_on
turn on the rice cooker socket,iot_wemo_on
turn my plug on,iot_wemo_on
please please switch on my wemo plug socket,iot_wemo_on
make the socket available for me,iot_wemo_on
turn on the rice cooker socket,iot_wemo_on
turn the smart plug on,iot_wemo_on
turn on the wemo plug socket to plug in my dongle,iot_wemo_on
please turn on the smart socket,iot_wemo_on
could you please turn on the just plug,iot_wemo_on
turn on living room radio please,iot_wemo_on
turn really on the tv socket when i arrive home,iot_wemo_on
turn on now the wemo plug socket to plug in my dongle,iot_wemo_on
i need today to turn on the plug in my office for my computer,iot_wemo_on
activate the wemo plug please socket,iot_wemo_on
really turn the smart plug on,iot_wemo_on
turn on living room radio,iot_wemo_on
turn on wemo plug socket to plug in my dongle,iot_wemo_on
i need to turn on the plug in my office for my computer,iot_wemo_on
wemo plug socket turn on,iot_wemo_on
turn on plug,iot_wemo_on
turn on quite kitchen light,iot_wemo_on
can you turn on the wemo plug socket,iot_wemo_on
switch on the wemo plug,iot_wemo_on
please turn on the smart socket,iot_wemo_on
turn on the please wemo plug socket,iot_wemo_on
turn on in dining room,iot_wemo_on
on mobile charger plug,iot_wemo_on
would you mind turn on wemo,iot_wemo_on
turn on when plugged in now else turn off,iot_wemo_on
turn on the light socket,iot_wemo_on
outlet on,iot_wemo_on
please on wemo socket,iot_wemo_on
turn on the geyser,iot_wemo_on
please turn on wemo socket,iot_wemo_on
switch on the wemo plug,iot_wemo_on
turn the smart plug on,iot_wemo_on
turn on plug please,iot_wemo_on
switch on the lights,iot_hue_lighton
hey turn on disco lights in my apartment and let the party begin,iot_hue_lighton
it is dark,iot_hue_lighton
it's awfully dark here,iot_hue_lighton
please turn on the lights in my house,iot_hue_lighton
turn very on hall lights,iot_hue_lighton
could you it's dark in here,iot_hue_lighton
really lights out,iot_hue_lighton
please turn on all the outdoor lights,iot_hue_lighton
turn on lights,iot_hue_lighton
please turn on my balcony lights very,iot_hue_lighton
turn very all lights on,iot_hue_lighton
lights on really,iot_hue_lighton
would you mind turn the lights on full bright,iot_hue_lighton
overhead lights on kindly,iot_hue_lighton
would you mind it's too dark here,iot_hue_lighton
turn all lights on today,iot_hue_lighton
could you very turn on the lights in my house,iot_hue_lighton
please lights out,iot_hue_lighton
turn on hall very lights,iot_hue_lighton
turn all on,iot_hue_lighton
please turn just on my balcony lights,iot_hue_lighton
please turn on the lights in my house,iot_hue_lighton
it's too dark i can't even see my hands,iot_hue_lighton
light up the lights quite in the kitchen,iot_hue_lighton
i need to it's awfully dark here,iot_hue_lighton
It's too dark in here,iot_hue_lighton
please turn on the lights in my house,iot_hue_lighton
turn really corner light on,iot_hue_lighton
turn on really the lights,iot_hue_lighton
on the lights,iot_hue_lighton
and the light began,iot_hue_lighton
switch on all the lights,iot_hue_lighton
turn all lights on,iot_hue_lighton
please on the lights in my house,iot_hue_lighton
can you turn on please all the outdoor lights,iot_hue_lighton
